 WARN cache for Repodata at /home/prestouser/.cache/rattler/cache/repodata is on a network/parallel filesystem (NFS/SMB/FUSE/BeeGFS/Lustre/GPFS/CephFS), redirected to /tmp/pixi-cache-prestouser/repodata for this run. Set [cache.repodata] in config.toml or PIXI_CACHE_DIR to override, or [cache.netfs-redirect] = "never" to keep the original path.
Found python3, version: Python 3.11.15
Apache Maven 3.9.16 (50e2c7eb1a9cd50ab041c0f7591d943eeb409f68)
Maven home: /home/prestouser/aocsa/sirius-stacks-wt/fix-files-cardinality/experimental/starrocks/.pixi/envs/fe/opt/maven
Java version: 17.0.18-internal, vendor: N/A, runtime: /home/prestouser/aocsa/sirius-stacks/experimental/starrocks/.pixi/envs/fe/lib/jvm
Default locale: en, platform encoding: UTF-8
OS name: "linux", version: "6.14.0-1013-nvidia-64k", arch: "aarch64", family: "unix"
1.13.0.git.kitware.jobserver-pipe-1
*********************************
  Starting to Run FE Unit Tests  
*********************************
Unit test parallel is: 4
Async-profiler is disabled (explicitly disabled)
Run test: com.starrocks.catalog.TableFunctionTableTest,com.starrocks.sql.optimizer.statistics.StatisticsCalculatorTest,com.starrocks.sql.plan.FilesScanStatisticsTest,!com.starrocks.sql.dump.QueryDumpRegressionTest,!com.starrocks.sql.dump.QueryDumpCaseRewriter
[INFO] Scanning for projects...
[WARNING] 
[WARNING] Some problems were encountered while building the effective model for com.starrocks:spark-dpp:jar:4.1.1
[WARNING] The expression ${version} is deprecated. Please use ${project.version} instead.
[WARNING] 
[WARNING] It is highly recommended to fix these problems because they threaten the stability of your build.
[WARNING] 
[WARNING] For this reason, future Maven versions might no longer support building such malformed projects.
[WARNING] 
[INFO] ------------------------------------------------------------------------
[INFO] Reactor Build Order:
[INFO] 
[INFO] starrocks-fe                                                       [pom]
[INFO] fe-grammar                                                         [jar]
[INFO] fe-type                                                            [jar]
[INFO] fe-parser                                                          [jar]
[INFO] fe-spi                                                             [jar]
[INFO] fe-utils                                                           [jar]
[INFO] fe-testing                                                         [jar]
[INFO] spark-dpp                                                          [jar]
[INFO] hive-udf                                                           [jar]
[INFO] fe-core                                                            [jar]
[INFO] fe-server                                                          [jar]
[INFO] 
[INFO] Using the MultiThreadedBuilder implementation with a thread count of 4
[INFO] 
[INFO] ---------------------< com.starrocks:starrocks-fe >---------------------
[INFO] Building starrocks-fe 4.1.1                                       [1/11]
[INFO]   from pom.xml
[INFO] --------------------------------[ pom ]---------------------------------
[INFO] 
[INFO] ----------------------< com.starrocks:fe-grammar >----------------------
[INFO] Building fe-grammar 4.1.1                                         [2/11]
[INFO]   from fe-grammar/pom.xml
[INFO] --------------------------------[ jar ]---------------------------------
[INFO] 
[INFO] -----------------------< com.starrocks:fe-type >------------------------
[INFO] Building fe-type 4.1.1                                            [3/11]
[INFO]   from fe-type/pom.xml
[INFO] 
[INFO] 
[INFO] --------------------------------[ jar ]---------------------------------
[INFO] ------------------------< com.starrocks:fe-spi >------------------------
[INFO] -----------------------< com.starrocks:fe-utils >-----------------------
[INFO] Building fe-spi 4.1.1                                             [4/11]
[INFO] Building fe-utils 4.1.1                                           [5/11]
[INFO]   from fe-spi/pom.xml
[INFO] --------------------------------[ jar ]---------------------------------
[INFO]   from fe-utils/pom.xml
[INFO] --------------------------------[ jar ]---------------------------------
[INFO] 
[INFO] --- antlr4:4.9.3:antlr4 (antlr) @ fe-grammar ---
[INFO] 
[INFO] --- resources:3.4.0:resources (default-resources) @ fe-spi ---
[INFO] 
[INFO] --- resources:3.4.0:resources (default-resources) @ fe-type ---
[INFO] 
[INFO] --- resources:3.4.0:resources (default-resources) @ fe-utils ---
[INFO] skip non existing resourceDirectory /home/prestouser/aocsa/sirius-stacks-wt/fix-files-cardinality/experimental/starrocks/starrocks/fe/fe-utils/src/main/resources
[INFO] skip non existing resourceDirectory /home/prestouser/aocsa/sirius-stacks-wt/fix-files-cardinality/experimental/starrocks/starrocks/fe/fe-spi/src/main/resources
[INFO] skip non existing resourceDirectory /home/prestouser/aocsa/sirius-stacks-wt/fix-files-cardinality/experimental/starrocks/starrocks/fe/fe-type/src/main/resources
[INFO] 
[INFO] 
[INFO] 
[INFO] --- compiler:3.13.0:compile (default-compile) @ fe-utils ---
[INFO] --- compiler:3.15.0:compile (default-compile) @ fe-type ---
[INFO] --- compiler:3.15.0:compile (default-compile) @ fe-spi ---
[INFO] No grammars to process
[INFO] ANTLR 4: Processing source directory /home/prestouser/aocsa/sirius-stacks-wt/fix-files-cardinality/experimental/starrocks/starrocks/fe/fe-grammar/src/main/antlr/com/starrocks/grammar
[INFO] 
[INFO] --- resources:3.4.0:resources (default-resources) @ fe-grammar ---
[INFO] skip non existing resourceDirectory /home/prestouser/aocsa/sirius-stacks-wt/fix-files-cardinality/experimental/starrocks/starrocks/fe/fe-grammar/src/main/resources
[INFO] 
[INFO] --- compiler:3.15.0:compile (default-compile) @ fe-grammar ---
[INFO] Recompiling the module because of changed source code.
[INFO] Nothing to compile - all classes are up to date.
[INFO] 
[INFO] --- resources:3.4.0:testResources (default-testResources) @ fe-utils ---
[INFO] Nothing to compile - all classes are up to date.
[INFO] 
[INFO] --- resources:3.4.0:testResources (default-testResources) @ fe-spi ---
[INFO] skip non existing resourceDirectory /home/prestouser/aocsa/sirius-stacks-wt/fix-files-cardinality/experimental/starrocks/starrocks/fe/fe-spi/src/test/resources
[INFO] 
[INFO] --- compiler:3.15.0:testCompile (default-testCompile) @ fe-spi ---
[INFO] Copying 1 resource from src/test/resources to target/test-classes
[INFO] No sources to compile
[INFO] 
[INFO] --- surefire:3.5.4:test (default-test) @ fe-spi ---
[INFO] Nothing to compile - all classes are up to date.
[INFO] 
[INFO] --- resources:3.4.0:testResources (default-testResources) @ fe-type ---
[INFO] skip non existing resourceDirectory /home/prestouser/aocsa/sirius-stacks-wt/fix-files-cardinality/experimental/starrocks/starrocks/fe/fe-type/src/test/resources
[INFO] 
[INFO] --- compiler:3.15.0:testCompile (default-testCompile) @ fe-type ---
[INFO] 
[INFO] --- compiler:3.13.0:testCompile (default-testCompile) @ fe-utils ---
[INFO] Nothing to compile - all classes are up to date.
[INFO] Nothing to compile - all classes are up to date.
[INFO] 
[INFO] --- surefire:3.5.4:test (default-test) @ fe-type ---
[INFO] 
[INFO] --- surefire:3.2.5:test (default-test) @ fe-utils ---
[INFO] No tests to run.
[INFO] 
[INFO] 
[INFO] --- jar:3.5.0:jar (default-jar) @ fe-type ---
[INFO] --- jar:3.5.0:jar (default-jar) @ fe-spi ---
[INFO] Compiling 7 source files with javac [debug target 17] to target/classes
[INFO] 
[INFO] --- jar:3.5.0:jar (default-jar) @ fe-utils ---
[INFO] 
[INFO] ----------------------< com.starrocks:fe-testing >----------------------
[INFO] Building fe-testing 4.1.1                                         [6/11]
[INFO]   from fe-testing/pom.xml
[INFO] --------------------------------[ jar ]---------------------------------
[INFO] 
[INFO] -----------------------< com.starrocks:hive-udf >-----------------------
[INFO] Building hive-udf 4.1.1                                           [7/11]
[INFO]   from plugin/hive-udf/pom.xml
[INFO] --------------------------------[ jar ]---------------------------------
[INFO] 
[INFO] --- checkstyle:3.1.1:check (validate) @ fe-testing ---
[INFO] 
[INFO] --- resources:3.4.0:resources (default-resources) @ hive-udf ---
[INFO] skip non existing resourceDirectory /home/prestouser/aocsa/sirius-stacks-wt/fix-files-cardinality/experimental/starrocks/starrocks/fe/plugin/hive-udf/src/main/resources
[INFO] 
[INFO] --- compiler:3.13.0:compile (default-compile) @ hive-udf ---
[INFO] Nothing to compile - all classes are up to date.
[INFO] 
[INFO] --- resources:3.4.0:testResources (default-testResources) @ hive-udf ---
[INFO] skip non existing resourceDirectory /home/prestouser/aocsa/sirius-stacks-wt/fix-files-cardinality/experimental/starrocks/starrocks/fe/plugin/hive-udf/src/test/resources
[INFO] 
[INFO] --- compiler:3.13.0:testCompile (default-testCompile) @ hive-udf ---
[INFO] No sources to compile
[INFO] 
[INFO] --- surefire:3.2.5:test (default-test) @ hive-udf ---
[INFO] No tests to run.
[INFO] 
[INFO] --- jar:3.5.0:jar (default-jar) @ hive-udf ---
[INFO] 
[INFO] --- shade:3.5.2:shade (default) @ hive-udf ---
[INFO] Including com.starrocks:fe-utils:jar:4.1.1 in the shaded jar.
[INFO] Including com.google.guava:guava:jar:32.0.1-jre in the shaded jar.
[INFO] Including com.google.guava:failureaccess:jar:1.0.1 in the shaded jar.
[INFO] Including com.google.guava:listenablefuture:jar:9999.0-empty-to-avoid-conflict-with-guava in the shaded jar.
[INFO] Including com.google.code.findbugs:jsr305:jar:3.0.2 in the shaded jar.
[INFO] Including org.checkerframework:checker-qual:jar:3.33.0 in the shaded jar.
[INFO] Including com.google.errorprone:error_prone_annotations:jar:2.18.0 in the shaded jar.
[INFO] Including com.google.j2objc:j2objc-annotations:jar:2.8 in the shaded jar.
[INFO] Including org.roaringbitmap:RoaringBitmap:jar:0.8.13 in the shaded jar.
[INFO] Including org.roaringbitmap:shims:jar:0.8.13 in the shaded jar.
[INFO] No artifact matching filter org.apache.logging.log4j:*
[INFO] Minimizing jar com.starrocks:hive-udf:jar:4.1.1
[INFO] Starting audit...
Audit done.
[INFO] You have 0 Checkstyle violations.
[INFO] 
[INFO] --- resources:3.4.0:resources (default-resources) @ fe-testing ---
[INFO] skip non existing resourceDirectory /home/prestouser/aocsa/sirius-stacks-wt/fix-files-cardinality/experimental/starrocks/starrocks/fe/fe-testing/src/main/resources
[INFO] 
[INFO] --- compiler:3.13.0:compile (default-compile) @ fe-testing ---
[INFO] Nothing to compile - all classes are up to date.
[INFO] 
[INFO] --- resources:3.4.0:testResources (default-testResources) @ fe-testing ---
[INFO] skip non existing resourceDirectory /home/prestouser/aocsa/sirius-stacks-wt/fix-files-cardinality/experimental/starrocks/starrocks/fe/fe-testing/src/test/resources
[INFO] 
[INFO] --- compiler:3.13.0:testCompile (default-testCompile) @ fe-testing ---
[INFO] No sources to compile
[INFO] 
[INFO] --- surefire:3.2.5:test (default-test) @ fe-testing ---
[INFO] No tests to run.
[INFO] 
[INFO] --- jar:3.5.0:jar (default-jar) @ fe-testing ---
[INFO] 
[INFO] ----------------------< com.starrocks:spark-dpp >-----------------------
[INFO] Building spark-dpp 4.1.1                                          [8/11]
[INFO]   from plugin/spark-dpp/pom.xml
[INFO] --------------------------------[ jar ]---------------------------------
[INFO] Dependency-reduced POM written at: /home/prestouser/aocsa/sirius-stacks-wt/fix-files-cardinality/experimental/starrocks/starrocks/fe/plugin/hive-udf/dependency-reduced-pom.xml
[INFO] 
[INFO] --- checkstyle:3.1.1:check (validate) @ spark-dpp ---
[INFO] Starting audit...
Audit done.
[INFO] You have 0 Checkstyle violations.
[INFO] 
[INFO] --- clean:3.1.0:clean (auto-clean) @ spark-dpp ---
[WARNING] fe-utils-4.1.1.jar, hive-udf-4.1.1.jar define 9 overlapping classes and resources: 
[WARNING]   - META-INF/maven/com.starrocks/fe-utils/pom.properties
[WARNING]   - META-INF/maven/com.starrocks/fe-utils/pom.xml
[WARNING]   - com.starrocks.types.BitmapValue
[WARNING]   - com.starrocks.types.Codec
[WARNING]   - com.starrocks.types.Roaring64Map
[WARNING]   - com.starrocks.types.Roaring64Map$1
[WARNING]   - com.starrocks.types.Roaring64Map$2
[WARNING]   - com.starrocks.types.Roaring64Map$3
[WARNING]   - com.starrocks.types.Roaring64Map$4
[WARNING] failureaccess-1.0.1.jar, hive-udf-4.1.1.jar define 2 overlapping resources: 
[WARNING]   - META-INF/maven/com.google.guava/failureaccess/pom.properties
[WARNING]   - META-INF/maven/com.google.guava/failureaccess/pom.xml
[WARNING] checker-qual-3.33.0.jar, hive-udf-4.1.1.jar define 8 overlapping class and resource: 
[WARNING]   - META-INF/LICENSE.txt
[WARNING]   - org.checkerframework.checker.nullness.qual.Nullable
[WARNING]   - org.checkerframework.framework.qual.DefaultFor
[WARNING]   - org.checkerframework.framework.qual.LiteralKind
[WARNING]   - org.checkerframework.framework.qual.QualifierForLiterals
[WARNING]   - org.checkerframework.framework.qual.SubtypeOf
[WARNING]   - org.checkerframework.framework.qual.TypeKind
[WARNING]   - org.checkerframework.framework.qual.TypeUseLocation
[WARNING] hive-udf-4.1.1.jar, j2objc-annotations-2.8.jar define 2 overlapping resources: 
[WARNING]   - META-INF/maven/com.google.j2objc/j2objc-annotations/pom.properties
[WARNING]   - META-INF/maven/com.google.j2objc/j2objc-annotations/pom.xml
[WARNING] RoaringBitmap-0.8.13.jar, checker-qual-3.33.0.jar, error_prone_annotations-2.18.0.jar, failureaccess-1.0.1.jar, fe-utils-4.1.1.jar, guava-32.0.1-jre.jar, hive-udf-4.1.1.jar, j2objc-annotations-2.8.jar, jsr305-3.0.2.jar, listenablefuture-9999.0-empty-to-avoid-conflict-with-guava.jar, shims-0.8.13.jar define 1 overlapping resource: 
[WARNING]   - META-INF/MANIFEST.MF
[WARNING] hive-udf-4.1.1.jar, jsr305-3.0.2.jar define 10 overlapping classes and resources: 
[WARNING]   - META-INF/maven/com.google.code.findbugs/jsr305/pom.properties
[WARNING]   - META-INF/maven/com.google.code.findbugs/jsr305/pom.xml
[WARNING]   - javax.annotation.CheckForNull
[WARNING]   - javax.annotation.Nonnull
[WARNING]   - javax.annotation.Nonnull$Checker
[WARNING]   - javax.annotation.meta.TypeQualifier
[WARNING]   - javax.annotation.meta.TypeQualifierDefault
[WARNING]   - javax.annotation.meta.TypeQualifierNickname
[WARNING]   - javax.annotation.meta.TypeQualifierValidator
[WARNING]   - javax.annotation.meta.When
[WARNING] error_prone_annotations-2.18.0.jar, hive-udf-4.1.1.jar define 2 overlapping resources: 
[WARNING]   - META-INF/maven/com.google.errorprone/error_prone_annotations/pom.properties
[WARNING]   - META-INF/maven/com.google.errorprone/error_prone_annotations/pom.xml
[WARNING] hive-udf-4.1.1.jar, shims-0.8.13.jar define 1 overlapping classes: 
[WARNING]   - META-INF.versions.11.org.roaringbitmap.ArraysShim
[WARNING] guava-32.0.1-jre.jar, hive-udf-4.1.1.jar define 30 overlapping classes and resources: 
[WARNING]   - META-INF/LICENSE
[WARNING]   - META-INF/maven/com.google.guava/guava/pom.properties
[WARNING]   - META-INF/maven/com.google.guava/guava/pom.xml
[WARNING]   - META-INF/proguard/base.pro
[WARNING]   - META-INF/proguard/cache.pro
[WARNING]   - META-INF/proguard/collect.pro
[WARNING]   - META-INF/proguard/concurrent.pro
[WARNING]   - META-INF/proguard/hash.pro
[WARNING]   - META-INF/proguard/io.pro
[WARNING]   - META-INF/proguard/primitives.pro
[WARNING]   - 20 more...
[WARNING] hive-udf-4.1.1.jar, listenablefuture-9999.0-empty-to-avoid-conflict-with-guava.jar define 2 overlapping resources: 
[WARNING]   - META-INF/maven/com.google.guava/listenablefuture/pom.properties
[WARNING]   - META-INF/maven/com.google.guava/listenablefuture/pom.xml
[WARNING] maven-shade-plugin has detected that some files are
[WARNING] present in two or more JARs. When this happens, only one
[WARNING] single version of the file is copied to the uber jar.
[WARNING] Usually this is not harmful and you can skip these warnings,
[WARNING] otherwise try to manually exclude artifacts based on
[WARNING] mvn dependency:tree -Ddetail=true and the above output.
[WARNING] See https://maven.apache.org/plugins/maven-shade-plugin/
[INFO] Minimized 2806 -> 367 (13%)
[INFO] Replacing original artifact with shaded artifact.
[INFO] Replacing /home/prestouser/aocsa/sirius-stacks-wt/fix-files-cardinality/experimental/starrocks/starrocks/fe/plugin/hive-udf/target/hive-udf-4.1.1.jar with /home/prestouser/aocsa/sirius-stacks-wt/fix-files-cardinality/experimental/starrocks/starrocks/fe/plugin/hive-udf/target/hive-udf-4.1.1-shaded.jar
[INFO] Deleting /home/prestouser/aocsa/sirius-stacks-wt/fix-files-cardinality/experimental/starrocks/starrocks/fe/plugin/spark-dpp/target
[INFO] 
[INFO] --- resources:3.4.0:resources (default-resources) @ spark-dpp ---
[INFO] skip non existing resourceDirectory /home/prestouser/aocsa/sirius-stacks-wt/fix-files-cardinality/experimental/starrocks/starrocks/fe/plugin/spark-dpp/src/main/resources
[INFO] 
[INFO] --- compiler:3.13.0:compile (default-compile) @ spark-dpp ---
[INFO] Recompiling the module because of changed source code.
[INFO] Compiling 20 source files with javac [debug release 8] to target/classes
[INFO] 
[INFO] --- resources:3.4.0:testResources (default-testResources) @ fe-grammar ---
[INFO] skip non existing resourceDirectory /home/prestouser/aocsa/sirius-stacks-wt/fix-files-cardinality/experimental/starrocks/starrocks/fe/fe-grammar/src/test/resources
[INFO] 
[INFO] --- compiler:3.15.0:testCompile (default-testCompile) @ fe-grammar ---
[INFO] No sources to compile
[INFO] 
[INFO] --- surefire:3.5.4:test (default-test) @ fe-grammar ---
[INFO] No tests to run.
[INFO] 
[INFO] --- jar:3.5.0:jar (default-jar) @ fe-grammar ---
[INFO] Building jar: /home/prestouser/aocsa/sirius-stacks-wt/fix-files-cardinality/experimental/starrocks/starrocks/fe/fe-grammar/target/fe-grammar-4.1.1.jar
[INFO] 
[INFO] ----------------------< com.starrocks:fe-parser >-----------------------
[INFO] Building fe-parser 4.1.1                                          [9/11]
[INFO]   from fe-parser/pom.xml
[INFO] --------------------------------[ jar ]---------------------------------
[INFO] 
[INFO] --- checkstyle:3.1.1:check (validate) @ fe-parser ---
[INFO] Starting audit...
Audit done.
[INFO] You have 0 Checkstyle violations.
[INFO] 
[INFO] --- resources:3.4.0:resources (default-resources) @ fe-parser ---
[INFO] skip non existing resourceDirectory /home/prestouser/aocsa/sirius-stacks-wt/fix-files-cardinality/experimental/starrocks/starrocks/fe/fe-parser/src/main/resources
[INFO] 
[INFO] --- compiler:3.15.0:compile (default-compile) @ fe-parser ---
[INFO] /home/prestouser/aocsa/sirius-stacks-wt/fix-files-cardinality/experimental/starrocks/starrocks/fe/plugin/spark-dpp/src/main/java/com/starrocks/load/loadv2/dpp/SparkDpp.java: /home/prestouser/aocsa/sirius-stacks-wt/fix-files-cardinality/experimental/starrocks/starrocks/fe/plugin/spark-dpp/src/main/java/com/starrocks/load/loadv2/dpp/SparkDpp.java uses or overrides a deprecated API.
[INFO] /home/prestouser/aocsa/sirius-stacks-wt/fix-files-cardinality/experimental/starrocks/starrocks/fe/plugin/spark-dpp/src/main/java/com/starrocks/load/loadv2/dpp/SparkDpp.java: Recompile with -Xlint:deprecation for details.
[INFO] /home/prestouser/aocsa/sirius-stacks-wt/fix-files-cardinality/experimental/starrocks/starrocks/fe/plugin/spark-dpp/src/main/java/com/starrocks/load/loadv2/dpp/GlobalDictBuilder.java: Some input files use unchecked or unsafe operations.
[INFO] /home/prestouser/aocsa/sirius-stacks-wt/fix-files-cardinality/experimental/starrocks/starrocks/fe/plugin/spark-dpp/src/main/java/com/starrocks/load/loadv2/dpp/GlobalDictBuilder.java: Recompile with -Xlint:unchecked for details.
[INFO] 
[INFO] --- resources:3.4.0:testResources (default-testResources) @ spark-dpp ---
[INFO] Copying 1 resource from src/test/resources to target/test-classes
[INFO] 
[INFO] --- compiler:3.13.0:testCompile (default-testCompile) @ spark-dpp ---
[INFO] Recompiling the module because of changed dependency.
[INFO] Compiling 9 source files with javac [debug release 8] to target/test-classes
[INFO] Recompiling the module because of changed dependency.
[INFO] Compiling 406 source files with javac [debug target 17] to target/classes
[INFO] 
[INFO] --- surefire:3.2.5:test (default-test) @ spark-dpp ---
[INFO] 
[INFO] --- jar:3.5.0:jar (default-jar) @ spark-dpp ---
[INFO] Building jar: /home/prestouser/aocsa/sirius-stacks-wt/fix-files-cardinality/experimental/starrocks/starrocks/fe/plugin/spark-dpp/target/spark-dpp-4.1.1.jar
[INFO] 
[INFO] --- dependency:3.1.1:copy-dependencies (copy-dependencies) @ spark-dpp ---
[INFO] Copying fe-testing-4.1.1.jar to /home/prestouser/aocsa/sirius-stacks-wt/fix-files-cardinality/experimental/starrocks/starrocks/fe/plugin/spark-dpp/target/lib/fe-testing-4.1.1.jar
[INFO] Copying fe-utils-4.1.1.jar to /home/prestouser/aocsa/sirius-stacks-wt/fix-files-cardinality/experimental/starrocks/starrocks/fe/plugin/spark-dpp/target/lib/fe-utils-4.1.1.jar
[INFO] Copying commons-codec-1.13.jar to /home/prestouser/aocsa/sirius-stacks-wt/fix-files-cardinality/experimental/starrocks/starrocks/fe/plugin/spark-dpp/target/lib/commons-codec-1.13.jar
[INFO] Copying commons-lang3-3.9.jar to /home/prestouser/aocsa/sirius-stacks-wt/fix-files-cardinality/experimental/starrocks/starrocks/fe/plugin/spark-dpp/target/lib/commons-lang3-3.9.jar
[INFO] Copying netty-handler-4.1.133.Final.jar to /home/prestouser/aocsa/sirius-stacks-wt/fix-files-cardinality/experimental/starrocks/starrocks/fe/plugin/spark-dpp/target/lib/netty-handler-4.1.133.Final.jar
[INFO] Copying netty-common-4.1.133.Final.jar to /home/prestouser/aocsa/sirius-stacks-wt/fix-files-cardinality/experimental/starrocks/starrocks/fe/plugin/spark-dpp/target/lib/netty-common-4.1.133.Final.jar
[INFO] Copying netty-resolver-4.1.133.Final.jar to /home/prestouser/aocsa/sirius-stacks-wt/fix-files-cardinality/experimental/starrocks/starrocks/fe/plugin/spark-dpp/target/lib/netty-resolver-4.1.133.Final.jar
[INFO] Copying netty-buffer-4.1.133.Final.jar to /home/prestouser/aocsa/sirius-stacks-wt/fix-files-cardinality/experimental/starrocks/starrocks/fe/plugin/spark-dpp/target/lib/netty-buffer-4.1.133.Final.jar
[INFO] Copying netty-transport-4.1.133.Final.jar to /home/prestouser/aocsa/sirius-stacks-wt/fix-files-cardinality/experimental/starrocks/starrocks/fe/plugin/spark-dpp/target/lib/netty-transport-4.1.133.Final.jar
[INFO] Copying netty-transport-native-unix-common-4.1.133.Final.jar to /home/prestouser/aocsa/sirius-stacks-wt/fix-files-cardinality/experimental/starrocks/starrocks/fe/plugin/spark-dpp/target/lib/netty-transport-native-unix-common-4.1.133.Final.jar
[INFO] Copying netty-codec-4.1.133.Final.jar to /home/prestouser/aocsa/sirius-stacks-wt/fix-files-cardinality/experimental/starrocks/starrocks/fe/plugin/spark-dpp/target/lib/netty-codec-4.1.133.Final.jar
[INFO] Copying gson-2.8.9.jar to /home/prestouser/aocsa/sirius-stacks-wt/fix-files-cardinality/experimental/starrocks/starrocks/fe/plugin/spark-dpp/target/lib/gson-2.8.9.jar
[INFO] Copying jmockit-1.49.4.jar to /home/prestouser/aocsa/sirius-stacks-wt/fix-files-cardinality/experimental/starrocks/starrocks/fe/plugin/spark-dpp/target/lib/jmockit-1.49.4.jar
[INFO] Copying spotbugs-annotations-4.7.3.jar to /home/prestouser/aocsa/sirius-stacks-wt/fix-files-cardinality/experimental/starrocks/starrocks/fe/plugin/spark-dpp/target/lib/spotbugs-annotations-4.7.3.jar
[INFO] Copying objenesis-3.3.jar to /home/prestouser/aocsa/sirius-stacks-wt/fix-files-cardinality/experimental/starrocks/starrocks/fe/plugin/spark-dpp/target/lib/objenesis-3.3.jar
[INFO] Copying junit-jupiter-5.8.2.jar to /home/prestouser/aocsa/sirius-stacks-wt/fix-files-cardinality/experimental/starrocks/starrocks/fe/plugin/spark-dpp/target/lib/junit-jupiter-5.8.2.jar
[INFO] Copying junit-jupiter-api-5.8.2.jar to /home/prestouser/aocsa/sirius-stacks-wt/fix-files-cardinality/experimental/starrocks/starrocks/fe/plugin/spark-dpp/target/lib/junit-jupiter-api-5.8.2.jar
[INFO] Copying opentest4j-1.2.0.jar to /home/prestouser/aocsa/sirius-stacks-wt/fix-files-cardinality/experimental/starrocks/starrocks/fe/plugin/spark-dpp/target/lib/opentest4j-1.2.0.jar
[INFO] Copying junit-platform-commons-1.8.2.jar to /home/prestouser/aocsa/sirius-stacks-wt/fix-files-cardinality/experimental/starrocks/starrocks/fe/plugin/spark-dpp/target/lib/junit-platform-commons-1.8.2.jar
[INFO] Copying apiguardian-api-1.1.2.jar to /home/prestouser/aocsa/sirius-stacks-wt/fix-files-cardinality/experimental/starrocks/starrocks/fe/plugin/spark-dpp/target/lib/apiguardian-api-1.1.2.jar
[INFO] Copying junit-jupiter-params-5.8.2.jar to /home/prestouser/aocsa/sirius-stacks-wt/fix-files-cardinality/experimental/starrocks/starrocks/fe/plugin/spark-dpp/target/lib/junit-jupiter-params-5.8.2.jar
[INFO] Copying junit-jupiter-engine-5.8.2.jar to /home/prestouser/aocsa/sirius-stacks-wt/fix-files-cardinality/experimental/starrocks/starrocks/fe/plugin/spark-dpp/target/lib/junit-jupiter-engine-5.8.2.jar
[INFO] Copying junit-platform-engine-1.8.2.jar to /home/prestouser/aocsa/sirius-stacks-wt/fix-files-cardinality/experimental/starrocks/starrocks/fe/plugin/spark-dpp/target/lib/junit-platform-engine-1.8.2.jar
[INFO] Copying RoaringBitmap-0.8.13.jar to /home/prestouser/aocsa/sirius-stacks-wt/fix-files-cardinality/experimental/starrocks/starrocks/fe/plugin/spark-dpp/target/lib/RoaringBitmap-0.8.13.jar
[INFO] Copying shims-0.8.13.jar to /home/prestouser/aocsa/sirius-stacks-wt/fix-files-cardinality/experimental/starrocks/starrocks/fe/plugin/spark-dpp/target/lib/shims-0.8.13.jar
[INFO] Copying lz4-java-1.10.1.jar to /home/prestouser/aocsa/sirius-stacks-wt/fix-files-cardinality/experimental/starrocks/starrocks/fe/plugin/spark-dpp/target/lib/lz4-java-1.10.1.jar
[INFO] Copying spark-core_2.12-3.5.7.jar to /home/prestouser/aocsa/sirius-stacks-wt/fix-files-cardinality/experimental/starrocks/starrocks/fe/plugin/spark-dpp/target/lib/spark-core_2.12-3.5.7.jar
[INFO] Copying avro-1.12.0.jar to /home/prestouser/aocsa/sirius-stacks-wt/fix-files-cardinality/experimental/starrocks/starrocks/fe/plugin/spark-dpp/target/lib/avro-1.12.0.jar
[INFO] Copying jackson-core-2.21.1.jar to /home/prestouser/aocsa/sirius-stacks-wt/fix-files-cardinality/experimental/starrocks/starrocks/fe/plugin/spark-dpp/target/lib/jackson-core-2.21.1.jar
[INFO] Copying avro-mapred-1.11.4.jar to /home/prestouser/aocsa/sirius-stacks-wt/fix-files-cardinality/experimental/starrocks/starrocks/fe/plugin/spark-dpp/target/lib/avro-mapred-1.11.4.jar
[INFO] Copying avro-ipc-1.11.4.jar to /home/prestouser/aocsa/sirius-stacks-wt/fix-files-cardinality/experimental/starrocks/starrocks/fe/plugin/spark-dpp/target/lib/avro-ipc-1.11.4.jar
[INFO] Copying xz-1.9.jar to /home/prestouser/aocsa/sirius-stacks-wt/fix-files-cardinality/experimental/starrocks/starrocks/fe/plugin/spark-dpp/target/lib/xz-1.9.jar
[INFO] Copying chill_2.12-0.10.0.jar to /home/prestouser/aocsa/sirius-stacks-wt/fix-files-cardinality/experimental/starrocks/starrocks/fe/plugin/spark-dpp/target/lib/chill_2.12-0.10.0.jar
[INFO] Copying chill-java-0.10.0.jar to /home/prestouser/aocsa/sirius-stacks-wt/fix-files-cardinality/experimental/starrocks/starrocks/fe/plugin/spark-dpp/target/lib/chill-java-0.10.0.jar
[INFO] Copying xbean-asm9-shaded-4.23.jar to /home/prestouser/aocsa/sirius-stacks-wt/fix-files-cardinality/experimental/starrocks/starrocks/fe/plugin/spark-dpp/target/lib/xbean-asm9-shaded-4.23.jar
[INFO] Copying spark-launcher_2.12-3.5.7.jar to /home/prestouser/aocsa/sirius-stacks-wt/fix-files-cardinality/experimental/starrocks/starrocks/fe/plugin/spark-dpp/target/lib/spark-launcher_2.12-3.5.7.jar
[INFO] Copying spark-kvstore_2.12-3.5.7.jar to /home/prestouser/aocsa/sirius-stacks-wt/fix-files-cardinality/experimental/starrocks/starrocks/fe/plugin/spark-dpp/target/lib/spark-kvstore_2.12-3.5.7.jar
[INFO] Copying leveldbjni-all-1.8.jar to /home/prestouser/aocsa/sirius-stacks-wt/fix-files-cardinality/experimental/starrocks/starrocks/fe/plugin/spark-dpp/target/lib/leveldbjni-all-1.8.jar
[INFO] Copying jackson-annotations-2.21.jar to /home/prestouser/aocsa/sirius-stacks-wt/fix-files-cardinality/experimental/starrocks/starrocks/fe/plugin/spark-dpp/target/lib/jackson-annotations-2.21.jar
[INFO] Copying spark-network-common_2.12-3.5.7.jar to /home/prestouser/aocsa/sirius-stacks-wt/fix-files-cardinality/experimental/starrocks/starrocks/fe/plugin/spark-dpp/target/lib/spark-network-common_2.12-3.5.7.jar
[INFO] Copying tink-1.9.0.jar to /home/prestouser/aocsa/sirius-stacks-wt/fix-files-cardinality/experimental/starrocks/starrocks/fe/plugin/spark-dpp/target/lib/tink-1.9.0.jar
[INFO] Copying joda-time-2.12.5.jar to /home/prestouser/aocsa/sirius-stacks-wt/fix-files-cardinality/experimental/starrocks/starrocks/fe/plugin/spark-dpp/target/lib/joda-time-2.12.5.jar
[INFO] Copying spark-network-shuffle_2.12-3.5.7.jar to /home/prestouser/aocsa/sirius-stacks-wt/fix-files-cardinality/experimental/starrocks/starrocks/fe/plugin/spark-dpp/target/lib/spark-network-shuffle_2.12-3.5.7.jar
[INFO] Copying spark-unsafe_2.12-3.5.7.jar to /home/prestouser/aocsa/sirius-stacks-wt/fix-files-cardinality/experimental/starrocks/starrocks/fe/plugin/spark-dpp/target/lib/spark-unsafe_2.12-3.5.7.jar
[INFO] Copying spark-common-utils_2.12-3.5.7.jar to /home/prestouser/aocsa/sirius-stacks-wt/fix-files-cardinality/experimental/starrocks/starrocks/fe/plugin/spark-dpp/target/lib/spark-common-utils_2.12-3.5.7.jar
[INFO] Copying jul-to-slf4j-1.7.30.jar to /home/prestouser/aocsa/sirius-stacks-wt/fix-files-cardinality/experimental/starrocks/starrocks/fe/plugin/spark-dpp/target/lib/jul-to-slf4j-1.7.30.jar
[INFO] Copying jcl-over-slf4j-2.0.7.jar to /home/prestouser/aocsa/sirius-stacks-wt/fix-files-cardinality/experimental/starrocks/starrocks/fe/plugin/spark-dpp/target/lib/jcl-over-slf4j-2.0.7.jar
[INFO] Copying log4j-1.2-api-2.19.0.jar to /home/prestouser/aocsa/sirius-stacks-wt/fix-files-cardinality/experimental/starrocks/starrocks/fe/plugin/spark-dpp/target/lib/log4j-1.2-api-2.19.0.jar
[INFO] Copying activation-1.1.1.jar to /home/prestouser/aocsa/sirius-stacks-wt/fix-files-cardinality/experimental/starrocks/starrocks/fe/plugin/spark-dpp/target/lib/activation-1.1.1.jar
[INFO] Copying curator-recipes-2.13.0.jar to /home/prestouser/aocsa/sirius-stacks-wt/fix-files-cardinality/experimental/starrocks/starrocks/fe/plugin/spark-dpp/target/lib/curator-recipes-2.13.0.jar
[INFO] Copying curator-framework-2.13.0.jar to /home/prestouser/aocsa/sirius-stacks-wt/fix-files-cardinality/experimental/starrocks/starrocks/fe/plugin/spark-dpp/target/lib/curator-framework-2.13.0.jar
[INFO] Copying jakarta.servlet-api-4.0.3.jar to /home/prestouser/aocsa/sirius-stacks-wt/fix-files-cardinality/experimental/starrocks/starrocks/fe/plugin/spark-dpp/target/lib/jakarta.servlet-api-4.0.3.jar
[INFO] Copying commons-math3-3.6.1.jar to /home/prestouser/aocsa/sirius-stacks-wt/fix-files-cardinality/experimental/starrocks/starrocks/fe/plugin/spark-dpp/target/lib/commons-math3-3.6.1.jar
[INFO] Copying commons-text-1.10.0.jar to /home/prestouser/aocsa/sirius-stacks-wt/fix-files-cardinality/experimental/starrocks/starrocks/fe/plugin/spark-dpp/target/lib/commons-text-1.10.0.jar
[INFO] Copying commons-io-2.16.1.jar to /home/prestouser/aocsa/sirius-stacks-wt/fix-files-cardinality/experimental/starrocks/starrocks/fe/plugin/spark-dpp/target/lib/commons-io-2.16.1.jar
[INFO] Copying commons-collections4-4.4.jar to /home/prestouser/aocsa/sirius-stacks-wt/fix-files-cardinality/experimental/starrocks/starrocks/fe/plugin/spark-dpp/target/lib/commons-collections4-4.4.jar
[INFO] Copying jsr305-3.0.0.jar to /home/prestouser/aocsa/sirius-stacks-wt/fix-files-cardinality/experimental/starrocks/starrocks/fe/plugin/spark-dpp/target/lib/jsr305-3.0.0.jar
[INFO] Copying compress-lzf-1.1.2.jar to /home/prestouser/aocsa/sirius-stacks-wt/fix-files-cardinality/experimental/starrocks/starrocks/fe/plugin/spark-dpp/target/lib/compress-lzf-1.1.2.jar
[INFO] Copying snappy-java-1.1.10.5.jar to /home/prestouser/aocsa/sirius-stacks-wt/fix-files-cardinality/experimental/starrocks/starrocks/fe/plugin/spark-dpp/target/lib/snappy-java-1.1.10.5.jar
[INFO] Copying zstd-jni-1.5.5-4.jar to /home/prestouser/aocsa/sirius-stacks-wt/fix-files-cardinality/experimental/starrocks/starrocks/fe/plugin/spark-dpp/target/lib/zstd-jni-1.5.5-4.jar
[INFO] Copying scala-xml_2.12-2.1.0.jar to /home/prestouser/aocsa/sirius-stacks-wt/fix-files-cardinality/experimental/starrocks/starrocks/fe/plugin/spark-dpp/target/lib/scala-xml_2.12-2.1.0.jar
[INFO] Copying scala-collection-compat_2.12-2.7.0.jar to /home/prestouser/aocsa/sirius-stacks-wt/fix-files-cardinality/experimental/starrocks/starrocks/fe/plugin/spark-dpp/target/lib/scala-collection-compat_2.12-2.7.0.jar
[INFO] Copying scala-reflect-2.12.18.jar to /home/prestouser/aocsa/sirius-stacks-wt/fix-files-cardinality/experimental/starrocks/starrocks/fe/plugin/spark-dpp/target/lib/scala-reflect-2.12.18.jar
[INFO] Copying json4s-jackson_2.12-3.7.0-M11.jar to /home/prestouser/aocsa/sirius-stacks-wt/fix-files-cardinality/experimental/starrocks/starrocks/fe/plugin/spark-dpp/target/lib/json4s-jackson_2.12-3.7.0-M11.jar
[INFO] Copying json4s-core_2.12-3.7.0-M11.jar to /home/prestouser/aocsa/sirius-stacks-wt/fix-files-cardinality/experimental/starrocks/starrocks/fe/plugin/spark-dpp/target/lib/json4s-core_2.12-3.7.0-M11.jar
[INFO] Copying json4s-ast_2.12-3.7.0-M11.jar to /home/prestouser/aocsa/sirius-stacks-wt/fix-files-cardinality/experimental/starrocks/starrocks/fe/plugin/spark-dpp/target/lib/json4s-ast_2.12-3.7.0-M11.jar
[INFO] Copying json4s-scalap_2.12-3.7.0-M11.jar to /home/prestouser/aocsa/sirius-stacks-wt/fix-files-cardinality/experimental/starrocks/starrocks/fe/plugin/spark-dpp/target/lib/json4s-scalap_2.12-3.7.0-M11.jar
[INFO] Copying jersey-client-2.40.jar to /home/prestouser/aocsa/sirius-stacks-wt/fix-files-cardinality/experimental/starrocks/starrocks/fe/plugin/spark-dpp/target/lib/jersey-client-2.40.jar
[INFO] Copying jakarta.ws.rs-api-2.1.6.jar to /home/prestouser/aocsa/sirius-stacks-wt/fix-files-cardinality/experimental/starrocks/starrocks/fe/plugin/spark-dpp/target/lib/jakarta.ws.rs-api-2.1.6.jar
[INFO] Copying jakarta.inject-2.6.1.jar to /home/prestouser/aocsa/sirius-stacks-wt/fix-files-cardinality/experimental/starrocks/starrocks/fe/plugin/spark-dpp/target/lib/jakarta.inject-2.6.1.jar
[INFO] Copying jersey-common-2.40.jar to /home/prestouser/aocsa/sirius-stacks-wt/fix-files-cardinality/experimental/starrocks/starrocks/fe/plugin/spark-dpp/target/lib/jersey-common-2.40.jar
[INFO] Copying jakarta.annotation-api-1.3.5.jar to /home/prestouser/aocsa/sirius-stacks-wt/fix-files-cardinality/experimental/starrocks/starrocks/fe/plugin/spark-dpp/target/lib/jakarta.annotation-api-1.3.5.jar
[INFO] Copying osgi-resource-locator-1.0.3.jar to /home/prestouser/aocsa/sirius-stacks-wt/fix-files-cardinality/experimental/starrocks/starrocks/fe/plugin/spark-dpp/target/lib/osgi-resource-locator-1.0.3.jar
[INFO] Copying jersey-server-2.40.jar to /home/prestouser/aocsa/sirius-stacks-wt/fix-files-cardinality/experimental/starrocks/starrocks/fe/plugin/spark-dpp/target/lib/jersey-server-2.40.jar
[INFO] Copying jakarta.validation-api-2.0.2.jar to /home/prestouser/aocsa/sirius-stacks-wt/fix-files-cardinality/experimental/starrocks/starrocks/fe/plugin/spark-dpp/target/lib/jakarta.validation-api-2.0.2.jar
[INFO] Copying jersey-container-servlet-2.40.jar to /home/prestouser/aocsa/sirius-stacks-wt/fix-files-cardinality/experimental/starrocks/starrocks/fe/plugin/spark-dpp/target/lib/jersey-container-servlet-2.40.jar
[INFO] Copying jersey-container-servlet-core-2.40.jar to /home/prestouser/aocsa/sirius-stacks-wt/fix-files-cardinality/experimental/starrocks/starrocks/fe/plugin/spark-dpp/target/lib/jersey-container-servlet-core-2.40.jar
[INFO] Copying jersey-hk2-2.40.jar to /home/prestouser/aocsa/sirius-stacks-wt/fix-files-cardinality/experimental/starrocks/starrocks/fe/plugin/spark-dpp/target/lib/jersey-hk2-2.40.jar
[INFO] Copying hk2-locator-2.6.1.jar to /home/prestouser/aocsa/sirius-stacks-wt/fix-files-cardinality/experimental/starrocks/starrocks/fe/plugin/spark-dpp/target/lib/hk2-locator-2.6.1.jar
[INFO] Copying aopalliance-repackaged-2.6.1.jar to /home/prestouser/aocsa/sirius-stacks-wt/fix-files-cardinality/experimental/starrocks/starrocks/fe/plugin/spark-dpp/target/lib/aopalliance-repackaged-2.6.1.jar
[INFO] Copying hk2-api-2.6.1.jar to /home/prestouser/aocsa/sirius-stacks-wt/fix-files-cardinality/experimental/starrocks/starrocks/fe/plugin/spark-dpp/target/lib/hk2-api-2.6.1.jar
[INFO] Copying hk2-utils-2.6.1.jar to /home/prestouser/aocsa/sirius-stacks-wt/fix-files-cardinality/experimental/starrocks/starrocks/fe/plugin/spark-dpp/target/lib/hk2-utils-2.6.1.jar
[INFO] Copying javassist-3.29.2-GA.jar to /home/prestouser/aocsa/sirius-stacks-wt/fix-files-cardinality/experimental/starrocks/starrocks/fe/plugin/spark-dpp/target/lib/javassist-3.29.2-GA.jar
[INFO] Copying netty-all-4.1.133.Final.jar to /home/prestouser/aocsa/sirius-stacks-wt/fix-files-cardinality/experimental/starrocks/starrocks/fe/plugin/spark-dpp/target/lib/netty-all-4.1.133.Final.jar
[INFO] Copying netty-codec-http-4.1.133.Final.jar to /home/prestouser/aocsa/sirius-stacks-wt/fix-files-cardinality/experimental/starrocks/starrocks/fe/plugin/spark-dpp/target/lib/netty-codec-http-4.1.133.Final.jar
[INFO] Copying netty-codec-http2-4.1.133.Final.jar to /home/prestouser/aocsa/sirius-stacks-wt/fix-files-cardinality/experimental/starrocks/starrocks/fe/plugin/spark-dpp/target/lib/netty-codec-http2-4.1.133.Final.jar
[INFO] Copying netty-codec-socks-4.1.133.Final.jar to /home/prestouser/aocsa/sirius-stacks-wt/fix-files-cardinality/experimental/starrocks/starrocks/fe/plugin/spark-dpp/target/lib/netty-codec-socks-4.1.133.Final.jar
[INFO] Copying netty-handler-proxy-4.1.133.Final.jar to /home/prestouser/aocsa/sirius-stacks-wt/fix-files-cardinality/experimental/starrocks/starrocks/fe/plugin/spark-dpp/target/lib/netty-handler-proxy-4.1.133.Final.jar
[INFO] Copying netty-transport-classes-epoll-4.1.133.Final.jar to /home/prestouser/aocsa/sirius-stacks-wt/fix-files-cardinality/experimental/starrocks/starrocks/fe/plugin/spark-dpp/target/lib/netty-transport-classes-epoll-4.1.133.Final.jar
[INFO] Copying netty-transport-classes-kqueue-4.1.133.Final.jar to /home/prestouser/aocsa/sirius-stacks-wt/fix-files-cardinality/experimental/starrocks/starrocks/fe/plugin/spark-dpp/target/lib/netty-transport-classes-kqueue-4.1.133.Final.jar
[INFO] Copying netty-transport-native-epoll-4.1.133.Final-linux-riscv64.jar to /home/prestouser/aocsa/sirius-stacks-wt/fix-files-cardinality/experimental/starrocks/starrocks/fe/plugin/spark-dpp/target/lib/netty-transport-native-epoll-4.1.133.Final-linux-riscv64.jar
[INFO] Copying netty-transport-native-epoll-4.1.133.Final-linux-x86_64.jar to /home/prestouser/aocsa/sirius-stacks-wt/fix-files-cardinality/experimental/starrocks/starrocks/fe/plugin/spark-dpp/target/lib/netty-transport-native-epoll-4.1.133.Final-linux-x86_64.jar
[INFO] Copying netty-transport-native-epoll-4.1.133.Final-linux-aarch_64.jar to /home/prestouser/aocsa/sirius-stacks-wt/fix-files-cardinality/experimental/starrocks/starrocks/fe/plugin/spark-dpp/target/lib/netty-transport-native-epoll-4.1.133.Final-linux-aarch_64.jar
[INFO] Copying netty-transport-native-kqueue-4.1.133.Final-osx-aarch_64.jar to /home/prestouser/aocsa/sirius-stacks-wt/fix-files-cardinality/experimental/starrocks/starrocks/fe/plugin/spark-dpp/target/lib/netty-transport-native-kqueue-4.1.133.Final-osx-aarch_64.jar
[INFO] Copying netty-transport-native-kqueue-4.1.133.Final-osx-x86_64.jar to /home/prestouser/aocsa/sirius-stacks-wt/fix-files-cardinality/experimental/starrocks/starrocks/fe/plugin/spark-dpp/target/lib/netty-transport-native-kqueue-4.1.133.Final-osx-x86_64.jar
[INFO] Copying metrics-core-4.2.19.jar to /home/prestouser/aocsa/sirius-stacks-wt/fix-files-cardinality/experimental/starrocks/starrocks/fe/plugin/spark-dpp/target/lib/metrics-core-4.2.19.jar
[INFO] Copying metrics-jvm-4.2.19.jar to /home/prestouser/aocsa/sirius-stacks-wt/fix-files-cardinality/experimental/starrocks/starrocks/fe/plugin/spark-dpp/target/lib/metrics-jvm-4.2.19.jar
[INFO] Copying metrics-json-4.2.19.jar to /home/prestouser/aocsa/sirius-stacks-wt/fix-files-cardinality/experimental/starrocks/starrocks/fe/plugin/spark-dpp/target/lib/metrics-json-4.2.19.jar
[INFO] Copying metrics-graphite-4.2.19.jar to /home/prestouser/aocsa/sirius-stacks-wt/fix-files-cardinality/experimental/starrocks/starrocks/fe/plugin/spark-dpp/target/lib/metrics-graphite-4.2.19.jar
[INFO] Copying metrics-jmx-4.2.19.jar to /home/prestouser/aocsa/sirius-stacks-wt/fix-files-cardinality/experimental/starrocks/starrocks/fe/plugin/spark-dpp/target/lib/metrics-jmx-4.2.19.jar
[INFO] Copying jackson-databind-2.21.1.jar to /home/prestouser/aocsa/sirius-stacks-wt/fix-files-cardinality/experimental/starrocks/starrocks/fe/plugin/spark-dpp/target/lib/jackson-databind-2.21.1.jar
[INFO] Copying jackson-module-scala_2.12-2.15.2.jar to /home/prestouser/aocsa/sirius-stacks-wt/fix-files-cardinality/experimental/starrocks/starrocks/fe/plugin/spark-dpp/target/lib/jackson-module-scala_2.12-2.15.2.jar
[INFO] Copying paranamer-2.8.jar to /home/prestouser/aocsa/sirius-stacks-wt/fix-files-cardinality/experimental/starrocks/starrocks/fe/plugin/spark-dpp/target/lib/paranamer-2.8.jar
[INFO] Copying oro-2.0.8.jar to /home/prestouser/aocsa/sirius-stacks-wt/fix-files-cardinality/experimental/starrocks/starrocks/fe/plugin/spark-dpp/target/lib/oro-2.0.8.jar
[INFO] Copying pickle-1.3.jar to /home/prestouser/aocsa/sirius-stacks-wt/fix-files-cardinality/experimental/starrocks/starrocks/fe/plugin/spark-dpp/target/lib/pickle-1.3.jar
[INFO] Copying py4j-0.10.9.7.jar to /home/prestouser/aocsa/sirius-stacks-wt/fix-files-cardinality/experimental/starrocks/starrocks/fe/plugin/spark-dpp/target/lib/py4j-0.10.9.7.jar
[INFO] Copying spark-tags_2.12-3.5.7.jar to /home/prestouser/aocsa/sirius-stacks-wt/fix-files-cardinality/experimental/starrocks/starrocks/fe/plugin/spark-dpp/target/lib/spark-tags_2.12-3.5.7.jar
[INFO] Copying commons-crypto-1.1.0.jar to /home/prestouser/aocsa/sirius-stacks-wt/fix-files-cardinality/experimental/starrocks/starrocks/fe/plugin/spark-dpp/target/lib/commons-crypto-1.1.0.jar
[INFO] Copying spark-sql_2.12-3.5.7.jar to /home/prestouser/aocsa/sirius-stacks-wt/fix-files-cardinality/experimental/starrocks/starrocks/fe/plugin/spark-dpp/target/lib/spark-sql_2.12-3.5.7.jar
[INFO] Copying rocksdbjni-8.3.2.jar to /home/prestouser/aocsa/sirius-stacks-wt/fix-files-cardinality/experimental/starrocks/starrocks/fe/plugin/spark-dpp/target/lib/rocksdbjni-8.3.2.jar
[INFO] Copying univocity-parsers-2.9.1.jar to /home/prestouser/aocsa/sirius-stacks-wt/fix-files-cardinality/experimental/starrocks/starrocks/fe/plugin/spark-dpp/target/lib/univocity-parsers-2.9.1.jar
[INFO] Copying spark-sketch_2.12-3.5.7.jar to /home/prestouser/aocsa/sirius-stacks-wt/fix-files-cardinality/experimental/starrocks/starrocks/fe/plugin/spark-dpp/target/lib/spark-sketch_2.12-3.5.7.jar
[INFO] Copying orc-core-1.9.7-shaded-protobuf.jar to /home/prestouser/aocsa/sirius-stacks-wt/fix-files-cardinality/experimental/starrocks/starrocks/fe/plugin/spark-dpp/target/lib/orc-core-1.9.7-shaded-protobuf.jar
[INFO] Copying orc-shims-1.9.7.jar to /home/prestouser/aocsa/sirius-stacks-wt/fix-files-cardinality/experimental/starrocks/starrocks/fe/plugin/spark-dpp/target/lib/orc-shims-1.9.7.jar
[INFO] Copying annotations-17.0.0.jar to /home/prestouser/aocsa/sirius-stacks-wt/fix-files-cardinality/experimental/starrocks/starrocks/fe/plugin/spark-dpp/target/lib/annotations-17.0.0.jar
[INFO] Copying threeten-extra-1.7.1.jar to /home/prestouser/aocsa/sirius-stacks-wt/fix-files-cardinality/experimental/starrocks/starrocks/fe/plugin/spark-dpp/target/lib/threeten-extra-1.7.1.jar
[INFO] Copying orc-mapreduce-1.9.7-shaded-protobuf.jar to /home/prestouser/aocsa/sirius-stacks-wt/fix-files-cardinality/experimental/starrocks/starrocks/fe/plugin/spark-dpp/target/lib/orc-mapreduce-1.9.7-shaded-protobuf.jar
[INFO] Copying hive-storage-api-2.8.1.jar to /home/prestouser/aocsa/sirius-stacks-wt/fix-files-cardinality/experimental/starrocks/starrocks/fe/plugin/spark-dpp/target/lib/hive-storage-api-2.8.1.jar
[INFO] Copying hadoop-common-3.4.3.jar to /home/prestouser/aocsa/sirius-stacks-wt/fix-files-cardinality/experimental/starrocks/starrocks/fe/plugin/spark-dpp/target/lib/hadoop-common-3.4.3.jar
[INFO] Copying hadoop-shaded-protobuf_3_25-1.5.0.jar to /home/prestouser/aocsa/sirius-stacks-wt/fix-files-cardinality/experimental/starrocks/starrocks/fe/plugin/spark-dpp/target/lib/hadoop-shaded-protobuf_3_25-1.5.0.jar
[INFO] Copying hadoop-annotations-3.4.3.jar to /home/prestouser/aocsa/sirius-stacks-wt/fix-files-cardinality/experimental/starrocks/starrocks/fe/plugin/spark-dpp/target/lib/hadoop-annotations-3.4.3.jar
[INFO] Copying hadoop-shaded-guava-1.5.0.jar to /home/prestouser/aocsa/sirius-stacks-wt/fix-files-cardinality/experimental/starrocks/starrocks/fe/plugin/spark-dpp/target/lib/hadoop-shaded-guava-1.5.0.jar
[INFO] Copying commons-cli-1.4.jar to /home/prestouser/aocsa/sirius-stacks-wt/fix-files-cardinality/experimental/starrocks/starrocks/fe/plugin/spark-dpp/target/lib/commons-cli-1.4.jar
[INFO] Copying httpclient-4.5.13.jar to /home/prestouser/aocsa/sirius-stacks-wt/fix-files-cardinality/experimental/starrocks/starrocks/fe/plugin/spark-dpp/target/lib/httpclient-4.5.13.jar
[INFO] Copying httpcore-4.4.13.jar to /home/prestouser/aocsa/sirius-stacks-wt/fix-files-cardinality/experimental/starrocks/starrocks/fe/plugin/spark-dpp/target/lib/httpcore-4.4.13.jar
[INFO] Copying commons-logging-1.2.jar to /home/prestouser/aocsa/sirius-stacks-wt/fix-files-cardinality/experimental/starrocks/starrocks/fe/plugin/spark-dpp/target/lib/commons-logging-1.2.jar
[INFO] Copying commons-net-3.9.0.jar to /home/prestouser/aocsa/sirius-stacks-wt/fix-files-cardinality/experimental/starrocks/starrocks/fe/plugin/spark-dpp/target/lib/commons-net-3.9.0.jar
[INFO] Copying javax.servlet-api-3.1.0.jar to /home/prestouser/aocsa/sirius-stacks-wt/fix-files-cardinality/experimental/starrocks/starrocks/fe/plugin/spark-dpp/target/lib/javax.servlet-api-3.1.0.jar
[INFO] Copying jakarta.activation-api-1.2.1.jar to /home/prestouser/aocsa/sirius-stacks-wt/fix-files-cardinality/experimental/starrocks/starrocks/fe/plugin/spark-dpp/target/lib/jakarta.activation-api-1.2.1.jar
[INFO] Copying jetty-server-9.4.58.v20250814.jar to /home/prestouser/aocsa/sirius-stacks-wt/fix-files-cardinality/experimental/starrocks/starrocks/fe/plugin/spark-dpp/target/lib/jetty-server-9.4.58.v20250814.jar
[INFO] Copying jetty-http-9.4.58.v20250814.jar to /home/prestouser/aocsa/sirius-stacks-wt/fix-files-cardinality/experimental/starrocks/starrocks/fe/plugin/spark-dpp/target/lib/jetty-http-9.4.58.v20250814.jar
[INFO] Copying jetty-io-9.4.58.v20250814.jar to /home/prestouser/aocsa/sirius-stacks-wt/fix-files-cardinality/experimental/starrocks/starrocks/fe/plugin/spark-dpp/target/lib/jetty-io-9.4.58.v20250814.jar
[INFO] Copying jetty-util-9.4.58.v20250814.jar to /home/prestouser/aocsa/sirius-stacks-wt/fix-files-cardinality/experimental/starrocks/starrocks/fe/plugin/spark-dpp/target/lib/jetty-util-9.4.58.v20250814.jar
[INFO] Copying jetty-servlet-9.4.58.v20250814.jar to /home/prestouser/aocsa/sirius-stacks-wt/fix-files-cardinality/experimental/starrocks/starrocks/fe/plugin/spark-dpp/target/lib/jetty-servlet-9.4.58.v20250814.jar
[INFO] Copying jetty-security-9.4.58.v20250814.jar to /home/prestouser/aocsa/sirius-stacks-wt/fix-files-cardinality/experimental/starrocks/starrocks/fe/plugin/spark-dpp/target/lib/jetty-security-9.4.58.v20250814.jar
[INFO] Copying jetty-util-ajax-9.4.58.v20250814.jar to /home/prestouser/aocsa/sirius-stacks-wt/fix-files-cardinality/experimental/starrocks/starrocks/fe/plugin/spark-dpp/target/lib/jetty-util-ajax-9.4.58.v20250814.jar
[INFO] Copying jetty-webapp-9.4.58.v20250814.jar to /home/prestouser/aocsa/sirius-stacks-wt/fix-files-cardinality/experimental/starrocks/starrocks/fe/plugin/spark-dpp/target/lib/jetty-webapp-9.4.58.v20250814.jar
[INFO] Copying jetty-xml-9.4.58.v20250814.jar to /home/prestouser/aocsa/sirius-stacks-wt/fix-files-cardinality/experimental/starrocks/starrocks/fe/plugin/spark-dpp/target/lib/jetty-xml-9.4.58.v20250814.jar
[INFO] Copying jsp-api-2.1.jar to /home/prestouser/aocsa/sirius-stacks-wt/fix-files-cardinality/experimental/starrocks/starrocks/fe/plugin/spark-dpp/target/lib/jsp-api-2.1.jar
[INFO] Copying jersey-core-1.19.4.jar to /home/prestouser/aocsa/sirius-stacks-wt/fix-files-cardinality/experimental/starrocks/starrocks/fe/plugin/spark-dpp/target/lib/jersey-core-1.19.4.jar
[INFO] Copying jersey-servlet-1.19.4.jar to /home/prestouser/aocsa/sirius-stacks-wt/fix-files-cardinality/experimental/starrocks/starrocks/fe/plugin/spark-dpp/target/lib/jersey-servlet-1.19.4.jar
[INFO] Copying jersey-json-1.22.0.jar to /home/prestouser/aocsa/sirius-stacks-wt/fix-files-cardinality/experimental/starrocks/starrocks/fe/plugin/spark-dpp/target/lib/jersey-json-1.22.0.jar
[INFO] Copying jaxb-impl-2.2.3-1.jar to /home/prestouser/aocsa/sirius-stacks-wt/fix-files-cardinality/experimental/starrocks/starrocks/fe/plugin/spark-dpp/target/lib/jaxb-impl-2.2.3-1.jar
[INFO] Copying jaxb-api-2.2.2.jar to /home/prestouser/aocsa/sirius-stacks-wt/fix-files-cardinality/experimental/starrocks/starrocks/fe/plugin/spark-dpp/target/lib/jaxb-api-2.2.2.jar
[INFO] Copying stax-api-1.0-2.jar to /home/prestouser/aocsa/sirius-stacks-wt/fix-files-cardinality/experimental/starrocks/starrocks/fe/plugin/spark-dpp/target/lib/stax-api-1.0-2.jar
[INFO] Copying jettison-1.5.4.jar to /home/prestouser/aocsa/sirius-stacks-wt/fix-files-cardinality/experimental/starrocks/starrocks/fe/plugin/spark-dpp/target/lib/jettison-1.5.4.jar
[INFO] Copying jersey-server-1.19.4.jar to /home/prestouser/aocsa/sirius-stacks-wt/fix-files-cardinality/experimental/starrocks/starrocks/fe/plugin/spark-dpp/target/lib/jersey-server-1.19.4.jar
[INFO] Copying commons-configuration2-2.10.1.jar to /home/prestouser/aocsa/sirius-stacks-wt/fix-files-cardinality/experimental/starrocks/starrocks/fe/plugin/spark-dpp/target/lib/commons-configuration2-2.10.1.jar
[INFO] Copying slf4j-api-1.7.30.jar to /home/prestouser/aocsa/sirius-stacks-wt/fix-files-cardinality/experimental/starrocks/starrocks/fe/plugin/spark-dpp/target/lib/slf4j-api-1.7.30.jar
[INFO] Copying re2j-1.1.jar to /home/prestouser/aocsa/sirius-stacks-wt/fix-files-cardinality/experimental/starrocks/starrocks/fe/plugin/spark-dpp/target/lib/re2j-1.1.jar
[INFO] Copying hadoop-auth-3.4.3.jar to /home/prestouser/aocsa/sirius-stacks-wt/fix-files-cardinality/experimental/starrocks/starrocks/fe/plugin/spark-dpp/target/lib/hadoop-auth-3.4.3.jar
[INFO] Copying nimbus-jose-jwt-9.37.2.jar to /home/prestouser/aocsa/sirius-stacks-wt/fix-files-cardinality/experimental/starrocks/starrocks/fe/plugin/spark-dpp/target/lib/nimbus-jose-jwt-9.37.2.jar
[INFO] Copying jcip-annotations-1.0-1.jar to /home/prestouser/aocsa/sirius-stacks-wt/fix-files-cardinality/experimental/starrocks/starrocks/fe/plugin/spark-dpp/target/lib/jcip-annotations-1.0-1.jar
[INFO] Copying kerb-util-2.0.3.jar to /home/prestouser/aocsa/sirius-stacks-wt/fix-files-cardinality/experimental/starrocks/starrocks/fe/plugin/spark-dpp/target/lib/kerb-util-2.0.3.jar
[INFO] Copying kerby-config-2.0.3.jar to /home/prestouser/aocsa/sirius-stacks-wt/fix-files-cardinality/experimental/starrocks/starrocks/fe/plugin/spark-dpp/target/lib/kerby-config-2.0.3.jar
[INFO] Copying kerb-crypto-2.0.3.jar to /home/prestouser/aocsa/sirius-stacks-wt/fix-files-cardinality/experimental/starrocks/starrocks/fe/plugin/spark-dpp/target/lib/kerb-crypto-2.0.3.jar
[INFO] Copying jsch-0.1.55.jar to /home/prestouser/aocsa/sirius-stacks-wt/fix-files-cardinality/experimental/starrocks/starrocks/fe/plugin/spark-dpp/target/lib/jsch-0.1.55.jar
[INFO] Copying curator-client-5.2.0.jar to /home/prestouser/aocsa/sirius-stacks-wt/fix-files-cardinality/experimental/starrocks/starrocks/fe/plugin/spark-dpp/target/lib/curator-client-5.2.0.jar
[INFO] Copying commons-compress-1.26.1.jar to /home/prestouser/aocsa/sirius-stacks-wt/fix-files-cardinality/experimental/starrocks/starrocks/fe/plugin/spark-dpp/target/lib/commons-compress-1.26.1.jar
[INFO] Copying bcprov-jdk18on-1.84.jar to /home/prestouser/aocsa/sirius-stacks-wt/fix-files-cardinality/experimental/starrocks/starrocks/fe/plugin/spark-dpp/target/lib/bcprov-jdk18on-1.84.jar
[INFO] Copying kerb-core-2.0.3.jar to /home/prestouser/aocsa/sirius-stacks-wt/fix-files-cardinality/experimental/starrocks/starrocks/fe/plugin/spark-dpp/target/lib/kerb-core-2.0.3.jar
[INFO] Copying kerby-pkix-2.0.3.jar to /home/prestouser/aocsa/sirius-stacks-wt/fix-files-cardinality/experimental/starrocks/starrocks/fe/plugin/spark-dpp/target/lib/kerby-pkix-2.0.3.jar
[INFO] Copying kerby-asn1-2.0.3.jar to /home/prestouser/aocsa/sirius-stacks-wt/fix-files-cardinality/experimental/starrocks/starrocks/fe/plugin/spark-dpp/target/lib/kerby-asn1-2.0.3.jar
[INFO] Copying kerby-util-2.0.3.jar to /home/prestouser/aocsa/sirius-stacks-wt/fix-files-cardinality/experimental/starrocks/starrocks/fe/plugin/spark-dpp/target/lib/kerby-util-2.0.3.jar
[INFO] Copying stax2-api-4.2.1.jar to /home/prestouser/aocsa/sirius-stacks-wt/fix-files-cardinality/experimental/starrocks/starrocks/fe/plugin/spark-dpp/target/lib/stax2-api-4.2.1.jar
[INFO] Copying woodstox-core-5.4.0.jar to /home/prestouser/aocsa/sirius-stacks-wt/fix-files-cardinality/experimental/starrocks/starrocks/fe/plugin/spark-dpp/target/lib/woodstox-core-5.4.0.jar
[INFO] Copying dnsjava-3.6.3.jar to /home/prestouser/aocsa/sirius-stacks-wt/fix-files-cardinality/experimental/starrocks/starrocks/fe/plugin/spark-dpp/target/lib/dnsjava-3.6.3.jar
[INFO] Copying parquet-column-1.16.0.jar to /home/prestouser/aocsa/sirius-stacks-wt/fix-files-cardinality/experimental/starrocks/starrocks/fe/plugin/spark-dpp/target/lib/parquet-column-1.16.0.jar
[INFO] Copying parquet-encoding-1.16.0.jar to /home/prestouser/aocsa/sirius-stacks-wt/fix-files-cardinality/experimental/starrocks/starrocks/fe/plugin/spark-dpp/target/lib/parquet-encoding-1.16.0.jar
[INFO] Copying jts-core-1.20.0.jar to /home/prestouser/aocsa/sirius-stacks-wt/fix-files-cardinality/experimental/starrocks/starrocks/fe/plugin/spark-dpp/target/lib/jts-core-1.20.0.jar
[INFO] Copying parquet-hadoop-1.16.0.jar to /home/prestouser/aocsa/sirius-stacks-wt/fix-files-cardinality/experimental/starrocks/starrocks/fe/plugin/spark-dpp/target/lib/parquet-hadoop-1.16.0.jar
[INFO] Copying parquet-format-structures-1.16.0.jar to /home/prestouser/aocsa/sirius-stacks-wt/fix-files-cardinality/experimental/starrocks/starrocks/fe/plugin/spark-dpp/target/lib/parquet-format-structures-1.16.0.jar
[INFO] Copying javax.annotation-api-1.3.2.jar to /home/prestouser/aocsa/sirius-stacks-wt/fix-files-cardinality/experimental/starrocks/starrocks/fe/plugin/spark-dpp/target/lib/javax.annotation-api-1.3.2.jar
[INFO] Copying parquet-jackson-1.16.0.jar to /home/prestouser/aocsa/sirius-stacks-wt/fix-files-cardinality/experimental/starrocks/starrocks/fe/plugin/spark-dpp/target/lib/parquet-jackson-1.16.0.jar
[INFO] Copying aircompressor-2.0.3.jar to /home/prestouser/aocsa/sirius-stacks-wt/fix-files-cardinality/experimental/starrocks/starrocks/fe/plugin/spark-dpp/target/lib/aircompressor-2.0.3.jar
[INFO] Copying commons-pool-1.6.jar to /home/prestouser/aocsa/sirius-stacks-wt/fix-files-cardinality/experimental/starrocks/starrocks/fe/plugin/spark-dpp/target/lib/commons-pool-1.6.jar
[INFO] Copying parquet-common-1.16.0.jar to /home/prestouser/aocsa/sirius-stacks-wt/fix-files-cardinality/experimental/starrocks/starrocks/fe/plugin/spark-dpp/target/lib/parquet-common-1.16.0.jar
[INFO] Copying commons-collections-3.2.2.jar to /home/prestouser/aocsa/sirius-stacks-wt/fix-files-cardinality/experimental/starrocks/starrocks/fe/plugin/spark-dpp/target/lib/commons-collections-3.2.2.jar
[INFO] Copying scala-library-2.12.10.jar to /home/prestouser/aocsa/sirius-stacks-wt/fix-files-cardinality/experimental/starrocks/starrocks/fe/plugin/spark-dpp/target/lib/scala-library-2.12.10.jar
[INFO] Copying kryo-shaded-4.0.2.jar to /home/prestouser/aocsa/sirius-stacks-wt/fix-files-cardinality/experimental/starrocks/starrocks/fe/plugin/spark-dpp/target/lib/kryo-shaded-4.0.2.jar
[INFO] Copying minlog-1.3.0.jar to /home/prestouser/aocsa/sirius-stacks-wt/fix-files-cardinality/experimental/starrocks/starrocks/fe/plugin/spark-dpp/target/lib/minlog-1.3.0.jar
[INFO] Copying spark-catalyst_2.12-3.5.7.jar to /home/prestouser/aocsa/sirius-stacks-wt/fix-files-cardinality/experimental/starrocks/starrocks/fe/plugin/spark-dpp/target/lib/spark-catalyst_2.12-3.5.7.jar
[INFO] Copying spark-sql-api_2.12-3.5.7.jar to /home/prestouser/aocsa/sirius-stacks-wt/fix-files-cardinality/experimental/starrocks/starrocks/fe/plugin/spark-dpp/target/lib/spark-sql-api_2.12-3.5.7.jar
[INFO] Copying scala-parser-combinators_2.12-2.3.0.jar to /home/prestouser/aocsa/sirius-stacks-wt/fix-files-cardinality/experimental/starrocks/starrocks/fe/plugin/spark-dpp/target/lib/scala-parser-combinators_2.12-2.3.0.jar
[INFO] Copying antlr4-runtime-4.9.3.jar to /home/prestouser/aocsa/sirius-stacks-wt/fix-files-cardinality/experimental/starrocks/starrocks/fe/plugin/spark-dpp/target/lib/antlr4-runtime-4.9.3.jar
[INFO] Copying arrow-vector-18.0.0.jar to /home/prestouser/aocsa/sirius-stacks-wt/fix-files-cardinality/experimental/starrocks/starrocks/fe/plugin/spark-dpp/target/lib/arrow-vector-18.0.0.jar
[INFO] Copying arrow-format-18.0.0.jar to /home/prestouser/aocsa/sirius-stacks-wt/fix-files-cardinality/experimental/starrocks/starrocks/fe/plugin/spark-dpp/target/lib/arrow-format-18.0.0.jar
[INFO] Copying arrow-memory-core-18.0.0.jar to /home/prestouser/aocsa/sirius-stacks-wt/fix-files-cardinality/experimental/starrocks/starrocks/fe/plugin/spark-dpp/target/lib/arrow-memory-core-18.0.0.jar
[INFO] Copying jackson-datatype-jsr310-2.18.0.jar to /home/prestouser/aocsa/sirius-stacks-wt/fix-files-cardinality/experimental/starrocks/starrocks/fe/plugin/spark-dpp/target/lib/jackson-datatype-jsr310-2.18.0.jar
[INFO] Copying flatbuffers-java-24.3.25.jar to /home/prestouser/aocsa/sirius-stacks-wt/fix-files-cardinality/experimental/starrocks/starrocks/fe/plugin/spark-dpp/target/lib/flatbuffers-java-24.3.25.jar
[INFO] Copying arrow-memory-netty-18.0.0.jar to /home/prestouser/aocsa/sirius-stacks-wt/fix-files-cardinality/experimental/starrocks/starrocks/fe/plugin/spark-dpp/target/lib/arrow-memory-netty-18.0.0.jar
[INFO] Copying arrow-memory-netty-buffer-patch-18.0.0.jar to /home/prestouser/aocsa/sirius-stacks-wt/fix-files-cardinality/experimental/starrocks/starrocks/fe/plugin/spark-dpp/target/lib/arrow-memory-netty-buffer-patch-18.0.0.jar
[INFO] Copying janino-3.1.9.jar to /home/prestouser/aocsa/sirius-stacks-wt/fix-files-cardinality/experimental/starrocks/starrocks/fe/plugin/spark-dpp/target/lib/janino-3.1.9.jar
[INFO] Copying commons-compiler-3.1.9.jar to /home/prestouser/aocsa/sirius-stacks-wt/fix-files-cardinality/experimental/starrocks/starrocks/fe/plugin/spark-dpp/target/lib/commons-compiler-3.1.9.jar
[INFO] Copying datasketches-java-3.3.0.jar to /home/prestouser/aocsa/sirius-stacks-wt/fix-files-cardinality/experimental/starrocks/starrocks/fe/plugin/spark-dpp/target/lib/datasketches-java-3.3.0.jar
[INFO] Copying datasketches-memory-2.1.0.jar to /home/prestouser/aocsa/sirius-stacks-wt/fix-files-cardinality/experimental/starrocks/starrocks/fe/plugin/spark-dpp/target/lib/datasketches-memory-2.1.0.jar
[INFO] Copying guava-32.0.1-jre.jar to /home/prestouser/aocsa/sirius-stacks-wt/fix-files-cardinality/experimental/starrocks/starrocks/fe/plugin/spark-dpp/target/lib/guava-32.0.1-jre.jar
[INFO] Copying failureaccess-1.0.1.jar to /home/prestouser/aocsa/sirius-stacks-wt/fix-files-cardinality/experimental/starrocks/starrocks/fe/plugin/spark-dpp/target/lib/failureaccess-1.0.1.jar
[INFO] Copying listenablefuture-9999.0-empty-to-avoid-conflict-with-guava.jar to /home/prestouser/aocsa/sirius-stacks-wt/fix-files-cardinality/experimental/starrocks/starrocks/fe/plugin/spark-dpp/target/lib/listenablefuture-9999.0-empty-to-avoid-conflict-with-guava.jar
[INFO] Copying checker-qual-3.33.0.jar to /home/prestouser/aocsa/sirius-stacks-wt/fix-files-cardinality/experimental/starrocks/starrocks/fe/plugin/spark-dpp/target/lib/checker-qual-3.33.0.jar
[INFO] Copying error_prone_annotations-2.18.0.jar to /home/prestouser/aocsa/sirius-stacks-wt/fix-files-cardinality/experimental/starrocks/starrocks/fe/plugin/spark-dpp/target/lib/error_prone_annotations-2.18.0.jar
[INFO] Copying j2objc-annotations-2.8.jar to /home/prestouser/aocsa/sirius-stacks-wt/fix-files-cardinality/experimental/starrocks/starrocks/fe/plugin/spark-dpp/target/lib/j2objc-annotations-2.8.jar
[INFO] Copying log4j-slf4j-impl-2.19.0.jar to /home/prestouser/aocsa/sirius-stacks-wt/fix-files-cardinality/experimental/starrocks/starrocks/fe/plugin/spark-dpp/target/lib/log4j-slf4j-impl-2.19.0.jar
[INFO] Copying log4j-api-2.19.0.jar to /home/prestouser/aocsa/sirius-stacks-wt/fix-files-cardinality/experimental/starrocks/starrocks/fe/plugin/spark-dpp/target/lib/log4j-api-2.19.0.jar
[INFO] Copying log4j-core-2.19.0.jar to /home/prestouser/aocsa/sirius-stacks-wt/fix-files-cardinality/experimental/starrocks/starrocks/fe/plugin/spark-dpp/target/lib/log4j-core-2.19.0.jar
[INFO] 
[INFO] --- assembly:3.7.1:single (make-assembly) @ spark-dpp ---
[INFO] /home/prestouser/aocsa/sirius-stacks-wt/fix-files-cardinality/experimental/starrocks/starrocks/fe/fe-parser/src/main/java/com/starrocks/sql/ast/AstVisitor.java: /home/prestouser/aocsa/sirius-stacks-wt/fix-files-cardinality/experimental/starrocks/starrocks/fe/fe-parser/src/main/java/com/starrocks/sql/ast/AstVisitor.java uses or overrides a deprecated API.
[INFO] /home/prestouser/aocsa/sirius-stacks-wt/fix-files-cardinality/experimental/starrocks/starrocks/fe/fe-parser/src/main/java/com/starrocks/sql/ast/AstVisitor.java: Recompile with -Xlint:deprecation for details.
[INFO] /home/prestouser/aocsa/sirius-stacks-wt/fix-files-cardinality/experimental/starrocks/starrocks/fe/fe-parser/src/main/java/com/starrocks/sql/ast/TreeNode.java: Some input files use unchecked or unsafe operations.
[INFO] /home/prestouser/aocsa/sirius-stacks-wt/fix-files-cardinality/experimental/starrocks/starrocks/fe/fe-parser/src/main/java/com/starrocks/sql/ast/TreeNode.java: Recompile with -Xlint:unchecked for details.
[INFO] 
[INFO] --- resources:3.4.0:testResources (default-testResources) @ fe-parser ---
[INFO] Copying 1 resource from src/test/resources to target/test-classes
[INFO] 
[INFO] --- compiler:3.15.0:testCompile (default-testCompile) @ fe-parser ---
[INFO] No sources to compile
[INFO] 
[INFO] --- surefire:3.5.4:test (default-test) @ fe-parser ---
[INFO] 
[INFO] --- jar:3.5.0:jar (default-jar) @ fe-parser ---
[INFO] Building jar: /home/prestouser/aocsa/sirius-stacks-wt/fix-files-cardinality/experimental/starrocks/starrocks/fe/fe-parser/target/fe-parser-4.1.1.jar
[INFO] Building jar: /home/prestouser/aocsa/sirius-stacks-wt/fix-files-cardinality/experimental/starrocks/starrocks/fe/plugin/spark-dpp/target/spark-dpp-4.1.1-jar-with-dependencies.jar
[INFO] 
[INFO] --- shade:3.5.2:shade (default) @ spark-dpp ---
[INFO] Including com.starrocks:fe-testing:jar:4.1.1 in the shaded jar.
[INFO] Including com.starrocks:fe-utils:jar:4.1.1 in the shaded jar.
[INFO] Including io.netty:netty-handler:jar:4.1.133.Final in the shaded jar.
[INFO] Including io.netty:netty-common:jar:4.1.133.Final in the shaded jar.
[INFO] Including io.netty:netty-resolver:jar:4.1.133.Final in the shaded jar.
[INFO] Including io.netty:netty-buffer:jar:4.1.133.Final in the shaded jar.
[INFO] Including io.netty:netty-transport:jar:4.1.133.Final in the shaded jar.
[INFO] Including io.netty:netty-transport-native-unix-common:jar:4.1.133.Final in the shaded jar.
[INFO] Including io.netty:netty-codec:jar:4.1.133.Final in the shaded jar.
[INFO] Including com.google.code.gson:gson:jar:2.8.9 in the shaded jar.
[INFO] Including org.roaringbitmap:RoaringBitmap:jar:0.8.13 in the shaded jar.
[INFO] Including org.roaringbitmap:shims:jar:0.8.13 in the shaded jar.
[INFO] Including at.yawk.lz4:lz4-java:jar:1.10.1 in the shaded jar.
[INFO] Including com.google.guava:guava:jar:32.0.1-jre in the shaded jar.
[INFO] Including com.google.guava:failureaccess:jar:1.0.1 in the shaded jar.
[INFO] Including com.google.guava:listenablefuture:jar:9999.0-empty-to-avoid-conflict-with-guava in the shaded jar.
[INFO] Including org.checkerframework:checker-qual:jar:3.33.0 in the shaded jar.
[INFO] Including com.google.errorprone:error_prone_annotations:jar:2.18.0 in the shaded jar.
[INFO] Including com.google.j2objc:j2objc-annotations:jar:2.8 in the shaded jar.
[INFO] Excluding com.google.code.findbugs:jsr305:jar:3.0.0 from the shaded jar.
[INFO] Dependency-reduced POM written at: /home/prestouser/aocsa/sirius-stacks-wt/fix-files-cardinality/experimental/starrocks/starrocks/fe/plugin/spark-dpp/dependency-reduced-pom.xml
[WARNING] Discovered module-info.class. Shading will break its strong encapsulation.
[WARNING] RoaringBitmap-0.8.13.jar, checker-qual-3.33.0.jar, error_prone_annotations-2.18.0.jar, failureaccess-1.0.1.jar, fe-testing-4.1.1.jar, fe-utils-4.1.1.jar, gson-2.8.9.jar, guava-32.0.1-jre.jar, j2objc-annotations-2.8.jar, listenablefuture-9999.0-empty-to-avoid-conflict-with-guava.jar, lz4-java-1.10.1.jar, netty-buffer-4.1.133.Final.jar, netty-codec-4.1.133.Final.jar, netty-common-4.1.133.Final.jar, netty-handler-4.1.133.Final.jar, netty-resolver-4.1.133.Final.jar, netty-transport-4.1.133.Final.jar, netty-transport-native-unix-common-4.1.133.Final.jar, shims-0.8.13.jar, spark-dpp-4.1.1.jar define 1 overlapping resource: 
[WARNING]   - META-INF/MANIFEST.MF
[WARNING] netty-buffer-4.1.133.Final.jar, netty-codec-4.1.133.Final.jar, netty-common-4.1.133.Final.jar, netty-handler-4.1.133.Final.jar, netty-resolver-4.1.133.Final.jar, netty-transport-4.1.133.Final.jar, netty-transport-native-unix-common-4.1.133.Final.jar define 1 overlapping resource: 
[WARNING]   - META-INF/io.netty.versions.properties
[WARNING] maven-shade-plugin has detected that some files are
[WARNING] present in two or more JARs. When this happens, only one
[WARNING] single version of the file is copied to the uber jar.
[WARNING] Usually this is not harmful and you can skip these warnings,
[WARNING] otherwise try to manually exclude artifacts based on
[WARNING] mvn dependency:tree -Ddetail=true and the above output.
[WARNING] See https://maven.apache.org/plugins/maven-shade-plugin/
[INFO] Replacing original artifact with shaded artifact.
[INFO] Replacing /home/prestouser/aocsa/sirius-stacks-wt/fix-files-cardinality/experimental/starrocks/starrocks/fe/plugin/spark-dpp/target/spark-dpp-4.1.1.jar with /home/prestouser/aocsa/sirius-stacks-wt/fix-files-cardinality/experimental/starrocks/starrocks/fe/plugin/spark-dpp/target/spark-dpp-4.1.1-shaded.jar
[INFO] 
[INFO] -----------------------< com.starrocks:fe-core >------------------------
[INFO] Building fe-core 4.1.1                                           [10/11]
[INFO]   from fe-core/pom.xml
[INFO] --------------------------------[ jar ]---------------------------------
[WARNING] *****************************************************************
[WARNING] * Your build is requesting parallel execution, but this         *
[WARNING] * project contains the following plugin(s) that have goals not  *
[WARNING] * marked as thread-safe to support parallel execution.          *
[WARNING] * While this /may/ work fine, please look for plugin updates    *
[WARNING] * and/or request plugins be made thread-safe.                   *
[WARNING] * If reporting an issue, report it against the plugin in        *
[WARNING] * question, not against Apache Maven.                           *
[WARNING] *****************************************************************
[WARNING] The following plugins are not marked as thread-safe in fe-core:
[WARNING]   org.apache.thrift.tools:maven-thrift-plugin:0.1.11
[WARNING] 
[WARNING] Enable debug to see precisely which goals are not marked as thread-safe.
[WARNING] *****************************************************************
[INFO] 
[INFO] --- checkstyle:3.1.1:check (validate) @ fe-core ---
[INFO] Starting audit...
Audit done.
[INFO] You have 0 Checkstyle violations.
[INFO] 
[INFO] --- clean:3.1.0:clean (auto-clean) @ fe-core ---
[INFO] Deleting /home/prestouser/aocsa/sirius-stacks-wt/fix-files-cardinality/experimental/starrocks/starrocks/fe/fe-core/target
[INFO] 
[INFO] --- thrift:0.1.11:compile (thrift-sources) @ fe-core ---
[INFO] 
[INFO] --- antrun:1.8:run (generate-sources) @ fe-core ---
[INFO] Executing tasks

main:
    [mkdir] Created dir: /home/prestouser/aocsa/sirius-stacks-wt/fix-files-cardinality/experimental/starrocks/starrocks/fe/fe-core/target/generated-sources/proto
     [exec] create success. output path=/home/prestouser/aocsa/sirius-stacks-wt/fix-files-cardinality/experimental/starrocks/starrocks/fe/fe-core/target/generated-sources/proto
     [exec] create success. output path=/home/prestouser/aocsa/sirius-stacks-wt/fix-files-cardinality/experimental/starrocks/starrocks/fe/fe-core/target/generated-sources/proto
     [exec] create success. output path=/home/prestouser/aocsa/sirius-stacks-wt/fix-files-cardinality/experimental/starrocks/starrocks/fe/fe-core/target/generated-sources/proto
     [exec] create success. output path=/home/prestouser/aocsa/sirius-stacks-wt/fix-files-cardinality/experimental/starrocks/starrocks/fe/fe-core/target/generated-sources/proto
     [exec] create success. output path=/home/prestouser/aocsa/sirius-stacks-wt/fix-files-cardinality/experimental/starrocks/starrocks/fe/fe-core/target/generated-sources/proto
     [exec] create success. output path=/home/prestouser/aocsa/sirius-stacks-wt/fix-files-cardinality/experimental/starrocks/starrocks/fe/fe-core/target/generated-sources/proto
[INFO] Executed tasks
[INFO] 
[INFO] --- build-helper:1.7:add-source (add-source) @ fe-core ---
[INFO] Source directory: /home/prestouser/aocsa/sirius-stacks-wt/fix-files-cardinality/experimental/starrocks/starrocks/fe/fe-core/target/generated-sources/build added.
[INFO] Source directory: /home/prestouser/aocsa/sirius-stacks-wt/fix-files-cardinality/experimental/starrocks/starrocks/fe/fe-core/target/generated-sources/proto added.
[INFO] Source directory: /home/prestouser/aocsa/sirius-stacks-wt/fix-files-cardinality/experimental/starrocks/starrocks/fe/fe-core/target/generated-sources/thrift added.
[INFO] 
[INFO] --- resources:3.4.0:resources (default-resources) @ fe-core ---
[INFO] skip non existing resourceDirectory /home/prestouser/aocsa/sirius-stacks-wt/fix-files-cardinality/experimental/starrocks/starrocks/fe/fe-core/src/main/resources
[INFO] Copying 32 resources from ../../gensrc/thrift to target/classes
[INFO] 
[INFO] --- compiler:3.15.0:compile (default-compile) @ fe-core ---
[INFO] Recompiling the module because of changed dependency.
[INFO] Compiling 4435 source files with javac [debug release 17] to target/classes
[WARNING] /home/prestouser/aocsa/sirius-stacks-wt/fix-files-cardinality/experimental/starrocks/starrocks/fe/fe-core/src/main/java/com/starrocks/StarRocksFEServer.java:[70,16] sun.misc.Signal is internal proprietary API and may be removed in a future release
[WARNING] /home/prestouser/aocsa/sirius-stacks-wt/fix-files-cardinality/experimental/starrocks/starrocks/fe/fe-core/src/main/java/com/starrocks/StarRocksFEServer.java:[70,16] sun.misc.Signal is internal proprietary API and may be removed in a future release
[WARNING] /home/prestouser/aocsa/sirius-stacks-wt/fix-files-cardinality/experimental/starrocks/starrocks/fe/fe-core/src/main/java/com/starrocks/StarRocksFEServer.java:[70,16] sun.misc.Signal is internal proprietary API and may be removed in a future release
[WARNING] /home/prestouser/aocsa/sirius-stacks-wt/fix-files-cardinality/experimental/starrocks/starrocks/fe/fe-core/src/main/java/com/starrocks/StarRocksFEServer.java:[217,27] sun.misc.Signal is internal proprietary API and may be removed in a future release
[WARNING] /home/prestouser/aocsa/sirius-stacks-wt/fix-files-cardinality/experimental/starrocks/starrocks/fe/fe-core/src/main/java/com/starrocks/StarRocksFEServer.java:[217,9] sun.misc.Signal is internal proprietary API and may be removed in a future release
[WARNING] /home/prestouser/aocsa/sirius-stacks-wt/fix-files-cardinality/experimental/starrocks/starrocks/fe/fe-core/src/main/java/com/starrocks/StarRocksFEServer.java: sun.misc.Signal is internal proprietary API and may be removed in a future release
[WARNING] /home/prestouser/aocsa/sirius-stacks-wt/fix-files-cardinality/experimental/starrocks/starrocks/fe/fe-core/src/main/java/com/starrocks/monitor/jvm/JvmInfo.java:[177,9] java.lang.SecurityManager in java.lang has been deprecated and marked for removal
[WARNING] /home/prestouser/aocsa/sirius-stacks-wt/fix-files-cardinality/experimental/starrocks/starrocks/fe/fe-core/src/main/java/com/starrocks/monitor/jvm/JvmInfo.java:[177,36] getSecurityManager() in java.lang.System has been deprecated and marked for removal
[WARNING] /home/prestouser/aocsa/sirius-stacks-wt/fix-files-cardinality/experimental/starrocks/starrocks/fe/fe-core/src/main/java/com/starrocks/plugin/ExtendedPluginsClassLoader.java:[56,16] java.security.AccessController in java.security has been deprecated and marked for removal
[WARNING] /home/prestouser/aocsa/sirius-stacks-wt/fix-files-cardinality/experimental/starrocks/starrocks/fe/fe-core/src/main/java/com/starrocks/sql/analyzer/CreateFunctionAnalyzer.java:[216,23] setSecurityManager(java.lang.SecurityManager) in java.lang.System has been deprecated and marked for removal
[WARNING] /home/prestouser/aocsa/sirius-stacks-wt/fix-files-cardinality/experimental/starrocks/starrocks/fe/fe-core/src/main/java/com/starrocks/sql/analyzer/CreateFunctionAnalyzer.java:[250,19] setSecurityManager(java.lang.SecurityManager) in java.lang.System has been deprecated and marked for removal
[WARNING] /home/prestouser/aocsa/sirius-stacks-wt/fix-files-cardinality/experimental/starrocks/starrocks/fe/fe-core/src/main/java/com/starrocks/sql/analyzer/CreateFunctionAnalyzer.java:[571,53] java.lang.SecurityManager in java.lang has been deprecated and marked for removal
[WARNING] /home/prestouser/aocsa/sirius-stacks-wt/fix-files-cardinality/experimental/starrocks/starrocks/fe/fe-core/src/main/java/com/starrocks/sql/analyzer/CreateFunctionAnalyzer.java:[571,53] java.lang.SecurityManager in java.lang has been deprecated and marked for removal
[WARNING] /home/prestouser/aocsa/sirius-stacks-wt/fix-files-cardinality/experimental/starrocks/starrocks/fe/fe-core/src/main/java/com/starrocks/sql/analyzer/CreateFunctionAnalyzer.java:[571,53] java.lang.SecurityManager in java.lang has been deprecated and marked for removal
[INFO] /home/prestouser/aocsa/sirius-stacks-wt/fix-files-cardinality/experimental/starrocks/starrocks/fe/fe-core/src/main/java/com/starrocks/statistic/StatisticsCollectJobFactory.java: Some input files use or override a deprecated API.
[INFO] /home/prestouser/aocsa/sirius-stacks-wt/fix-files-cardinality/experimental/starrocks/starrocks/fe/fe-core/src/main/java/com/starrocks/statistic/StatisticsCollectJobFactory.java: Recompile with -Xlint:deprecation for details.
[INFO] /home/prestouser/aocsa/sirius-stacks-wt/fix-files-cardinality/experimental/starrocks/starrocks/fe/fe-core/src/main/java/com/starrocks/catalog/OlapTable.java: Some input files use unchecked or unsafe operations.
[INFO] /home/prestouser/aocsa/sirius-stacks-wt/fix-files-cardinality/experimental/starrocks/starrocks/fe/fe-core/src/main/java/com/starrocks/catalog/OlapTable.java: Recompile with -Xlint:unchecked for details.
[INFO] 
[INFO] --- jprotobuf:2.2.12:precompile (default) @ fe-core ---
[INFO] * filterClassPackages='[com.starrocks.proto, com.starrocks.rpc, com.starrocks.server]'
[INFO] * generateProtofile='true'
[INFO] * compileDependencies='true'
[INFO] Generate proto file to /home/prestouser/aocsa/sirius-stacks-wt/fix-files-cardinality/experimental/starrocks/starrocks/fe/fe-core/target/temp/com/starrocks/proto/PPulsarProxyResult.proto
[INFO] Generate proto file to /home/prestouser/aocsa/sirius-stacks-wt/fix-files-cardinality/experimental/starrocks/starrocks/fe/fe-core/target/temp/com/starrocks/proto/SplittingTabletInfoPB.proto
[INFO] Generate proto file to /home/prestouser/aocsa/sirius-stacks-wt/fix-files-cardinality/experimental/starrocks/starrocks/fe/fe-core/target/temp/com/starrocks/proto/PTabletWriterAddSegmentResult.proto
[INFO] Generate proto file to /home/prestouser/aocsa/sirius-stacks-wt/fix-files-cardinality/experimental/starrocks/starrocks/fe/fe-core/target/temp/com/starrocks/proto/PTabletWriterAddBatchResult.proto
[INFO] Generate proto file to /home/prestouser/aocsa/sirius-stacks-wt/fix-files-cardinality/experimental/starrocks/starrocks/fe/fe-core/target/temp/com/starrocks/proto/AbortTxnRequest.proto
[INFO] Generate proto file to /home/prestouser/aocsa/sirius-stacks-wt/fix-files-cardinality/experimental/starrocks/starrocks/fe/fe-core/target/temp/com/starrocks/proto/TabletUpdatesExtraFileSize.proto
[INFO] Generate proto file to /home/prestouser/aocsa/sirius-stacks-wt/fix-files-cardinality/experimental/starrocks/starrocks/fe/fe-core/target/temp/com/starrocks/proto/PExecPlanFragmentRequest.proto
[INFO] Generate proto file to /home/prestouser/aocsa/sirius-stacks-wt/fix-files-cardinality/experimental/starrocks/starrocks/fe/fe-core/target/temp/com/starrocks/proto/DropTableRequest.proto
[INFO] Generate proto file to /home/prestouser/aocsa/sirius-stacks-wt/fix-files-cardinality/experimental/starrocks/starrocks/fe/fe-core/target/temp/com/starrocks/proto/PFailPointTriggerMode.proto
[INFO] Generate proto file to /home/prestouser/aocsa/sirius-stacks-wt/fix-files-cardinality/experimental/starrocks/starrocks/fe/fe-core/target/temp/com/starrocks/proto/DeltaColumnGroupPB.proto
[INFO] Generate proto file to /home/prestouser/aocsa/sirius-stacks-wt/fix-files-cardinality/experimental/starrocks/starrocks/fe/fe-core/target/temp/com/starrocks/proto/PCollectQueryStatistics.proto
[INFO] Generate proto file to /home/prestouser/aocsa/sirius-stacks-wt/fix-files-cardinality/experimental/starrocks/starrocks/fe/fe-core/target/temp/com/starrocks/proto/PProcessDictionaryCacheResult.proto
[INFO] Generate proto file to /home/prestouser/aocsa/sirius-stacks-wt/fix-files-cardinality/experimental/starrocks/starrocks/fe/fe-core/target/temp/com/starrocks/proto/PProxyRequest.proto
[INFO] Generate proto file to /home/prestouser/aocsa/sirius-stacks-wt/fix-files-cardinality/experimental/starrocks/starrocks/fe/fe-core/target/temp/com/starrocks/proto/PTabletWriterAddBatchRequest.proto
[INFO] Generate proto file to /home/prestouser/aocsa/sirius-stacks-wt/fix-files-cardinality/experimental/starrocks/starrocks/fe/fe-core/target/temp/com/starrocks/proto/BinlogFileMetaPB.proto
[INFO] Generate proto file to /home/prestouser/aocsa/sirius-stacks-wt/fix-files-cardinality/experimental/starrocks/starrocks/fe/fe-core/target/temp/com/starrocks/proto/LakeTabletParams.proto
[INFO] Generate proto file to /home/prestouser/aocsa/sirius-stacks-wt/fix-files-cardinality/experimental/starrocks/starrocks/fe/fe-core/target/temp/com/starrocks/proto/POlapTableColumnParam.proto
[INFO] Generate proto file to /home/prestouser/aocsa/sirius-stacks-wt/fix-files-cardinality/experimental/starrocks/starrocks/fe/fe-core/target/temp/com/starrocks/proto/EncryptionKeyPB.proto
[INFO] Generate proto file to /home/prestouser/aocsa/sirius-stacks-wt/fix-files-cardinality/experimental/starrocks/starrocks/fe/fe-core/target/temp/com/starrocks/proto/IdenticalTabletInfoPB.proto
[INFO] Generate proto file to /home/prestouser/aocsa/sirius-stacks-wt/fix-files-cardinality/experimental/starrocks/starrocks/fe/fe-core/target/temp/com/starrocks/proto/PartialKVsPB.proto
[INFO] Generate proto file to /home/prestouser/aocsa/sirius-stacks-wt/fix-files-cardinality/experimental/starrocks/starrocks/fe/fe-core/target/temp/com/starrocks/proto/PFetchDataCacheRequest.proto
[INFO] Generate proto file to /home/prestouser/aocsa/sirius-stacks-wt/fix-files-cardinality/experimental/starrocks/starrocks/fe/fe-core/target/temp/com/starrocks/proto/DropTabletCacheRequest.proto
[INFO] Generate proto file to /home/prestouser/aocsa/sirius-stacks-wt/fix-files-cardinality/experimental/starrocks/starrocks/fe/fe-core/target/temp/com/starrocks/proto/EditVersionPB.proto
[INFO] Generate proto file to /home/prestouser/aocsa/sirius-stacks-wt/fix-files-cardinality/experimental/starrocks/starrocks/fe/fe-core/target/temp/com/starrocks/proto/PPulsarBacklogProxyRequest.proto
[INFO] Generate proto file to /home/prestouser/aocsa/sirius-stacks-wt/fix-files-cardinality/experimental/starrocks/starrocks/fe/fe-core/target/temp/com/starrocks/proto/TabletResult.proto
[INFO] Generate proto file to /home/prestouser/aocsa/sirius-stacks-wt/fix-files-cardinality/experimental/starrocks/starrocks/fe/fe-core/target/temp/com/starrocks/proto/UploadSnapshotsResponse.proto
[INFO] Generate proto file to /home/prestouser/aocsa/sirius-stacks-wt/fix-files-cardinality/experimental/starrocks/starrocks/fe/fe-core/target/temp/com/starrocks/proto/InsertRangePB.proto
[INFO] Generate proto file to /home/prestouser/aocsa/sirius-stacks-wt/fix-files-cardinality/experimental/starrocks/starrocks/fe/fe-core/target/temp/com/starrocks/proto/PrimaryKeyDumpPB.proto
[INFO] Generate proto file to /home/prestouser/aocsa/sirius-stacks-wt/fix-files-cardinality/experimental/starrocks/starrocks/fe/fe-core/target/temp/com/starrocks/proto/OLAPDataHeaderMessage.proto
[INFO] Generate proto file to /home/prestouser/aocsa/sirius-stacks-wt/fix-files-cardinality/experimental/starrocks/starrocks/fe/fe-core/target/temp/com/starrocks/proto/VacuumResponse.proto
[INFO] Generate proto file to /home/prestouser/aocsa/sirius-stacks-wt/fix-files-cardinality/experimental/starrocks/starrocks/fe/fe-core/target/temp/com/starrocks/proto/AbortTxnResponse.proto
[INFO] Generate proto file to /home/prestouser/aocsa/sirius-stacks-wt/fix-files-cardinality/experimental/starrocks/starrocks/fe/fe-core/target/temp/com/starrocks/proto/PUpdateTransactionStateResponse.proto
[INFO] Generate proto file to /home/prestouser/aocsa/sirius-stacks-wt/fix-files-cardinality/experimental/starrocks/starrocks/fe/fe-core/target/temp/com/starrocks/proto/PublishLogVersionRequest.proto
[INFO] Generate proto file to /home/prestouser/aocsa/sirius-stacks-wt/fix-files-cardinality/experimental/starrocks/starrocks/fe/fe-core/target/temp/com/starrocks/proto/PTupleDescriptor.proto
[INFO] Generate proto file to /home/prestouser/aocsa/sirius-stacks-wt/fix-files-cardinality/experimental/starrocks/starrocks/fe/fe-core/target/temp/com/starrocks/proto/BinlogFileHeaderPB.proto
[INFO] Generate proto file to /home/prestouser/aocsa/sirius-stacks-wt/fix-files-cardinality/experimental/starrocks/starrocks/fe/fe-core/target/temp/com/starrocks/proto/PLookUpResponse.proto
[INFO] Generate proto file to /home/prestouser/aocsa/sirius-stacks-wt/fix-files-cardinality/experimental/starrocks/starrocks/fe/fe-core/target/temp/com/starrocks/proto/TabletStat.proto
[INFO] Generate proto file to /home/prestouser/aocsa/sirius-stacks-wt/fix-files-cardinality/experimental/starrocks/starrocks/fe/fe-core/target/temp/com/starrocks/proto/EncryptionMetaPB.proto
[INFO] Generate proto file to /home/prestouser/aocsa/sirius-stacks-wt/fix-files-cardinality/experimental/starrocks/starrocks/fe/fe-core/target/temp/com/starrocks/proto/PLookUpRequest.proto
[INFO] Generate proto file to /home/prestouser/aocsa/sirius-stacks-wt/fix-files-cardinality/experimental/starrocks/starrocks/fe/fe-core/target/temp/com/starrocks/proto/LockTabletMetadataRequest.proto
[INFO] Generate proto file to /home/prestouser/aocsa/sirius-stacks-wt/fix-files-cardinality/experimental/starrocks/starrocks/fe/fe-core/target/temp/com/starrocks/proto/PublishLogVersionBatchRequest.proto
[INFO] Generate proto file to /home/prestouser/aocsa/sirius-stacks-wt/fix-files-cardinality/experimental/starrocks/starrocks/fe/fe-core/target/temp/com/starrocks/proto/PCancelPlanFragmentResult.proto
[INFO] Generate proto file to /home/prestouser/aocsa/sirius-stacks-wt/fix-files-cardinality/experimental/starrocks/starrocks/fe/fe-core/target/temp/com/starrocks/proto/PCollectQueryStatisticsResult.proto
[INFO] Generate proto file to /home/prestouser/aocsa/sirius-stacks-wt/fix-files-cardinality/experimental/starrocks/starrocks/fe/fe-core/target/temp/com/starrocks/proto/PTabletWriterOpenRequest.proto
[INFO] Generate proto file to /home/prestouser/aocsa/sirius-stacks-wt/fix-files-cardinality/experimental/starrocks/starrocks/fe/fe-core/target/temp/com/starrocks/proto/PageHeaderPB.proto
[INFO] Generate proto file to /home/prestouser/aocsa/sirius-stacks-wt/fix-files-cardinality/experimental/starrocks/starrocks/fe/fe-core/target/temp/com/starrocks/proto/IndexValuesWithVerPB.proto
[INFO] Generate proto file to /home/prestouser/aocsa/sirius-stacks-wt/fix-files-cardinality/experimental/starrocks/starrocks/fe/fe-core/target/temp/com/starrocks/proto/DeleteTxnLogRequest.proto
[INFO] Generate proto file to /home/prestouser/aocsa/sirius-stacks-wt/fix-files-cardinality/experimental/starrocks/starrocks/fe/fe-core/target/temp/com/starrocks/proto/PKafkaMetaProxyResult.proto
[INFO] Generate proto file to /home/prestouser/aocsa/sirius-stacks-wt/fix-files-cardinality/experimental/starrocks/starrocks/fe/fe-core/target/temp/com/starrocks/proto/PExchangeNixlMd.proto
[INFO] Generate proto file to /home/prestouser/aocsa/sirius-stacks-wt/fix-files-cardinality/experimental/starrocks/starrocks/fe/fe-core/target/temp/com/starrocks/proto/PTabletReaderScanOpenResult.proto
[INFO] Generate proto file to /home/prestouser/aocsa/sirius-stacks-wt/fix-files-cardinality/experimental/starrocks/starrocks/fe/fe-core/target/temp/com/starrocks/proto/PageContentPB.proto
[INFO] Generate proto file to /home/prestouser/aocsa/sirius-stacks-wt/fix-files-cardinality/experimental/starrocks/starrocks/fe/fe-core/target/temp/com/starrocks/proto/PTabletReaderMultiGetResult.proto
[INFO] Generate proto file to /home/prestouser/aocsa/sirius-stacks-wt/fix-files-cardinality/experimental/starrocks/starrocks/fe/fe-core/target/temp/com/starrocks/proto/PFetchArrowSchemaResult.proto
[INFO] Generate proto file to /home/prestouser/aocsa/sirius-stacks-wt/fix-files-cardinality/experimental/starrocks/starrocks/fe/fe-core/target/temp/com/starrocks/proto/DropTabletCacheResponse.proto
[INFO] Generate proto file to /home/prestouser/aocsa/sirius-stacks-wt/fix-files-cardinality/experimental/starrocks/starrocks/fe/fe-core/target/temp/com/starrocks/proto/RestoreSnapshotsRequest.proto
[INFO] Generate proto file to /home/prestouser/aocsa/sirius-stacks-wt/fix-files-cardinality/experimental/starrocks/starrocks/fe/fe-core/target/temp/com/starrocks/proto/PLoadReplicaStatusRequest.proto
[INFO] Generate proto file to /home/prestouser/aocsa/sirius-stacks-wt/fix-files-cardinality/experimental/starrocks/starrocks/fe/fe-core/target/temp/com/starrocks/proto/NodeExecStatsItemPB.proto
[INFO] Generate proto file to /home/prestouser/aocsa/sirius-stacks-wt/fix-files-cardinality/experimental/starrocks/starrocks/fe/fe-core/target/temp/com/starrocks/proto/PExchangeNixlMdResult.proto
[INFO] Generate proto file to /home/prestouser/aocsa/sirius-stacks-wt/fix-files-cardinality/experimental/starrocks/starrocks/fe/fe-core/target/temp/com/starrocks/proto/PKafkaOffsetBatchProxyResult.proto
[INFO] Generate proto file to /home/prestouser/aocsa/sirius-stacks-wt/fix-files-cardinality/experimental/starrocks/starrocks/fe/fe-core/target/temp/com/starrocks/proto/PStreamLoadResponse.proto
[INFO] Generate proto file to /home/prestouser/aocsa/sirius-stacks-wt/fix-files-cardinality/experimental/starrocks/starrocks/fe/fe-core/target/temp/com/starrocks/proto/PTabletReaderScanGetNextResult.proto
[INFO] Generate proto file to /home/prestouser/aocsa/sirius-stacks-wt/fix-files-cardinality/experimental/starrocks/starrocks/fe/fe-core/target/temp/com/starrocks/proto/PStreamLoadRequest.proto
[INFO] Generate proto file to /home/prestouser/aocsa/sirius-stacks-wt/fix-files-cardinality/experimental/starrocks/starrocks/fe/fe-core/target/temp/com/starrocks/proto/PGetFileSchemaRequest.proto
[INFO] Generate proto file to /home/prestouser/aocsa/sirius-stacks-wt/fix-files-cardinality/experimental/starrocks/starrocks/fe/fe-core/target/temp/com/starrocks/proto/PTabletWriterAddSegmentRequest.proto
[INFO] Generate proto file to /home/prestouser/aocsa/sirius-stacks-wt/fix-files-cardinality/experimental/starrocks/starrocks/fe/fe-core/target/temp/com/starrocks/proto/UnlockTabletMetadataResponse.proto
[INFO] Generate proto file to /home/prestouser/aocsa/sirius-stacks-wt/fix-files-cardinality/experimental/starrocks/starrocks/fe/fe-core/target/temp/com/starrocks/proto/PProcessDictionaryCacheRequest.proto
[INFO] Generate proto file to /home/prestouser/aocsa/sirius-stacks-wt/fix-files-cardinality/experimental/starrocks/starrocks/fe/fe-core/target/temp/com/starrocks/proto/MergingTabletInfoPB.proto
[INFO] Generate proto file to /home/prestouser/aocsa/sirius-stacks-wt/fix-files-cardinality/experimental/starrocks/starrocks/fe/fe-core/target/temp/com/starrocks/proto/PTransmitPackedResult.proto
[INFO] Generate proto file to /home/prestouser/aocsa/sirius-stacks-wt/fix-files-cardinality/experimental/starrocks/starrocks/fe/fe-core/target/temp/com/starrocks/proto/PTransmitPackedParams.proto
[INFO] Generate proto file to /home/prestouser/aocsa/sirius-stacks-wt/fix-files-cardinality/experimental/starrocks/starrocks/fe/fe-core/target/temp/com/starrocks/proto/PExecBatchPlanFragmentsRequest.proto
[INFO] Generate proto file to /home/prestouser/aocsa/sirius-stacks-wt/fix-files-cardinality/experimental/starrocks/starrocks/fe/fe-core/target/temp/com/starrocks/proto/DeleteTabletResponse.proto
[INFO] Generate proto file to /home/prestouser/aocsa/sirius-stacks-wt/fix-files-cardinality/experimental/starrocks/starrocks/fe/fe-core/target/temp/com/starrocks/proto/PublishLogVersionResponse.proto
[INFO] Generate proto file to /home/prestouser/aocsa/sirius-stacks-wt/fix-files-cardinality/experimental/starrocks/starrocks/fe/fe-core/target/temp/com/starrocks/proto/AbortCompactionRequest.proto
[INFO] Generate proto file to /home/prestouser/aocsa/sirius-stacks-wt/fix-files-cardinality/experimental/starrocks/starrocks/fe/fe-core/target/temp/com/starrocks/proto/PTabletReaderOpenResult.proto
[INFO] Generate proto file to /home/prestouser/aocsa/sirius-stacks-wt/fix-files-cardinality/experimental/starrocks/starrocks/fe/fe-core/target/temp/com/starrocks/proto/TabletSubtaskStatus.proto
[INFO] Generate proto file to /home/prestouser/aocsa/sirius-stacks-wt/fix-files-cardinality/experimental/starrocks/starrocks/fe/fe-core/target/temp/com/starrocks/proto/PTransmitRuntimeFilterParams.proto
[INFO] Generate proto file to /home/prestouser/aocsa/sirius-stacks-wt/fix-files-cardinality/experimental/starrocks/starrocks/fe/fe-core/target/temp/com/starrocks/proto/OldDeltaColumnGroupPB.proto
[INFO] Generate proto file to /home/prestouser/aocsa/sirius-stacks-wt/fix-files-cardinality/experimental/starrocks/starrocks/fe/fe-core/target/temp/com/starrocks/proto/DeltaColumnGroupSnapshotPB.proto
[INFO] Generate proto file to /home/prestouser/aocsa/sirius-stacks-wt/fix-files-cardinality/experimental/starrocks/starrocks/fe/fe-core/target/temp/com/starrocks/proto/PTabletWriterAddChunkRequest.proto
[INFO] Generate proto file to /home/prestouser/aocsa/sirius-stacks-wt/fix-files-cardinality/experimental/starrocks/starrocks/fe/fe-core/target/temp/com/starrocks/proto/Snapshot.proto
[INFO] Generate proto file to /home/prestouser/aocsa/sirius-stacks-wt/fix-files-cardinality/experimental/starrocks/starrocks/fe/fe-core/target/temp/com/starrocks/proto/PLoadReplicaStatus.proto
[INFO] Generate proto file to /home/prestouser/aocsa/sirius-stacks-wt/fix-files-cardinality/experimental/starrocks/starrocks/fe/fe-core/target/temp/com/starrocks/proto/PTransmitRuntimeFilterResult.proto
[INFO] Generate proto file to /home/prestouser/aocsa/sirius-stacks-wt/fix-files-cardinality/experimental/starrocks/starrocks/fe/fe-core/target/temp/com/starrocks/proto/DeleteTxnLogResponse.proto
[INFO] Generate proto file to /home/prestouser/aocsa/sirius-stacks-wt/fix-files-cardinality/experimental/starrocks/starrocks/fe/fe-core/target/temp/com/starrocks/proto/PFetchArrowSchemaRequest.proto
[INFO] Generate proto file to /home/prestouser/aocsa/sirius-stacks-wt/fix-files-cardinality/experimental/starrocks/starrocks/fe/fe-core/target/temp/com/starrocks/proto/OLAPRawDeltaHeaderMessage.proto
[INFO] Generate proto file to /home/prestouser/aocsa/sirius-stacks-wt/fix-files-cardinality/experimental/starrocks/starrocks/fe/fe-core/target/temp/com/starrocks/proto/GetTabletMetadatasRequest.proto
[INFO] Generate proto file to /home/prestouser/aocsa/sirius-stacks-wt/fix-files-cardinality/experimental/starrocks/starrocks/fe/fe-core/target/temp/com/starrocks/proto/ComputeNodePB.proto
[INFO] Generate proto file to /home/prestouser/aocsa/sirius-stacks-wt/fix-files-cardinality/experimental/starrocks/starrocks/fe/fe-core/target/temp/com/starrocks/proto/OLAPIndexHeaderMessage.proto
[INFO] Generate proto file to /home/prestouser/aocsa/sirius-stacks-wt/fix-files-cardinality/experimental/starrocks/starrocks/fe/fe-core/target/temp/com/starrocks/proto/PFetchDataCacheResponse.proto
[INFO] Generate proto file to /home/prestouser/aocsa/sirius-stacks-wt/fix-files-cardinality/experimental/starrocks/starrocks/fe/fe-core/target/temp/com/starrocks/proto/PExecPlanFragmentResult.proto
[INFO] Generate proto file to /home/prestouser/aocsa/sirius-stacks-wt/fix-files-cardinality/experimental/starrocks/starrocks/fe/fe-core/target/temp/com/starrocks/proto/PTriggerProfileReportRequest.proto
[INFO] Generate proto file to /home/prestouser/aocsa/sirius-stacks-wt/fix-files-cardinality/experimental/starrocks/starrocks/fe/fe-core/target/temp/com/starrocks/proto/PStagingLeaseResult.proto
[INFO] Generate proto file to /home/prestouser/aocsa/sirius-stacks-wt/fix-files-cardinality/experimental/starrocks/starrocks/fe/fe-core/target/temp/com/starrocks/proto/RepairTabletMetadataResponse.proto
[INFO] Generate proto file to /home/prestouser/aocsa/sirius-stacks-wt/fix-files-cardinality/experimental/starrocks/starrocks/fe/fe-core/target/temp/com/starrocks/proto/PTabletReaderMultiGetRequest.proto
[INFO] Generate proto file to /home/prestouser/aocsa/sirius-stacks-wt/fix-files-cardinality/experimental/starrocks/starrocks/fe/fe-core/target/temp/com/starrocks/proto/DelvecCacheKeyPB.proto
[INFO] Generate proto file to /home/prestouser/aocsa/sirius-stacks-wt/fix-files-cardinality/experimental/starrocks/starrocks/fe/fe-core/target/temp/com/starrocks/proto/CombinedTxnLogPB.proto
[INFO] Generate proto file to /home/prestouser/aocsa/sirius-stacks-wt/fix-files-cardinality/experimental/starrocks/starrocks/fe/fe-core/target/temp/com/starrocks/proto/PExecShortCircuitResult.proto
[INFO] Generate proto file to /home/prestouser/aocsa/sirius-stacks-wt/fix-files-cardinality/experimental/starrocks/starrocks/fe/fe-core/target/temp/com/starrocks/proto/TabletParallelConfig.proto
[INFO] Generate proto file to /home/prestouser/aocsa/sirius-stacks-wt/fix-files-cardinality/experimental/starrocks/starrocks/fe/fe-core/target/temp/com/starrocks/proto/PPulsarProxyRequest.proto
[INFO] Generate proto file to /home/prestouser/aocsa/sirius-stacks-wt/fix-files-cardinality/experimental/starrocks/starrocks/fe/fe-core/target/temp/com/starrocks/proto/UnlockTabletMetadataRequest.proto
[INFO] Generate proto file to /home/prestouser/aocsa/sirius-stacks-wt/fix-files-cardinality/experimental/starrocks/starrocks/fe/fe-core/target/temp/com/starrocks/proto/PTabletReaderCloseResult.proto
[INFO] Generate proto file to /home/prestouser/aocsa/sirius-stacks-wt/fix-files-cardinality/experimental/starrocks/starrocks/fe/fe-core/target/temp/com/starrocks/proto/PQueryStatistics.proto
[INFO] Generate proto file to /home/prestouser/aocsa/sirius-stacks-wt/fix-files-cardinality/experimental/starrocks/starrocks/fe/fe-core/target/temp/com/starrocks/proto/PTabletReaderScanGetNextRequest.proto
[INFO] Generate proto file to /home/prestouser/aocsa/sirius-stacks-wt/fix-files-cardinality/experimental/starrocks/starrocks/fe/fe-core/target/temp/com/starrocks/proto/CompactResponse.proto
[INFO] Generate proto file to /home/prestouser/aocsa/sirius-stacks-wt/fix-files-cardinality/experimental/starrocks/starrocks/fe/fe-core/target/temp/com/starrocks/proto/PCollectQueryStatisticsRequest.proto
[INFO] Generate proto file to /home/prestouser/aocsa/sirius-stacks-wt/fix-files-cardinality/experimental/starrocks/starrocks/fe/fe-core/target/temp/com/starrocks/proto/PLoadDiagnoseResult.proto
[INFO] Generate proto file to /home/prestouser/aocsa/sirius-stacks-wt/fix-files-cardinality/experimental/starrocks/starrocks/fe/fe-core/target/temp/com/starrocks/proto/DeleteDataRequest.proto
[INFO] Generate proto file to /home/prestouser/aocsa/sirius-stacks-wt/fix-files-cardinality/experimental/starrocks/starrocks/fe/fe-core/target/temp/com/starrocks/proto/PStagingLeaseRequest.proto
[INFO] Generate proto file to /home/prestouser/aocsa/sirius-stacks-wt/fix-files-cardinality/experimental/starrocks/starrocks/fe/fe-core/target/temp/com/starrocks/proto/VacuumFullRequest.proto
[INFO] Generate proto file to /home/prestouser/aocsa/sirius-stacks-wt/fix-files-cardinality/experimental/starrocks/starrocks/fe/fe-core/target/temp/com/starrocks/proto/PTabletWriterAddChunksRequest.proto
[INFO] Generate proto file to /home/prestouser/aocsa/sirius-stacks-wt/fix-files-cardinality/experimental/starrocks/starrocks/fe/fe-core/target/temp/com/starrocks/proto/RestoreSnapshotsResponse.proto
[INFO] Generate proto file to /home/prestouser/aocsa/sirius-stacks-wt/fix-files-cardinality/experimental/starrocks/starrocks/fe/fe-core/target/temp/com/starrocks/proto/PTabletReaderOpenRequest.proto
[INFO] Generate proto file to /home/prestouser/aocsa/sirius-stacks-wt/fix-files-cardinality/experimental/starrocks/starrocks/fe/fe-core/target/temp/com/starrocks/proto/PFailPointInfo.proto
[INFO] Generate proto file to /home/prestouser/aocsa/sirius-stacks-wt/fix-files-cardinality/experimental/starrocks/starrocks/fe/fe-core/target/temp/com/starrocks/proto/PExecBatchPlanFragmentsResult.proto
[INFO] Generate proto file to /home/prestouser/aocsa/sirius-stacks-wt/fix-files-cardinality/experimental/starrocks/starrocks/fe/fe-core/target/temp/com/starrocks/proto/PublishVersionResponse.proto
[INFO] Generate proto file to /home/prestouser/aocsa/sirius-stacks-wt/fix-files-cardinality/experimental/starrocks/starrocks/fe/fe-core/target/temp/com/starrocks/proto/DeleteDataResponse.proto
[INFO] Generate proto file to /home/prestouser/aocsa/sirius-stacks-wt/fix-files-cardinality/experimental/starrocks/starrocks/fe/fe-core/target/temp/com/starrocks/proto/PLoadDiagnoseRequest.proto
[INFO] Generate proto file to /home/prestouser/aocsa/sirius-stacks-wt/fix-files-cardinality/experimental/starrocks/starrocks/fe/fe-core/target/temp/com/starrocks/proto/DeleteTabletRequest.proto
[INFO] Generate proto file to /home/prestouser/aocsa/sirius-stacks-wt/fix-files-cardinality/experimental/starrocks/starrocks/fe/fe-core/target/temp/com/starrocks/proto/TransactionStatePB.proto
[INFO] Generate proto file to /home/prestouser/aocsa/sirius-stacks-wt/fix-files-cardinality/experimental/starrocks/starrocks/fe/fe-core/target/temp/com/starrocks/proto/CompactRequest.proto
[INFO] Generate proto file to /home/prestouser/aocsa/sirius-stacks-wt/fix-files-cardinality/experimental/starrocks/starrocks/fe/fe-core/target/temp/com/starrocks/proto/AggregatePublishVersionRequest.proto
[INFO] Generate proto file to /home/prestouser/aocsa/sirius-stacks-wt/fix-files-cardinality/experimental/starrocks/starrocks/fe/fe-core/target/temp/com/starrocks/proto/AggregateCompactRequest.proto
[INFO] Generate proto file to /home/prestouser/aocsa/sirius-stacks-wt/fix-files-cardinality/experimental/starrocks/starrocks/fe/fe-core/target/temp/com/starrocks/proto/PTabletReaderScanOpenRequest.proto
[INFO] Generate proto file to /home/prestouser/aocsa/sirius-stacks-wt/fix-files-cardinality/experimental/starrocks/starrocks/fe/fe-core/target/temp/com/starrocks/proto/PGetFileSchemaResult.proto
[INFO] Generate proto file to /home/prestouser/aocsa/sirius-stacks-wt/fix-files-cardinality/experimental/starrocks/starrocks/fe/fe-core/target/temp/com/starrocks/proto/ExecuteCommandResultPB.proto
[INFO] Generate proto file to /home/prestouser/aocsa/sirius-stacks-wt/fix-files-cardinality/experimental/starrocks/starrocks/fe/fe-core/target/temp/com/starrocks/proto/TxnFinishStatePB.proto
[INFO] Generate proto file to /home/prestouser/aocsa/sirius-stacks-wt/fix-files-cardinality/experimental/starrocks/starrocks/fe/fe-core/target/temp/com/starrocks/proto/PUpdateFailPointStatusResponse.proto
[INFO] Generate proto file to /home/prestouser/aocsa/sirius-stacks-wt/fix-files-cardinality/experimental/starrocks/starrocks/fe/fe-core/target/temp/com/starrocks/proto/VacuumRequest.proto
[INFO] Generate proto file to /home/prestouser/aocsa/sirius-stacks-wt/fix-files-cardinality/experimental/starrocks/starrocks/fe/fe-core/target/temp/com/starrocks/proto/PCancelPlanFragmentRequest.proto
[INFO] Generate proto file to /home/prestouser/aocsa/sirius-stacks-wt/fix-files-cardinality/experimental/starrocks/starrocks/fe/fe-core/target/temp/com/starrocks/proto/RepairTabletMetadataRequest.proto
[INFO] Generate proto file to /home/prestouser/aocsa/sirius-stacks-wt/fix-files-cardinality/experimental/starrocks/starrocks/fe/fe-core/target/temp/com/starrocks/proto/TabletInfo.proto
[INFO] Generate proto file to /home/prestouser/aocsa/sirius-stacks-wt/fix-files-cardinality/experimental/starrocks/starrocks/fe/fe-core/target/temp/com/starrocks/proto/PUpdateTransactionStateRequest.proto
[INFO] Generate proto file to /home/prestouser/aocsa/sirius-stacks-wt/fix-files-cardinality/experimental/starrocks/starrocks/fe/fe-core/target/temp/com/starrocks/proto/PFetchDataRequest.proto
[INFO] Generate proto file to /home/prestouser/aocsa/sirius-stacks-wt/fix-files-cardinality/experimental/starrocks/starrocks/fe/fe-core/target/temp/com/starrocks/proto/PListFailPointResponse.proto
[INFO] Generate proto file to /home/prestouser/aocsa/sirius-stacks-wt/fix-files-cardinality/experimental/starrocks/starrocks/fe/fe-core/target/temp/com/starrocks/proto/VacuumFullResponse.proto
[INFO] Generate proto file to /home/prestouser/aocsa/sirius-stacks-wt/fix-files-cardinality/experimental/starrocks/starrocks/fe/fe-core/target/temp/com/starrocks/proto/PLoadReplicaStatusResult.proto
[INFO] Generate proto file to /home/prestouser/aocsa/sirius-stacks-wt/fix-files-cardinality/experimental/starrocks/starrocks/fe/fe-core/target/temp/com/starrocks/proto/TabletStatRequest.proto
[INFO] Generate proto file to /home/prestouser/aocsa/sirius-stacks-wt/fix-files-cardinality/experimental/starrocks/starrocks/fe/fe-core/target/temp/com/starrocks/proto/PFetchDataResult.proto
[INFO] Generate proto file to /home/prestouser/aocsa/sirius-stacks-wt/fix-files-cardinality/experimental/starrocks/starrocks/fe/fe-core/target/temp/com/starrocks/proto/PExecShortCircuitRequest.proto
[INFO] Generate proto file to /home/prestouser/aocsa/sirius-stacks-wt/fix-files-cardinality/experimental/starrocks/starrocks/fe/fe-core/target/temp/com/starrocks/proto/ExecuteCommandRequestPB.proto
[INFO] Generate proto file to /home/prestouser/aocsa/sirius-stacks-wt/fix-files-cardinality/experimental/starrocks/starrocks/fe/fe-core/target/temp/com/starrocks/proto/BundleTabletMetadataPB.proto
[INFO] Generate proto file to /home/prestouser/aocsa/sirius-stacks-wt/fix-files-cardinality/experimental/starrocks/starrocks/fe/fe-core/target/temp/com/starrocks/proto/TabletMetaLogPB.proto
[INFO] Generate proto file to /home/prestouser/aocsa/sirius-stacks-wt/fix-files-cardinality/experimental/starrocks/starrocks/fe/fe-core/target/temp/com/starrocks/proto/PTransmitDataResult.proto
[INFO] Generate proto file to /home/prestouser/aocsa/sirius-stacks-wt/fix-files-cardinality/experimental/starrocks/starrocks/fe/fe-core/target/temp/com/starrocks/proto/AbortCompactionResponse.proto
[INFO] Generate proto file to /home/prestouser/aocsa/sirius-stacks-wt/fix-files-cardinality/experimental/starrocks/starrocks/fe/fe-core/target/temp/com/starrocks/proto/PTransmitDataParams.proto
[INFO] Generate proto file to /home/prestouser/aocsa/sirius-stacks-wt/fix-files-cardinality/experimental/starrocks/starrocks/fe/fe-core/target/temp/com/starrocks/proto/PProxyResult.proto
[INFO] Generate proto file to /home/prestouser/aocsa/sirius-stacks-wt/fix-files-cardinality/experimental/starrocks/starrocks/fe/fe-core/target/temp/com/starrocks/proto/PMVMaintenanceTaskResult.proto
[INFO] Generate proto file to /home/prestouser/aocsa/sirius-stacks-wt/fix-files-cardinality/experimental/starrocks/starrocks/fe/fe-core/target/temp/com/starrocks/proto/PUpdateFailPointStatusRequest.proto
[INFO] Generate proto file to /home/prestouser/aocsa/sirius-stacks-wt/fix-files-cardinality/experimental/starrocks/starrocks/fe/fe-core/target/temp/com/starrocks/proto/PTabletWriterOpenResult.proto
[INFO] Generate proto file to /home/prestouser/aocsa/sirius-stacks-wt/fix-files-cardinality/experimental/starrocks/starrocks/fe/fe-core/target/temp/com/starrocks/proto/PTabletWriterCancelRequest.proto
[INFO] Generate proto file to /home/prestouser/aocsa/sirius-stacks-wt/fix-files-cardinality/experimental/starrocks/starrocks/fe/fe-core/target/temp/com/starrocks/proto/GetTabletMetadatasResponse.proto
[INFO] Generate proto file to /home/prestouser/aocsa/sirius-stacks-wt/fix-files-cardinality/experimental/starrocks/starrocks/fe/fe-core/target/temp/com/starrocks/proto/PTransmitChunkResult.proto
[INFO] Generate proto file to /home/prestouser/aocsa/sirius-stacks-wt/fix-files-cardinality/experimental/starrocks/starrocks/fe/fe-core/target/temp/com/starrocks/proto/PTransmitChunkParams.proto
[INFO] Generate proto file to /home/prestouser/aocsa/sirius-stacks-wt/fix-files-cardinality/experimental/starrocks/starrocks/fe/fe-core/target/temp/com/starrocks/proto/DropTableResponse.proto
[INFO] Generate proto file to /home/prestouser/aocsa/sirius-stacks-wt/fix-files-cardinality/experimental/starrocks/starrocks/fe/fe-core/target/temp/com/starrocks/proto/TabletStatResponse.proto
[INFO] Generate proto file to /home/prestouser/aocsa/sirius-stacks-wt/fix-files-cardinality/experimental/starrocks/starrocks/fe/fe-core/target/temp/com/starrocks/proto/UploadSnapshotsRequest.proto
[INFO] Generate proto file to /home/prestouser/aocsa/sirius-stacks-wt/fix-files-cardinality/experimental/starrocks/starrocks/fe/fe-core/target/temp/com/starrocks/proto/PTriggerProfileReportResult.proto
[INFO] Generate proto file to /home/prestouser/aocsa/sirius-stacks-wt/fix-files-cardinality/experimental/starrocks/starrocks/fe/fe-core/target/temp/com/starrocks/proto/LockTabletMetadataResponse.proto
[INFO] Generate proto file to /home/prestouser/aocsa/sirius-stacks-wt/fix-files-cardinality/experimental/starrocks/starrocks/fe/fe-core/target/temp/com/starrocks/proto/PTabletReaderCloseRequest.proto
[INFO] Generate proto file to /home/prestouser/aocsa/sirius-stacks-wt/fix-files-cardinality/experimental/starrocks/starrocks/fe/fe-core/target/temp/com/starrocks/rpc/PMVMaintenanceTaskRequest.proto
[INFO] Generate proto file to /home/prestouser/aocsa/sirius-stacks-wt/fix-files-cardinality/experimental/starrocks/starrocks/fe/fe-core/target/temp/com/starrocks/rpc/PFetchDataRequest.proto
[INFO] Generate proto file to /home/prestouser/aocsa/sirius-stacks-wt/fix-files-cardinality/experimental/starrocks/starrocks/fe/fe-core/target/temp/com/starrocks/rpc/PExecShortCircuitRequest.proto
[INFO] Generate proto file to /home/prestouser/aocsa/sirius-stacks-wt/fix-files-cardinality/experimental/starrocks/starrocks/fe/fe-core/target/temp/com/starrocks/rpc/PListFailPointRequest.proto
[INFO] Generate proto file to /home/prestouser/aocsa/sirius-stacks-wt/fix-files-cardinality/experimental/starrocks/starrocks/fe/fe-core/target/temp/com/starrocks/rpc/PCollectQueryStatisticsRequest.proto
[INFO] Generate proto file to /home/prestouser/aocsa/sirius-stacks-wt/fix-files-cardinality/experimental/starrocks/starrocks/fe/fe-core/target/temp/com/starrocks/rpc/PGetFileSchemaRequest.proto
[INFO] Generate proto file to /home/prestouser/aocsa/sirius-stacks-wt/fix-files-cardinality/experimental/starrocks/starrocks/fe/fe-core/target/temp/com/starrocks/rpc/PExecBatchPlanFragmentsRequest.proto
[INFO] Generate proto file to /home/prestouser/aocsa/sirius-stacks-wt/fix-files-cardinality/experimental/starrocks/starrocks/fe/fe-core/target/temp/com/starrocks/rpc/PTriggerProfileReportRequest.proto
[INFO] Generate proto file to /home/prestouser/aocsa/sirius-stacks-wt/fix-files-cardinality/experimental/starrocks/starrocks/fe/fe-core/target/temp/com/starrocks/rpc/PExecPlanFragmentRequest.proto
[INFO] no modify class 'FileIdPB', will skip precompile.
[INFO] no modify class 'TabletIndexPB', will skip precompile.
[INFO] no modify class 'Integer', will skip precompile.
[INFO] no modify class 'PFailPointInfo', will skip precompile.
[INFO] no modify class 'POlapTableSchemaParam', will skip precompile.
[INFO] no modify class 'CompactRequest', will skip precompile.
[INFO] no modify class 'PFailPointTriggerMode', will skip precompile.
[INFO] no modify class 'PPulsarLoadInfo', will skip precompile.
[INFO] no modify class 'AggStateDescPB', will skip precompile.
[INFO] no modify class 'PKafkaOffsetBatchProxyRequest', will skip precompile.
[INFO] no modify class 'StatusPB', will skip precompile.
[INFO] no modify class 'TxnLogPB', will skip precompile.
[INFO] no modify class 'TabletMetadataEntry', will skip precompile.
[INFO] no modify class 'DelfileWithRowsetId', will skip precompile.
[INFO] no modify class 'TableSchemaKeyPB', will skip precompile.
[INFO] no modify class 'DeletePB', will skip precompile.
[INFO] no modify class 'ReplicationTxnMetaPB', will skip precompile.
[INFO] no modify class 'PublishVersionRequest', will skip precompile.
[INFO] no modify class 'TransactionStatePB', will skip precompile.
[INFO] no modify class 'RowsetStatIdPB', will skip precompile.
[INFO] no modify class 'DeltaColumnGroupListPB', will skip precompile.
[INFO] no modify class 'PUniqueId', will skip precompile.
[INFO] no modify class 'ColumnPB', will skip precompile.
[INFO] no modify class 'PKafkaOffsetBatchProxyResult', will skip precompile.
[INFO] no modify class 'IsNullPredicatePB', will skip precompile.
[INFO] no modify class 'TabletParallelConfig', will skip precompile.
[INFO] no modify class 'TabletRangePB', will skip precompile.
[INFO] no modify class 'PTabletWithPartition', will skip precompile.
[INFO] no modify class 'ReshardingTabletInfoPB', will skip precompile.
[INFO] no modify class 'EditVersionMetaPB', will skip precompile.
[INFO] no modify class 'BinaryPredicatePB', will skip precompile.
[INFO] no modify class 'RowsetTxnMetaPB', will skip precompile.
[INFO] no modify class 'PStructField', will skip precompile.
[INFO] no modify class 'FlatJsonConfigPB', will skip precompile.
[INFO] no modify class 'PPulsarMetaProxyRequest', will skip precompile.
[INFO] no modify class 'DelvecDataPB', will skip precompile.
[INFO] no modify class 'POlapTableIndexSchema', will skip precompile.
[INFO] no modify class 'POlapTableColumnParam', will skip precompile.
[INFO] no modify class 'ComputeNodePB', will skip precompile.
[INFO] no modify class 'PTransmitRuntimeFilterForwardTarget', will skip precompile.
[INFO] no modify class 'DeltaColumnGroupColumnIdsPB', will skip precompile.
[INFO] no modify class 'AlterTabletPB', will skip precompile.
[INFO] no modify class 'PTabletWriterAddChunkRequest', will skip precompile.
[INFO] no modify class 'PKafkaOffsetProxyRequest', will skip precompile.
[INFO] no modify class 'PKafkaOffsetProxyResult', will skip precompile.
[INFO] no modify class 'SegmentPB', will skip precompile.
[INFO] no modify class 'TabletInfoPB', will skip precompile.
[INFO] no modify class 'SplittingTabletInfoPB', will skip precompile.
[INFO] no modify class 'PTypeDesc', will skip precompile.
[INFO] no modify class 'PRowBatch', will skip precompile.
[INFO] no modify class 'LogEntryPB', will skip precompile.
[INFO] no modify class 'TabletMetadataPB', will skip precompile.
[INFO] no modify class 'PrimaryIndexDumpPB', will skip precompile.
[INFO] no modify class 'PKafkaLoadInfo', will skip precompile.
[INFO] no modify class 'DeltaColumnGroupPB', will skip precompile.
[INFO] no modify class 'PPulsarBacklogProxyRequest', will skip precompile.
[INFO] no modify class 'PPulsarBacklogBatchProxyResult', will skip precompile.
[INFO] no modify class 'DelvecMetadataPB', will skip precompile.
[INFO] no modify class 'DeltaColumnGroupMetadataPB', will skip precompile.
[INFO] no modify class 'EncryptionKeyPB', will skip precompile.
[INFO] no modify class 'TxnInfoPB', will skip precompile.
[INFO] no modify class 'PPulsarBacklogProxyResult', will skip precompile.
[INFO] no modify class 'DelvecPagePB', will skip precompile.
[INFO] no modify class 'QueryStatisticsItemPB', will skip precompile.
[INFO] no modify class 'IdenticalTabletInfoPB', will skip precompile.
[INFO] no modify class 'FooterPointerPB', will skip precompile.
[INFO] no modify class 'InPredicatePB', will skip precompile.
[INFO] no modify class 'NodeExecStatsItemPB', will skip precompile.
[INFO] no modify class 'SegmentMetadataPB', will skip precompile.
[INFO] no modify class 'FileMetaPB', will skip precompile.
[INFO] no modify class 'Boolean', will skip precompile.
[INFO] no modify class 'SegmentIndexPB', will skip precompile.
[INFO] no modify class 'RowsetMetaIdPB', will skip precompile.
[INFO] no modify class 'RowsetMetadataPB', will skip precompile.
[INFO] no modify class 'Long', will skip precompile.
[INFO] no modify class 'MetadataUpdateInfoPB', will skip precompile.
[INFO] no modify class 'TabletUpdatesExtraFileSize', will skip precompile.
[INFO] no modify class 'ChunkExtraColumnsMetaPB', will skip precompile.
[INFO] no modify class 'CompactStat', will skip precompile.
[INFO] no modify class 'PPulsarBacklogBatchProxyRequest', will skip precompile.
[INFO] no modify class 'PKafkaMetaProxyRequest', will skip precompile.
[INFO] no modify class 'DropTabletCacheMeta', will skip precompile.
[INFO] no modify class 'TuplePB', will skip precompile.
[INFO] no modify class 'PLoadChannelProfileConfig', will skip precompile.
[INFO] no modify class 'PScalarType', will skip precompile.
[INFO] no modify class 'EditVersionPB', will skip precompile.
[INFO] no modify class 'ChunkPB', will skip precompile.
[INFO] no modify class 'TabletMetaOpPB', will skip precompile.
[INFO] no modify class 'RestoreInfo', will skip precompile.
[INFO] no modify class 'DeletePredicatePB', will skip precompile.
[INFO] no modify class 'ZoneMapOfRowset', will skip precompile.
[INFO] no modify class 'VariantPB', will skip precompile.
[INFO] no modify class 'TabletSchemaPB', will skip precompile.
[INFO] no modify class 'IndexValueWithVerPB', will skip precompile.
[INFO] no modify class 'PNetworkAddress', will skip precompile.
[INFO] no modify class 'PersistentIndexSstableRangePB', will skip precompile.
[INFO] no modify class 'PColumn', will skip precompile.
[INFO] no modify class 'PTupleDescriptor', will skip precompile.
[INFO] no modify class 'PPulsarMetaProxyResult', will skip precompile.
[INFO] no modify class 'PrimaryKeyColumnPB', will skip precompile.
[INFO] no modify class 'BinlogConfigPB', will skip precompile.
[INFO] no modify class 'byte[]', will skip precompile.
[INFO] no modify class 'TabletResult', will skip precompile.
[INFO] no modify class 'DeltaColumnGroupVerPB', will skip precompile.
[INFO] no modify class 'TabletSubtaskStatus', will skip precompile.
[INFO] no modify class 'DeltaColumnGroupListIdPB', will skip precompile.
[INFO] no modify class 'PagePointerPB', will skip precompile.
[INFO] no modify class 'PQueryStatistics', will skip precompile.
[INFO] no modify class 'PKafkaMetaProxyResult', will skip precompile.
[INFO] no modify class 'PCollectQueryStatistics', will skip precompile.
[INFO] no modify class 'UpdatePB', will skip precompile.
[INFO] no modify class 'MergingTabletInfoPB', will skip precompile.
[INFO] no modify class 'PrimaryIndexMultiLevelPB', will skip precompile.
[INFO] no modify class 'PTypeNode', will skip precompile.
[INFO] no modify class 'PTabletInfo', will skip precompile.
[INFO] no modify class 'PersistentIndexSstablePB', will skip precompile.
[INFO] no modify class 'InsertRangePB', will skip precompile.
[INFO] no modify class 'RowsetMetaPB', will skip precompile.
[INFO] no modify class 'TabletUpdatesPB', will skip precompile.
[INFO] no modify class 'Snapshot', will skip precompile.
[INFO] no modify class 'BinlogLsnPB', will skip precompile.
[INFO] no modify class 'PLoadReplicaStatus', will skip precompile.
[INFO] no modify class 'PSlotDescriptor', will skip precompile.
[INFO] no modify class 'PStringPair', will skip precompile.
[INFO] no modify class 'TabletMetadataRepairStatus', will skip precompile.
[INFO] no modify class 'TabletMetaPB', will skip precompile.
[INFO] no modify class 'CompactionInfoPB', will skip precompile.
[INFO] no modify class 'Double', will skip precompile.
[INFO] no modify class 'DeleteVectorStatPB', will skip precompile.
[INFO] no modify class 'PersistentIndexSstableMetaPB', will skip precompile.
[INFO] JProtobuf pre compile finished. 306 classes compiled.
[INFO] JProtobuf pre compile done time took: 29330ms
[INFO] 
[INFO] --- jacoco:0.8.12:instrument (instrument) @ fe-core ---
[INFO] 
[INFO] --- resources:3.4.0:testResources (default-testResources) @ fe-core ---
[INFO] Copying 761 resources from src/test/resources to target/test-classes
[INFO] 
[INFO] --- compiler:3.15.0:testCompile (default-testCompile) @ fe-core ---
[INFO] Recompiling the module because of changed dependency.
[INFO] Compiling 1712 source files with javac [debug release 17] to target/test-classes
[INFO] /home/prestouser/aocsa/sirius-stacks-wt/fix-files-cardinality/experimental/starrocks/starrocks/fe/fe-core/src/test/java/com/starrocks/utframe/StarRocksAssert.java: Some input files use or override a deprecated API.
[INFO] /home/prestouser/aocsa/sirius-stacks-wt/fix-files-cardinality/experimental/starrocks/starrocks/fe/fe-core/src/test/java/com/starrocks/utframe/StarRocksAssert.java: Recompile with -Xlint:deprecation for details.
[INFO] /home/prestouser/aocsa/sirius-stacks-wt/fix-files-cardinality/experimental/starrocks/starrocks/fe/fe-core/src/test/java/com/starrocks/utframe/StarRocksAssert.java: Some input files use unchecked or unsafe operations.
[INFO] /home/prestouser/aocsa/sirius-stacks-wt/fix-files-cardinality/experimental/starrocks/starrocks/fe/fe-core/src/test/java/com/starrocks/utframe/StarRocksAssert.java: Recompile with -Xlint:unchecked for details.
[INFO] 
[INFO] --- surefire:3.2.5:test (default-test) @ fe-core ---
[INFO] Using auto detected provider org.apache.maven.surefire.junitplatform.JUnitPlatformProvider
[INFO] 
[INFO] -------------------------------------------------------
[INFO]  T E S T S
[INFO] -------------------------------------------------------
[INFO] Running com.starrocks.catalog.TableFunctionTableTest
[INFO] Running com.starrocks.sql.plan.FilesScanStatisticsTest
[INFO] Running com.starrocks.sql.optimizer.statistics.StatisticsCalculatorTest
mocked frontend running in dir: /home/prestouser/aocsa/sirius-stacks-wt/fix-files-cardinality/experimental/starrocks/starrocks/fe/mocked/test/b770ec93-57a9-449e-b59a-ee5b331159d3/
mocked frontend running in dir: /home/prestouser/aocsa/sirius-stacks-wt/fix-files-cardinality/experimental/starrocks/starrocks/fe/mocked/test/8d47ad08-4ef2-481e-b62c-651a3fe26b61/
2026-09-04 03:07:15 [main] WARN  NativeCodeLoader:60 - Unable to load native-hadoop library for your platform... using builtin-java classes where applicable
2026-09-04 03:07:16 [main] ERROR HdfsFsManager:994 - errors while connect to fake://some_bucket/some_dir/file1
org.apache.hadoop.fs.UnsupportedFileSystemException: No FileSystem for scheme "fake"
	at org.apache.hadoop.fs.FileSystem.getFileSystemClass(FileSystem.java:3581) ~[hadoop-common-3.4.3.jar:?]
	at org.apache.hadoop.fs.FileSystem.createFileSystem(FileSystem.java:3612) ~[hadoop-common-3.4.3.jar:?]
	at org.apache.hadoop.fs.FileSystem.access$300(FileSystem.java:172) ~[hadoop-common-3.4.3.jar:?]
	at org.apache.hadoop.fs.FileSystem$Cache.getInternal(FileSystem.java:3716) ~[hadoop-common-3.4.3.jar:?]
	at org.apache.hadoop.fs.FileSystem$Cache.get(FileSystem.java:3667) ~[hadoop-common-3.4.3.jar:?]
	at org.apache.hadoop.fs.FileSystem.get(FileSystem.java:557) ~[hadoop-common-3.4.3.jar:?]
	at com.starrocks.fs.hdfs.HdfsFsManager.getUniversalFileSystem(HdfsFsManager.java:980) ~[classes/:?]
	at com.starrocks.fs.hdfs.HdfsFsManager.getFileSystem(HdfsFsManager.java:480) ~[classes/:?]
	at com.starrocks.fs.hdfs.HdfsFsManager.getTProperties(HdfsFsManager.java:1209) ~[classes/:?]
	at com.starrocks.fs.hdfs.HdfsService.getTProperties(HdfsService.java:54) ~[classes/:?]
	at com.starrocks.fs.HdfsUtil.getTProperties(HdfsUtil.java:65) ~[classes/:?]
	at com.starrocks.fs.hdfs.HdfsFileSystemWrap.getHdfsProperties(HdfsFileSystemWrap.java:41) ~[classes/:?]
	at com.starrocks.catalog.TableFunctionTable.getGetFileSchemaRequest(TableFunctionTable.java:732) ~[classes/:?]
	at com.starrocks.catalog.TableFunctionTable.getFileSchema(TableFunctionTable.java:790) ~[classes/:?]
	at jdk.internal.reflect.NativeMethodAccessorImpl.invoke0(Native Method) ~[?:?]
	at jdk.internal.reflect.NativeMethodAccessorImpl.invoke(NativeMethodAccessorImpl.java:77) ~[?:?]
	at jdk.internal.reflect.DelegatingMethodAccessorImpl.invoke(DelegatingMethodAccessorImpl.java:43) ~[?:?]
	at java.lang.reflect.Method.invoke(Method.java:569) ~[?:?]
	at com.starrocks.catalog.TableFunctionTableTest.testGetFileSchema(TableFunctionTableTest.java:184) ~[test-classes/:?]
	at jdk.internal.reflect.NativeMethodAccessorImpl.invoke0(Native Method) ~[?:?]
	at jdk.internal.reflect.NativeMethodAccessorImpl.invoke(NativeMethodAccessorImpl.java:77) ~[?:?]
	at jdk.internal.reflect.DelegatingMethodAccessorImpl.invoke(DelegatingMethodAccessorImpl.java:43) ~[?:?]
	at java.lang.reflect.Method.invoke(Method.java:569) ~[?:?]
	at org.junit.platform.commons.util.ReflectionUtils.invokeMethod(ReflectionUtils.java:725) ~[junit-platform-commons-1.8.2.jar:1.8.2]
	at org.junit.jupiter.engine.execution.MethodInvocation.proceed(MethodInvocation.java:60) ~[junit-jupiter-engine-5.8.2.jar:5.8.2]
	at org.junit.jupiter.engine.execution.InvocationInterceptorChain$ValidatingInvocation.proceed(InvocationInterceptorChain.java:131) ~[junit-jupiter-engine-5.8.2.jar:5.8.2]
	at org.junit.jupiter.engine.extension.TimeoutInvocation.proceed(TimeoutInvocation.java:46) ~[junit-jupiter-engine-5.8.2.jar:5.8.2]
	at org.junit.jupiter.engine.extension.TimeoutExtension.intercept(TimeoutExtension.java:149) ~[junit-jupiter-engine-5.8.2.jar:5.8.2]
	at org.junit.jupiter.engine.extension.TimeoutExtension.interceptTestableMethod(TimeoutExtension.java:140) ~[junit-jupiter-engine-5.8.2.jar:5.8.2]
	at org.junit.jupiter.engine.extension.TimeoutExtension.interceptTestMethod(TimeoutExtension.java:84) ~[junit-jupiter-engine-5.8.2.jar:5.8.2]
	at org.junit.jupiter.engine.execution.ExecutableInvoker$ReflectiveInterceptorCall.lambda$ofVoidMethod$0(ExecutableInvoker.java:115) ~[junit-jupiter-engine-5.8.2.jar:5.8.2]
	at org.junit.jupiter.engine.execution.ExecutableInvoker.lambda$invoke$0(ExecutableInvoker.java:105) ~[junit-jupiter-engine-5.8.2.jar:5.8.2]
	at org.junit.jupiter.engine.execution.InvocationInterceptorChain$InterceptedInvocation.proceed(InvocationInterceptorChain.java:106) ~[junit-jupiter-engine-5.8.2.jar:5.8.2]
	at org.junit.jupiter.engine.execution.InvocationInterceptorChain.proceed(InvocationInterceptorChain.java:64) ~[junit-jupiter-engine-5.8.2.jar:5.8.2]
	at org.junit.jupiter.engine.execution.InvocationInterceptorChain.chainAndInvoke(InvocationInterceptorChain.java:45) ~[junit-jupiter-engine-5.8.2.jar:5.8.2]
	at org.junit.jupiter.engine.execution.InvocationInterceptorChain.invoke(InvocationInterceptorChain.java:37) ~[junit-jupiter-engine-5.8.2.jar:5.8.2]
	at org.junit.jupiter.engine.execution.ExecutableInvoker.invoke(ExecutableInvoker.java:104) ~[junit-jupiter-engine-5.8.2.jar:5.8.2]
	at org.junit.jupiter.engine.execution.ExecutableInvoker.invoke(ExecutableInvoker.java:98) ~[junit-jupiter-engine-5.8.2.jar:5.8.2]
	at org.junit.jupiter.engine.descriptor.TestMethodTestDescriptor.lambda$invokeTestMethod$7(TestMethodTestDescriptor.java:214) ~[junit-jupiter-engine-5.8.2.jar:5.8.2]
	at org.junit.platform.engine.support.hierarchical.ThrowableCollector.execute(ThrowableCollector.java:73) ~[junit-platform-engine-1.8.2.jar:1.8.2]
	at org.junit.jupiter.engine.descriptor.TestMethodTestDescriptor.invokeTestMethod(TestMethodTestDescriptor.java:210) ~[junit-jupiter-engine-5.8.2.jar:5.8.2]
	at org.junit.jupiter.engine.descriptor.TestMethodTestDescriptor.execute(TestMethodTestDescriptor.java:135) ~[junit-jupiter-engine-5.8.2.jar:5.8.2]
	at org.junit.jupiter.engine.descriptor.TestMethodTestDescriptor.execute(TestMethodTestDescriptor.java:66) ~[junit-jupiter-engine-5.8.2.jar:5.8.2]
	at org.junit.platform.engine.support.hierarchical.NodeTestTask.lambda$executeRecursively$6(NodeTestTask.java:151) ~[junit-platform-engine-1.8.2.jar:1.8.2]
	at org.junit.platform.engine.support.hierarchical.ThrowableCollector.execute(ThrowableCollector.java:73) ~[junit-platform-engine-1.8.2.jar:1.8.2]
	at org.junit.platform.engine.support.hierarchical.NodeTestTask.lambda$executeRecursively$8(NodeTestTask.java:141) ~[junit-platform-engine-1.8.2.jar:1.8.2]
	at org.junit.platform.engine.support.hierarchical.Node.around(Node.java:137) ~[junit-platform-engine-1.8.2.jar:1.8.2]
	at org.junit.platform.engine.support.hierarchical.NodeTestTask.lambda$executeRecursively$9(NodeTestTask.java:139) ~[junit-platform-engine-1.8.2.jar:1.8.2]
	at org.junit.platform.engine.support.hierarchical.ThrowableCollector.execute(ThrowableCollector.java:73) ~[junit-platform-engine-1.8.2.jar:1.8.2]
	at org.junit.platform.engine.support.hierarchical.NodeTestTask.executeRecursively(NodeTestTask.java:138) ~[junit-platform-engine-1.8.2.jar:1.8.2]
	at org.junit.platform.engine.support.hierarchical.NodeTestTask.execute(NodeTestTask.java:95) ~[junit-platform-engine-1.8.2.jar:1.8.2]
	at java.util.ArrayList.forEach(ArrayList.java:1511) ~[?:?]
	at org.junit.platform.engine.support.hierarchical.SameThreadHierarchicalTestExecutorService.invokeAll(SameThreadHierarchicalTestExecutorService.java:41) ~[junit-platform-engine-1.8.2.jar:1.8.2]
	at org.junit.platform.engine.support.hierarchical.NodeTestTask.lambda$executeRecursively$6(NodeTestTask.java:155) ~[junit-platform-engine-1.8.2.jar:1.8.2]
	at org.junit.platform.engine.support.hierarchical.ThrowableCollector.execute(ThrowableCollector.java:73) ~[junit-platform-engine-1.8.2.jar:1.8.2]
	at org.junit.platform.engine.support.hierarchical.NodeTestTask.lambda$executeRecursively$8(NodeTestTask.java:141) ~[junit-platform-engine-1.8.2.jar:1.8.2]
	at org.junit.platform.engine.support.hierarchical.Node.around(Node.java:137) ~[junit-platform-engine-1.8.2.jar:1.8.2]
	at org.junit.platform.engine.support.hierarchical.NodeTestTask.lambda$executeRecursively$9(NodeTestTask.java:139) ~[junit-platform-engine-1.8.2.jar:1.8.2]
	at org.junit.platform.engine.support.hierarchical.ThrowableCollector.execute(ThrowableCollector.java:73) ~[junit-platform-engine-1.8.2.jar:1.8.2]
	at org.junit.platform.engine.support.hierarchical.NodeTestTask.executeRecursively(NodeTestTask.java:138) ~[junit-platform-engine-1.8.2.jar:1.8.2]
	at org.junit.platform.engine.support.hierarchical.NodeTestTask.execute(NodeTestTask.java:95) ~[junit-platform-engine-1.8.2.jar:1.8.2]
	at java.util.ArrayList.forEach(ArrayList.java:1511) ~[?:?]
	at org.junit.platform.engine.support.hierarchical.SameThreadHierarchicalTestExecutorService.invokeAll(SameThreadHierarchicalTestExecutorService.java:41) ~[junit-platform-engine-1.8.2.jar:1.8.2]
	at org.junit.platform.engine.support.hierarchical.NodeTestTask.lambda$executeRecursively$6(NodeTestTask.java:155) ~[junit-platform-engine-1.8.2.jar:1.8.2]
	at org.junit.platform.engine.support.hierarchical.ThrowableCollector.execute(ThrowableCollector.java:73) ~[junit-platform-engine-1.8.2.jar:1.8.2]
	at org.junit.platform.engine.support.hierarchical.NodeTestTask.lambda$executeRecursively$8(NodeTestTask.java:141) ~[junit-platform-engine-1.8.2.jar:1.8.2]
	at org.junit.platform.engine.support.hierarchical.Node.around(Node.java:137) ~[junit-platform-engine-1.8.2.jar:1.8.2]
	at org.junit.platform.engine.support.hierarchical.NodeTestTask.lambda$executeRecursively$9(NodeTestTask.java:139) ~[junit-platform-engine-1.8.2.jar:1.8.2]
	at org.junit.platform.engine.support.hierarchical.ThrowableCollector.execute(ThrowableCollector.java:73) ~[junit-platform-engine-1.8.2.jar:1.8.2]
	at org.junit.platform.engine.support.hierarchical.NodeTestTask.executeRecursively(NodeTestTask.java:138) ~[junit-platform-engine-1.8.2.jar:1.8.2]
	at org.junit.platform.engine.support.hierarchical.NodeTestTask.execute(NodeTestTask.java:95) ~[junit-platform-engine-1.8.2.jar:1.8.2]
	at org.junit.platform.engine.support.hierarchical.SameThreadHierarchicalTestExecutorService.submit(SameThreadHierarchicalTestExecutorService.java:35) ~[junit-platform-engine-1.8.2.jar:1.8.2]
	at org.junit.platform.engine.support.hierarchical.HierarchicalTestExecutor.execute(HierarchicalTestExecutor.java:57) ~[junit-platform-engine-1.8.2.jar:1.8.2]
	at org.junit.platform.engine.support.hierarchical.HierarchicalTestEngine.execute(HierarchicalTestEngine.java:54) ~[junit-platform-engine-1.8.2.jar:1.8.2]
	at org.junit.platform.launcher.core.EngineExecutionOrchestrator.execute(EngineExecutionOrchestrator.java:107) ~[junit-platform-launcher-1.8.2.jar:1.8.2]
	at org.junit.platform.launcher.core.EngineExecutionOrchestrator.execute(EngineExecutionOrchestrator.java:88) ~[junit-platform-launcher-1.8.2.jar:1.8.2]
	at org.junit.platform.launcher.core.EngineExecutionOrchestrator.lambda$execute$0(EngineExecutionOrchestrator.java:54) ~[junit-platform-launcher-1.8.2.jar:1.8.2]
	at org.junit.platform.launcher.core.EngineExecutionOrchestrator.withInterceptedStreams(EngineExecutionOrchestrator.java:67) ~[junit-platform-launcher-1.8.2.jar:1.8.2]
	at org.junit.platform.launcher.core.EngineExecutionOrchestrator.execute(EngineExecutionOrchestrator.java:52) ~[junit-platform-launcher-1.8.2.jar:1.8.2]
	at org.junit.platform.launcher.core.DefaultLauncher.execute(DefaultLauncher.java:114) ~[junit-platform-launcher-1.8.2.jar:1.8.2]
	at org.junit.platform.launcher.core.DefaultLauncher.execute(DefaultLauncher.java:86) ~[junit-platform-launcher-1.8.2.jar:1.8.2]
	at org.junit.platform.launcher.core.DefaultLauncherSession$DelegatingLauncher.execute(DefaultLauncherSession.java:86) ~[junit-platform-launcher-1.8.2.jar:1.8.2]
	at org.apache.maven.surefire.junitplatform.LazyLauncher.execute(LazyLauncher.java:56) ~[surefire-junit-platform-3.2.5.jar:3.2.5]
	at org.apache.maven.surefire.junitplatform.JUnitPlatformProvider.execute(JUnitPlatformProvider.java:184) ~[surefire-junit-platform-3.2.5.jar:3.2.5]
	at org.apache.maven.surefire.junitplatform.JUnitPlatformProvider.invokeAllTests(JUnitPlatformProvider.java:148) ~[surefire-junit-platform-3.2.5.jar:3.2.5]
	at org.apache.maven.surefire.junitplatform.JUnitPlatformProvider.invoke(JUnitPlatformProvider.java:120) ~[surefire-junit-platform-3.2.5.jar:3.2.5]
	at org.apache.maven.surefire.booter.ForkedBooter.runSuitesInProcess(ForkedBooter.java:385) ~[surefire-booter-3.2.5.jar:3.2.5]
	at org.apache.maven.surefire.booter.ForkedBooter.execute(ForkedBooter.java:162) ~[surefire-booter-3.2.5.jar:3.2.5]
	at org.apache.maven.surefire.booter.ForkedBooter.run(ForkedBooter.java:507) ~[surefire-booter-3.2.5.jar:3.2.5]
	at org.apache.maven.surefire.booter.ForkedBooter.main(ForkedBooter.java:495) ~[surefire-booter-3.2.5.jar:3.2.5]
2026-09-04 03:07:16 [main] WARN  MockedFrontend:329 - globalStateMgr is not ready, wait for 1 second
2026-09-04 03:07:16 [main] WARN  MockedFrontend:329 - globalStateMgr is not ready, wait for 1 second
2026-09-04 03:07:16 [fe] WARN  StateChangeExecutor:62 - notify new FE type transfer: LEADER
[2026-09-04 03:07:16] notify new FE type transfer: LEADER
2026-09-04 03:07:16 [fe] WARN  StateChangeExecutor:62 - notify new FE type transfer: LEADER
[2026-09-04 03:07:16] notify new FE type transfer: LEADER
[2026-09-04 03:07:17] leader finished to replay journal, can write now.
[2026-09-04 03:07:17] leader finished to replay journal, can write now.
2026-09-04 03:07:17 [table-keeper] WARN  TableKeeper:64 - database not exists: _statistics_
2026-09-04 03:07:17 [table-keeper] WARN  TableKeeper:64 - database not exists: _statistics_
2026-09-04 03:07:17 [table-keeper] WARN  TableKeeper:64 - database not exists: _statistics_
2026-09-04 03:07:17 [table-keeper] WARN  TableKeeper:64 - database not exists: _statistics_
2026-09-04 03:07:17 [heartbeat-mgr-pool-0] WARN  MachineInfo:195 - cannot get mac address of network interface lo
2026-09-04 03:07:17 [routine-load-task-scheduler] WARN  RoutineLoadTaskScheduler:117 - no available be slot to scheduler tasks, wait for 10 seconds to scheduler again, you can set max_routine_load_task_num_per_be bigger in fe.conf, current value is 16
2026-09-04 03:07:17 [pipe-scheduler] WARN  PipeScheduler:67 - Successfully recover all pipes
2026-09-04 03:07:17 [predicate-columns-daemon-thread] WARN  PredicateColumnsMgr:235 - system table of predicate_columns is still not ready
Fe process is started with runMode:shared_nothing
2026-09-04 03:07:17 [table-keeper] WARN  TableKeeper:64 - database not exists: _statistics_
2026-09-04 03:07:17 [table-keeper] WARN  TableKeeper:64 - database not exists: _statistics_
2026-09-04 03:07:17 [table-keeper] WARN  TableKeeper:64 - database not exists: _statistics_
2026-09-04 03:07:17 [table-keeper] WARN  TableKeeper:64 - database not exists: _statistics_
2026-09-04 03:07:17 [heartbeat-mgr-pool-0] WARN  MachineInfo:195 - cannot get mac address of network interface lo
2026-09-04 03:07:17 [routine-load-task-scheduler] WARN  RoutineLoadTaskScheduler:117 - no available be slot to scheduler tasks, wait for 10 seconds to scheduler again, you can set max_routine_load_task_num_per_be bigger in fe.conf, current value is 16
2026-09-04 03:07:17 [pipe-scheduler] WARN  PipeScheduler:67 - Successfully recover all pipes
Fe process is started with runMode:shared_nothing
2026-09-04 03:07:17 [predicate-columns-daemon-thread] WARN  PredicateColumnsMgr:235 - system table of predicate_columns is still not ready
[INFO] Tests run: 16, Failures: 0, Errors: 0, Skipped: 0, Time elapsed: 2.554 s -- in com.starrocks.catalog.TableFunctionTableTest
2026-09-04 03:07:18 [main] WARN  HikariConfig:1142 - HikariPool-1 - idleTimeout is close to or more than maxLifetime, disabling it.
[INFO] Tests run: 2, Failures: 0, Errors: 0, Skipped: 0, Time elapsed: 4.309 s -- in com.starrocks.sql.plan.FilesScanStatisticsTest
2026-09-04 03:07:20 [main] ERROR JDBCConnector:63 - Failed to create jdbc metadata on [catalog : jdbc0]
com.zaxxer.hikari.pool.HikariPool$PoolInitializationException: Failed to initialize pool: Socket fail to connect to host:address=(host=127.0.0.1)(port=3306)(type=primary). Connection refused
	at com.zaxxer.hikari.pool.HikariPool.throwPoolInitializationException(HikariPool.java:610) ~[HikariCP-7.0.2.jar:?]
	at com.zaxxer.hikari.pool.HikariPool.checkFailFast(HikariPool.java:597) ~[HikariCP-7.0.2.jar:?]
	at com.zaxxer.hikari.pool.HikariPool.<init>(HikariPool.java:97) ~[HikariCP-7.0.2.jar:?]
	at com.zaxxer.hikari.HikariDataSource.<init>(HikariDataSource.java:80) ~[HikariCP-7.0.2.jar:?]
	at com.starrocks.connector.jdbc.JDBCMetadata.createHikariDataSource(JDBCMetadata.java:163) ~[classes/:?]
	at com.starrocks.connector.jdbc.JDBCMetadata.<init>(JDBCMetadata.java:108) ~[classes/:?]
	at com.starrocks.connector.jdbc.JDBCMetadata.<init>(JDBCMetadata.java:78) ~[classes/:?]
	at com.starrocks.connector.jdbc.JDBCConnector.<init>(JDBCConnector.java:60) ~[classes/:?]
	at jdk.internal.reflect.NativeConstructorAccessorImpl.newInstance0(Native Method) ~[?:?]
	at jdk.internal.reflect.NativeConstructorAccessorImpl.newInstance(NativeConstructorAccessorImpl.java:77) ~[?:?]
	at jdk.internal.reflect.DelegatingConstructorAccessorImpl.newInstance(DelegatingConstructorAccessorImpl.java:45) ~[?:?]
	at java.lang.reflect.Constructor.newInstanceWithCaller(Constructor.java:500) ~[?:?]
	at java.lang.reflect.Constructor.newInstance(Constructor.java:481) ~[?:?]
	at com.starrocks.connector.ConnectorFactory.createRealConnector(ConnectorFactory.java:66) ~[classes/:?]
	at com.starrocks.connector.LazyConnector.initIfNeeded(LazyConnector.java:68) ~[classes/:?]
	at com.starrocks.connector.ConnectorFactory.createConnector(ConnectorFactory.java:46) ~[classes/:?]
	at com.starrocks.connector.ConnectorMgr.createHiddenConnector(ConnectorMgr.java:62) ~[classes/:?]
	at com.starrocks.server.CatalogMgr.createCatalog(CatalogMgr.java:112) ~[classes/:?]
	at com.starrocks.sql.plan.ConnectorPlanTestBase.mockJDBCCatalogImpl(ConnectorPlanTestBase.java:354) ~[test-classes/:?]
	at com.starrocks.sql.plan.ConnectorPlanTestBase.mockAllCatalogs(ConnectorPlanTestBase.java:102) ~[test-classes/:?]
	at com.starrocks.sql.optimizer.statistics.StatisticsCalculatorTest.beforeClass(StatisticsCalculatorTest.java:104) ~[test-classes/:?]
	at jdk.internal.reflect.NativeMethodAccessorImpl.invoke0(Native Method) ~[?:?]
	at jdk.internal.reflect.NativeMethodAccessorImpl.invoke(NativeMethodAccessorImpl.java:77) ~[?:?]
	at jdk.internal.reflect.DelegatingMethodAccessorImpl.invoke(DelegatingMethodAccessorImpl.java:43) ~[?:?]
	at java.lang.reflect.Method.invoke(Method.java:569) ~[?:?]
	at org.junit.platform.commons.util.ReflectionUtils.invokeMethod(ReflectionUtils.java:725) ~[junit-platform-commons-1.8.2.jar:1.8.2]
	at org.junit.jupiter.engine.execution.MethodInvocation.proceed(MethodInvocation.java:60) ~[junit-jupiter-engine-5.8.2.jar:5.8.2]
	at org.junit.jupiter.engine.execution.InvocationInterceptorChain$ValidatingInvocation.proceed(InvocationInterceptorChain.java:131) ~[junit-jupiter-engine-5.8.2.jar:5.8.2]
	at org.junit.jupiter.engine.extension.TimeoutInvocation.proceed(TimeoutInvocation.java:46) ~[junit-jupiter-engine-5.8.2.jar:5.8.2]
	at org.junit.jupiter.engine.extension.TimeoutExtension.intercept(TimeoutExtension.java:149) ~[junit-jupiter-engine-5.8.2.jar:5.8.2]
	at org.junit.jupiter.engine.extension.TimeoutExtension.interceptLifecycleMethod(TimeoutExtension.java:126) ~[junit-jupiter-engine-5.8.2.jar:5.8.2]
	at org.junit.jupiter.engine.extension.TimeoutExtension.interceptBeforeAllMethod(TimeoutExtension.java:68) ~[junit-jupiter-engine-5.8.2.jar:5.8.2]
	at org.junit.jupiter.engine.execution.ExecutableInvoker$ReflectiveInterceptorCall.lambda$ofVoidMethod$0(ExecutableInvoker.java:115) ~[junit-jupiter-engine-5.8.2.jar:5.8.2]
	at org.junit.jupiter.engine.execution.ExecutableInvoker.lambda$invoke$0(ExecutableInvoker.java:105) ~[junit-jupiter-engine-5.8.2.jar:5.8.2]
	at org.junit.jupiter.engine.execution.InvocationInterceptorChain$InterceptedInvocation.proceed(InvocationInterceptorChain.java:106) ~[junit-jupiter-engine-5.8.2.jar:5.8.2]
	at org.junit.jupiter.engine.execution.InvocationInterceptorChain.proceed(InvocationInterceptorChain.java:64) ~[junit-jupiter-engine-5.8.2.jar:5.8.2]
	at org.junit.jupiter.engine.execution.InvocationInterceptorChain.chainAndInvoke(InvocationInterceptorChain.java:45) ~[junit-jupiter-engine-5.8.2.jar:5.8.2]
	at org.junit.jupiter.engine.execution.InvocationInterceptorChain.invoke(InvocationInterceptorChain.java:37) ~[junit-jupiter-engine-5.8.2.jar:5.8.2]
	at org.junit.jupiter.engine.execution.ExecutableInvoker.invoke(ExecutableInvoker.java:104) ~[junit-jupiter-engine-5.8.2.jar:5.8.2]
	at org.junit.jupiter.engine.execution.ExecutableInvoker.invoke(ExecutableInvoker.java:98) ~[junit-jupiter-engine-5.8.2.jar:5.8.2]
	at org.junit.jupiter.engine.descriptor.ClassBasedTestDescriptor.lambda$invokeBeforeAllMethods$11(ClassBasedTestDescriptor.java:397) ~[junit-jupiter-engine-5.8.2.jar:5.8.2]
	at org.junit.platform.engine.support.hierarchical.ThrowableCollector.execute(ThrowableCollector.java:73) ~[junit-platform-engine-1.8.2.jar:1.8.2]
	at org.junit.jupiter.engine.descriptor.ClassBasedTestDescriptor.invokeBeforeAllMethods(ClassBasedTestDescriptor.java:395) ~[junit-jupiter-engine-5.8.2.jar:5.8.2]
	at org.junit.jupiter.engine.descriptor.ClassBasedTestDescriptor.before(ClassBasedTestDescriptor.java:209) ~[junit-jupiter-engine-5.8.2.jar:5.8.2]
	at org.junit.jupiter.engine.descriptor.ClassBasedTestDescriptor.before(ClassBasedTestDescriptor.java:80) ~[junit-jupiter-engine-5.8.2.jar:5.8.2]
	at org.junit.platform.engine.support.hierarchical.NodeTestTask.lambda$executeRecursively$6(NodeTestTask.java:148) ~[junit-platform-engine-1.8.2.jar:1.8.2]
	at org.junit.platform.engine.support.hierarchical.ThrowableCollector.execute(ThrowableCollector.java:73) ~[junit-platform-engine-1.8.2.jar:1.8.2]
	at org.junit.platform.engine.support.hierarchical.NodeTestTask.lambda$executeRecursively$8(NodeTestTask.java:141) ~[junit-platform-engine-1.8.2.jar:1.8.2]
	at org.junit.platform.engine.support.hierarchical.Node.around(Node.java:137) ~[junit-platform-engine-1.8.2.jar:1.8.2]
	at org.junit.platform.engine.support.hierarchical.NodeTestTask.lambda$executeRecursively$9(NodeTestTask.java:139) ~[junit-platform-engine-1.8.2.jar:1.8.2]
	at org.junit.platform.engine.support.hierarchical.ThrowableCollector.execute(ThrowableCollector.java:73) ~[junit-platform-engine-1.8.2.jar:1.8.2]
	at org.junit.platform.engine.support.hierarchical.NodeTestTask.executeRecursively(NodeTestTask.java:138) ~[junit-platform-engine-1.8.2.jar:1.8.2]
	at org.junit.platform.engine.support.hierarchical.NodeTestTask.execute(NodeTestTask.java:95) ~[junit-platform-engine-1.8.2.jar:1.8.2]
	at java.util.ArrayList.forEach(ArrayList.java:1511) ~[?:?]
	at org.junit.platform.engine.support.hierarchical.SameThreadHierarchicalTestExecutorService.invokeAll(SameThreadHierarchicalTestExecutorService.java:41) ~[junit-platform-engine-1.8.2.jar:1.8.2]
	at org.junit.platform.engine.support.hierarchical.NodeTestTask.lambda$executeRecursively$6(NodeTestTask.java:155) ~[junit-platform-engine-1.8.2.jar:1.8.2]
	at org.junit.platform.engine.support.hierarchical.ThrowableCollector.execute(ThrowableCollector.java:73) ~[junit-platform-engine-1.8.2.jar:1.8.2]
	at org.junit.platform.engine.support.hierarchical.NodeTestTask.lambda$executeRecursively$8(NodeTestTask.java:141) ~[junit-platform-engine-1.8.2.jar:1.8.2]
	at org.junit.platform.engine.support.hierarchical.Node.around(Node.java:137) ~[junit-platform-engine-1.8.2.jar:1.8.2]
	at org.junit.platform.engine.support.hierarchical.NodeTestTask.lambda$executeRecursively$9(NodeTestTask.java:139) ~[junit-platform-engine-1.8.2.jar:1.8.2]
	at org.junit.platform.engine.support.hierarchical.ThrowableCollector.execute(ThrowableCollector.java:73) ~[junit-platform-engine-1.8.2.jar:1.8.2]
	at org.junit.platform.engine.support.hierarchical.NodeTestTask.executeRecursively(NodeTestTask.java:138) ~[junit-platform-engine-1.8.2.jar:1.8.2]
	at org.junit.platform.engine.support.hierarchical.NodeTestTask.execute(NodeTestTask.java:95) ~[junit-platform-engine-1.8.2.jar:1.8.2]
	at org.junit.platform.engine.support.hierarchical.SameThreadHierarchicalTestExecutorService.submit(SameThreadHierarchicalTestExecutorService.java:35) ~[junit-platform-engine-1.8.2.jar:1.8.2]
	at org.junit.platform.engine.support.hierarchical.HierarchicalTestExecutor.execute(HierarchicalTestExecutor.java:57) ~[junit-platform-engine-1.8.2.jar:1.8.2]
	at org.junit.platform.engine.support.hierarchical.HierarchicalTestEngine.execute(HierarchicalTestEngine.java:54) ~[junit-platform-engine-1.8.2.jar:1.8.2]
	at org.junit.platform.launcher.core.EngineExecutionOrchestrator.execute(EngineExecutionOrchestrator.java:107) ~[junit-platform-launcher-1.8.2.jar:1.8.2]
	at org.junit.platform.launcher.core.EngineExecutionOrchestrator.execute(EngineExecutionOrchestrator.java:88) ~[junit-platform-launcher-1.8.2.jar:1.8.2]
	at org.junit.platform.launcher.core.EngineExecutionOrchestrator.lambda$execute$0(EngineExecutionOrchestrator.java:54) ~[junit-platform-launcher-1.8.2.jar:1.8.2]
	at org.junit.platform.launcher.core.EngineExecutionOrchestrator.withInterceptedStreams(EngineExecutionOrchestrator.java:67) ~[junit-platform-launcher-1.8.2.jar:1.8.2]
	at org.junit.platform.launcher.core.EngineExecutionOrchestrator.execute(EngineExecutionOrchestrator.java:52) ~[junit-platform-launcher-1.8.2.jar:1.8.2]
	at org.junit.platform.launcher.core.DefaultLauncher.execute(DefaultLauncher.java:114) ~[junit-platform-launcher-1.8.2.jar:1.8.2]
	at org.junit.platform.launcher.core.DefaultLauncher.execute(DefaultLauncher.java:86) ~[junit-platform-launcher-1.8.2.jar:1.8.2]
	at org.junit.platform.launcher.core.DefaultLauncherSession$DelegatingLauncher.execute(DefaultLauncherSession.java:86) ~[junit-platform-launcher-1.8.2.jar:1.8.2]
	at org.apache.maven.surefire.junitplatform.LazyLauncher.execute(LazyLauncher.java:56) ~[surefire-junit-platform-3.2.5.jar:3.2.5]
	at org.apache.maven.surefire.junitplatform.JUnitPlatformProvider.execute(JUnitPlatformProvider.java:184) ~[surefire-junit-platform-3.2.5.jar:3.2.5]
	at org.apache.maven.surefire.junitplatform.JUnitPlatformProvider.invokeAllTests(JUnitPlatformProvider.java:148) ~[surefire-junit-platform-3.2.5.jar:3.2.5]
	at org.apache.maven.surefire.junitplatform.JUnitPlatformProvider.invoke(JUnitPlatformProvider.java:120) ~[surefire-junit-platform-3.2.5.jar:3.2.5]
	at org.apache.maven.surefire.booter.ForkedBooter.runSuitesInProcess(ForkedBooter.java:385) ~[surefire-booter-3.2.5.jar:3.2.5]
	at org.apache.maven.surefire.booter.ForkedBooter.execute(ForkedBooter.java:162) ~[surefire-booter-3.2.5.jar:3.2.5]
	at org.apache.maven.surefire.booter.ForkedBooter.run(ForkedBooter.java:507) ~[surefire-booter-3.2.5.jar:3.2.5]
	at org.apache.maven.surefire.booter.ForkedBooter.main(ForkedBooter.java:495) ~[surefire-booter-3.2.5.jar:3.2.5]
Caused by: java.sql.SQLNonTransientConnectionException: Socket fail to connect to host:address=(host=127.0.0.1)(port=3306)(type=primary). Connection refused
	at org.mariadb.jdbc.client.impl.ConnectionHelper.connectSocket(ConnectionHelper.java:136) ~[mariadb-java-client-3.3.2.jar:?]
	at org.mariadb.jdbc.client.impl.StandardClient.<init>(StandardClient.java:101) ~[mariadb-java-client-3.3.2.jar:?]
	at org.mariadb.jdbc.Driver.connect(Driver.java:69) ~[mariadb-java-client-3.3.2.jar:?]
	at org.mariadb.jdbc.Driver.connect(Driver.java:95) ~[mariadb-java-client-3.3.2.jar:?]
	at org.mariadb.jdbc.Driver.connect(Driver.java:26) ~[mariadb-java-client-3.3.2.jar:?]
	at com.zaxxer.hikari.util.DriverDataSource.getConnection(DriverDataSource.java:144) ~[HikariCP-7.0.2.jar:?]
	at com.zaxxer.hikari.pool.PoolBase.newConnection(PoolBase.java:373) ~[HikariCP-7.0.2.jar:?]
	at com.zaxxer.hikari.pool.PoolBase.newPoolEntry(PoolBase.java:210) ~[HikariCP-7.0.2.jar:?]
	at com.zaxxer.hikari.pool.HikariPool.createPoolEntry(HikariPool.java:488) ~[HikariCP-7.0.2.jar:?]
	at com.zaxxer.hikari.pool.HikariPool.checkFailFast(HikariPool.java:576) ~[HikariCP-7.0.2.jar:?]
	... 80 more
Caused by: java.net.ConnectException: Connection refused
	at sun.nio.ch.Net.pollConnect(Native Method) ~[?:?]
	at sun.nio.ch.Net.pollConnectNow(Net.java:684) ~[?:?]
	at sun.nio.ch.NioSocketImpl.timedFinishConnect(NioSocketImpl.java:547) ~[?:?]
	at sun.nio.ch.NioSocketImpl.connect(NioSocketImpl.java:602) ~[?:?]
	at java.net.SocksSocketImpl.connect(SocksSocketImpl.java:327) ~[?:?]
	at java.net.Socket.connect(Socket.java:633) ~[?:?]
	at org.mariadb.jdbc.client.impl.ConnectionHelper.connectSocket(ConnectionHelper.java:130) ~[mariadb-java-client-3.3.2.jar:?]
	at org.mariadb.jdbc.client.impl.StandardClient.<init>(StandardClient.java:101) ~[mariadb-java-client-3.3.2.jar:?]
	at org.mariadb.jdbc.Driver.connect(Driver.java:69) ~[mariadb-java-client-3.3.2.jar:?]
	at org.mariadb.jdbc.Driver.connect(Driver.java:95) ~[mariadb-java-client-3.3.2.jar:?]
	at org.mariadb.jdbc.Driver.connect(Driver.java:26) ~[mariadb-java-client-3.3.2.jar:?]
	at com.zaxxer.hikari.util.DriverDataSource.getConnection(DriverDataSource.java:144) ~[HikariCP-7.0.2.jar:?]
	at com.zaxxer.hikari.pool.PoolBase.newConnection(PoolBase.java:373) ~[HikariCP-7.0.2.jar:?]
	at com.zaxxer.hikari.pool.PoolBase.newPoolEntry(PoolBase.java:210) ~[HikariCP-7.0.2.jar:?]
	at com.zaxxer.hikari.pool.HikariPool.createPoolEntry(HikariPool.java:488) ~[HikariCP-7.0.2.jar:?]
	at com.zaxxer.hikari.pool.HikariPool.checkFailFast(HikariPool.java:576) ~[HikariCP-7.0.2.jar:?]
	... 80 more
2026-09-04 03:07:20 [main] WARN  JDBCMetadata:88 - com.postgres.Driver
java.lang.ClassNotFoundException: com.postgres.Driver
	at jdk.internal.loader.BuiltinClassLoader.loadClass(BuiltinClassLoader.java:641) ~[?:?]
	at jdk.internal.loader.ClassLoaders$AppClassLoader.loadClass(ClassLoaders.java:188) ~[?:?]
	at java.lang.ClassLoader.loadClass(ClassLoader.java:525) ~[?:?]
	at java.lang.Class.forName0(Native Method) ~[?:?]
	at java.lang.Class.forName(Class.java:377) ~[?:?]
	at com.starrocks.connector.jdbc.JDBCMetadata.<init>(JDBCMetadata.java:86) ~[classes/:?]
	at com.starrocks.connector.jdbc.JDBCMetadata.<init>(JDBCMetadata.java:78) ~[classes/:?]
	at com.starrocks.connector.jdbc.JDBCConnector.<init>(JDBCConnector.java:60) ~[classes/:?]
	at jdk.internal.reflect.NativeConstructorAccessorImpl.newInstance0(Native Method) ~[?:?]
	at jdk.internal.reflect.NativeConstructorAccessorImpl.newInstance(NativeConstructorAccessorImpl.java:77) ~[?:?]
	at jdk.internal.reflect.DelegatingConstructorAccessorImpl.newInstance(DelegatingConstructorAccessorImpl.java:45) ~[?:?]
	at java.lang.reflect.Constructor.newInstanceWithCaller(Constructor.java:500) ~[?:?]
	at java.lang.reflect.Constructor.newInstance(Constructor.java:481) ~[?:?]
	at com.starrocks.connector.ConnectorFactory.createRealConnector(ConnectorFactory.java:66) ~[classes/:?]
	at com.starrocks.connector.LazyConnector.initIfNeeded(LazyConnector.java:68) ~[classes/:?]
	at com.starrocks.connector.ConnectorFactory.createConnector(ConnectorFactory.java:46) ~[classes/:?]
	at com.starrocks.connector.ConnectorMgr.createHiddenConnector(ConnectorMgr.java:62) ~[classes/:?]
	at com.starrocks.server.CatalogMgr.createCatalog(CatalogMgr.java:112) ~[classes/:?]
	at com.starrocks.sql.plan.ConnectorPlanTestBase.mockJDBCCatalogImpl(ConnectorPlanTestBase.java:369) ~[test-classes/:?]
	at com.starrocks.sql.plan.ConnectorPlanTestBase.mockAllCatalogs(ConnectorPlanTestBase.java:102) ~[test-classes/:?]
	at com.starrocks.sql.optimizer.statistics.StatisticsCalculatorTest.beforeClass(StatisticsCalculatorTest.java:104) ~[test-classes/:?]
	at jdk.internal.reflect.NativeMethodAccessorImpl.invoke0(Native Method) ~[?:?]
	at jdk.internal.reflect.NativeMethodAccessorImpl.invoke(NativeMethodAccessorImpl.java:77) ~[?:?]
	at jdk.internal.reflect.DelegatingMethodAccessorImpl.invoke(DelegatingMethodAccessorImpl.java:43) ~[?:?]
	at java.lang.reflect.Method.invoke(Method.java:569) ~[?:?]
	at org.junit.platform.commons.util.ReflectionUtils.invokeMethod(ReflectionUtils.java:725) ~[junit-platform-commons-1.8.2.jar:1.8.2]
	at org.junit.jupiter.engine.execution.MethodInvocation.proceed(MethodInvocation.java:60) ~[junit-jupiter-engine-5.8.2.jar:5.8.2]
	at org.junit.jupiter.engine.execution.InvocationInterceptorChain$ValidatingInvocation.proceed(InvocationInterceptorChain.java:131) ~[junit-jupiter-engine-5.8.2.jar:5.8.2]
	at org.junit.jupiter.engine.extension.TimeoutInvocation.proceed(TimeoutInvocation.java:46) ~[junit-jupiter-engine-5.8.2.jar:5.8.2]
	at org.junit.jupiter.engine.extension.TimeoutExtension.intercept(TimeoutExtension.java:149) ~[junit-jupiter-engine-5.8.2.jar:5.8.2]
	at org.junit.jupiter.engine.extension.TimeoutExtension.interceptLifecycleMethod(TimeoutExtension.java:126) ~[junit-jupiter-engine-5.8.2.jar:5.8.2]
	at org.junit.jupiter.engine.extension.TimeoutExtension.interceptBeforeAllMethod(TimeoutExtension.java:68) ~[junit-jupiter-engine-5.8.2.jar:5.8.2]
	at org.junit.jupiter.engine.execution.ExecutableInvoker$ReflectiveInterceptorCall.lambda$ofVoidMethod$0(ExecutableInvoker.java:115) ~[junit-jupiter-engine-5.8.2.jar:5.8.2]
	at org.junit.jupiter.engine.execution.ExecutableInvoker.lambda$invoke$0(ExecutableInvoker.java:105) ~[junit-jupiter-engine-5.8.2.jar:5.8.2]
	at org.junit.jupiter.engine.execution.InvocationInterceptorChain$InterceptedInvocation.proceed(InvocationInterceptorChain.java:106) ~[junit-jupiter-engine-5.8.2.jar:5.8.2]
	at org.junit.jupiter.engine.execution.InvocationInterceptorChain.proceed(InvocationInterceptorChain.java:64) ~[junit-jupiter-engine-5.8.2.jar:5.8.2]
	at org.junit.jupiter.engine.execution.InvocationInterceptorChain.chainAndInvoke(InvocationInterceptorChain.java:45) ~[junit-jupiter-engine-5.8.2.jar:5.8.2]
	at org.junit.jupiter.engine.execution.InvocationInterceptorChain.invoke(InvocationInterceptorChain.java:37) ~[junit-jupiter-engine-5.8.2.jar:5.8.2]
	at org.junit.jupiter.engine.execution.ExecutableInvoker.invoke(ExecutableInvoker.java:104) ~[junit-jupiter-engine-5.8.2.jar:5.8.2]
	at org.junit.jupiter.engine.execution.ExecutableInvoker.invoke(ExecutableInvoker.java:98) ~[junit-jupiter-engine-5.8.2.jar:5.8.2]
	at org.junit.jupiter.engine.descriptor.ClassBasedTestDescriptor.lambda$invokeBeforeAllMethods$11(ClassBasedTestDescriptor.java:397) ~[junit-jupiter-engine-5.8.2.jar:5.8.2]
	at org.junit.platform.engine.support.hierarchical.ThrowableCollector.execute(ThrowableCollector.java:73) ~[junit-platform-engine-1.8.2.jar:1.8.2]
	at org.junit.jupiter.engine.descriptor.ClassBasedTestDescriptor.invokeBeforeAllMethods(ClassBasedTestDescriptor.java:395) ~[junit-jupiter-engine-5.8.2.jar:5.8.2]
	at org.junit.jupiter.engine.descriptor.ClassBasedTestDescriptor.before(ClassBasedTestDescriptor.java:209) ~[junit-jupiter-engine-5.8.2.jar:5.8.2]
	at org.junit.jupiter.engine.descriptor.ClassBasedTestDescriptor.before(ClassBasedTestDescriptor.java:80) ~[junit-jupiter-engine-5.8.2.jar:5.8.2]
	at org.junit.platform.engine.support.hierarchical.NodeTestTask.lambda$executeRecursively$6(NodeTestTask.java:148) ~[junit-platform-engine-1.8.2.jar:1.8.2]
	at org.junit.platform.engine.support.hierarchical.ThrowableCollector.execute(ThrowableCollector.java:73) ~[junit-platform-engine-1.8.2.jar:1.8.2]
	at org.junit.platform.engine.support.hierarchical.NodeTestTask.lambda$executeRecursively$8(NodeTestTask.java:141) ~[junit-platform-engine-1.8.2.jar:1.8.2]
	at org.junit.platform.engine.support.hierarchical.Node.around(Node.java:137) ~[junit-platform-engine-1.8.2.jar:1.8.2]
	at org.junit.platform.engine.support.hierarchical.NodeTestTask.lambda$executeRecursively$9(NodeTestTask.java:139) ~[junit-platform-engine-1.8.2.jar:1.8.2]
	at org.junit.platform.engine.support.hierarchical.ThrowableCollector.execute(ThrowableCollector.java:73) ~[junit-platform-engine-1.8.2.jar:1.8.2]
	at org.junit.platform.engine.support.hierarchical.NodeTestTask.executeRecursively(NodeTestTask.java:138) ~[junit-platform-engine-1.8.2.jar:1.8.2]
	at org.junit.platform.engine.support.hierarchical.NodeTestTask.execute(NodeTestTask.java:95) ~[junit-platform-engine-1.8.2.jar:1.8.2]
	at java.util.ArrayList.forEach(ArrayList.java:1511) ~[?:?]
	at org.junit.platform.engine.support.hierarchical.SameThreadHierarchicalTestExecutorService.invokeAll(SameThreadHierarchicalTestExecutorService.java:41) ~[junit-platform-engine-1.8.2.jar:1.8.2]
	at org.junit.platform.engine.support.hierarchical.NodeTestTask.lambda$executeRecursively$6(NodeTestTask.java:155) ~[junit-platform-engine-1.8.2.jar:1.8.2]
	at org.junit.platform.engine.support.hierarchical.ThrowableCollector.execute(ThrowableCollector.java:73) ~[junit-platform-engine-1.8.2.jar:1.8.2]
	at org.junit.platform.engine.support.hierarchical.NodeTestTask.lambda$executeRecursively$8(NodeTestTask.java:141) ~[junit-platform-engine-1.8.2.jar:1.8.2]
	at org.junit.platform.engine.support.hierarchical.Node.around(Node.java:137) ~[junit-platform-engine-1.8.2.jar:1.8.2]
	at org.junit.platform.engine.support.hierarchical.NodeTestTask.lambda$executeRecursively$9(NodeTestTask.java:139) ~[junit-platform-engine-1.8.2.jar:1.8.2]
	at org.junit.platform.engine.support.hierarchical.ThrowableCollector.execute(ThrowableCollector.java:73) ~[junit-platform-engine-1.8.2.jar:1.8.2]
	at org.junit.platform.engine.support.hierarchical.NodeTestTask.executeRecursively(NodeTestTask.java:138) ~[junit-platform-engine-1.8.2.jar:1.8.2]
	at org.junit.platform.engine.support.hierarchical.NodeTestTask.execute(NodeTestTask.java:95) ~[junit-platform-engine-1.8.2.jar:1.8.2]
	at org.junit.platform.engine.support.hierarchical.SameThreadHierarchicalTestExecutorService.submit(SameThreadHierarchicalTestExecutorService.java:35) ~[junit-platform-engine-1.8.2.jar:1.8.2]
	at org.junit.platform.engine.support.hierarchical.HierarchicalTestExecutor.execute(HierarchicalTestExecutor.java:57) ~[junit-platform-engine-1.8.2.jar:1.8.2]
	at org.junit.platform.engine.support.hierarchical.HierarchicalTestEngine.execute(HierarchicalTestEngine.java:54) ~[junit-platform-engine-1.8.2.jar:1.8.2]
	at org.junit.platform.launcher.core.EngineExecutionOrchestrator.execute(EngineExecutionOrchestrator.java:107) ~[junit-platform-launcher-1.8.2.jar:1.8.2]
	at org.junit.platform.launcher.core.EngineExecutionOrchestrator.execute(EngineExecutionOrchestrator.java:88) ~[junit-platform-launcher-1.8.2.jar:1.8.2]
	at org.junit.platform.launcher.core.EngineExecutionOrchestrator.lambda$execute$0(EngineExecutionOrchestrator.java:54) ~[junit-platform-launcher-1.8.2.jar:1.8.2]
	at org.junit.platform.launcher.core.EngineExecutionOrchestrator.withInterceptedStreams(EngineExecutionOrchestrator.java:67) ~[junit-platform-launcher-1.8.2.jar:1.8.2]
	at org.junit.platform.launcher.core.EngineExecutionOrchestrator.execute(EngineExecutionOrchestrator.java:52) ~[junit-platform-launcher-1.8.2.jar:1.8.2]
	at org.junit.platform.launcher.core.DefaultLauncher.execute(DefaultLauncher.java:114) ~[junit-platform-launcher-1.8.2.jar:1.8.2]
	at org.junit.platform.launcher.core.DefaultLauncher.execute(DefaultLauncher.java:86) ~[junit-platform-launcher-1.8.2.jar:1.8.2]
	at org.junit.platform.launcher.core.DefaultLauncherSession$DelegatingLauncher.execute(DefaultLauncherSession.java:86) ~[junit-platform-launcher-1.8.2.jar:1.8.2]
	at org.apache.maven.surefire.junitplatform.LazyLauncher.execute(LazyLauncher.java:56) ~[surefire-junit-platform-3.2.5.jar:3.2.5]
	at org.apache.maven.surefire.junitplatform.JUnitPlatformProvider.execute(JUnitPlatformProvider.java:184) ~[surefire-junit-platform-3.2.5.jar:3.2.5]
	at org.apache.maven.surefire.junitplatform.JUnitPlatformProvider.invokeAllTests(JUnitPlatformProvider.java:148) ~[surefire-junit-platform-3.2.5.jar:3.2.5]
	at org.apache.maven.surefire.junitplatform.JUnitPlatformProvider.invoke(JUnitPlatformProvider.java:120) ~[surefire-junit-platform-3.2.5.jar:3.2.5]
	at org.apache.maven.surefire.booter.ForkedBooter.runSuitesInProcess(ForkedBooter.java:385) ~[surefire-booter-3.2.5.jar:3.2.5]
	at org.apache.maven.surefire.booter.ForkedBooter.execute(ForkedBooter.java:162) ~[surefire-booter-3.2.5.jar:3.2.5]
	at org.apache.maven.surefire.booter.ForkedBooter.run(ForkedBooter.java:507) ~[surefire-booter-3.2.5.jar:3.2.5]
	at org.apache.maven.surefire.booter.ForkedBooter.main(ForkedBooter.java:495) ~[surefire-booter-3.2.5.jar:3.2.5]
2026-09-04 03:07:20 [main] ERROR JDBCConnector:63 - Failed to create jdbc metadata on [catalog : jdbc_postgres]
com.starrocks.connector.exception.StarRocksConnectorException: doesn't find class: com.postgres.Driver
	at com.starrocks.connector.jdbc.JDBCMetadata.<init>(JDBCMetadata.java:89) ~[classes/:?]
	at com.starrocks.connector.jdbc.JDBCMetadata.<init>(JDBCMetadata.java:78) ~[classes/:?]
	at com.starrocks.connector.jdbc.JDBCConnector.<init>(JDBCConnector.java:60) ~[classes/:?]
	at jdk.internal.reflect.NativeConstructorAccessorImpl.newInstance0(Native Method) ~[?:?]
	at jdk.internal.reflect.NativeConstructorAccessorImpl.newInstance(NativeConstructorAccessorImpl.java:77) ~[?:?]
	at jdk.internal.reflect.DelegatingConstructorAccessorImpl.newInstance(DelegatingConstructorAccessorImpl.java:45) ~[?:?]
	at java.lang.reflect.Constructor.newInstanceWithCaller(Constructor.java:500) ~[?:?]
	at java.lang.reflect.Constructor.newInstance(Constructor.java:481) ~[?:?]
	at com.starrocks.connector.ConnectorFactory.createRealConnector(ConnectorFactory.java:66) ~[classes/:?]
	at com.starrocks.connector.LazyConnector.initIfNeeded(LazyConnector.java:68) ~[classes/:?]
	at com.starrocks.connector.ConnectorFactory.createConnector(ConnectorFactory.java:46) ~[classes/:?]
	at com.starrocks.connector.ConnectorMgr.createHiddenConnector(ConnectorMgr.java:62) ~[classes/:?]
	at com.starrocks.server.CatalogMgr.createCatalog(CatalogMgr.java:112) ~[classes/:?]
	at com.starrocks.sql.plan.ConnectorPlanTestBase.mockJDBCCatalogImpl(ConnectorPlanTestBase.java:369) ~[test-classes/:?]
	at com.starrocks.sql.plan.ConnectorPlanTestBase.mockAllCatalogs(ConnectorPlanTestBase.java:102) ~[test-classes/:?]
	at com.starrocks.sql.optimizer.statistics.StatisticsCalculatorTest.beforeClass(StatisticsCalculatorTest.java:104) ~[test-classes/:?]
	at jdk.internal.reflect.NativeMethodAccessorImpl.invoke0(Native Method) ~[?:?]
	at jdk.internal.reflect.NativeMethodAccessorImpl.invoke(NativeMethodAccessorImpl.java:77) ~[?:?]
	at jdk.internal.reflect.DelegatingMethodAccessorImpl.invoke(DelegatingMethodAccessorImpl.java:43) ~[?:?]
	at java.lang.reflect.Method.invoke(Method.java:569) ~[?:?]
	at org.junit.platform.commons.util.ReflectionUtils.invokeMethod(ReflectionUtils.java:725) ~[junit-platform-commons-1.8.2.jar:1.8.2]
	at org.junit.jupiter.engine.execution.MethodInvocation.proceed(MethodInvocation.java:60) ~[junit-jupiter-engine-5.8.2.jar:5.8.2]
	at org.junit.jupiter.engine.execution.InvocationInterceptorChain$ValidatingInvocation.proceed(InvocationInterceptorChain.java:131) ~[junit-jupiter-engine-5.8.2.jar:5.8.2]
	at org.junit.jupiter.engine.extension.TimeoutInvocation.proceed(TimeoutInvocation.java:46) ~[junit-jupiter-engine-5.8.2.jar:5.8.2]
	at org.junit.jupiter.engine.extension.TimeoutExtension.intercept(TimeoutExtension.java:149) ~[junit-jupiter-engine-5.8.2.jar:5.8.2]
	at org.junit.jupiter.engine.extension.TimeoutExtension.interceptLifecycleMethod(TimeoutExtension.java:126) ~[junit-jupiter-engine-5.8.2.jar:5.8.2]
	at org.junit.jupiter.engine.extension.TimeoutExtension.interceptBeforeAllMethod(TimeoutExtension.java:68) ~[junit-jupiter-engine-5.8.2.jar:5.8.2]
	at org.junit.jupiter.engine.execution.ExecutableInvoker$ReflectiveInterceptorCall.lambda$ofVoidMethod$0(ExecutableInvoker.java:115) ~[junit-jupiter-engine-5.8.2.jar:5.8.2]
	at org.junit.jupiter.engine.execution.ExecutableInvoker.lambda$invoke$0(ExecutableInvoker.java:105) ~[junit-jupiter-engine-5.8.2.jar:5.8.2]
	at org.junit.jupiter.engine.execution.InvocationInterceptorChain$InterceptedInvocation.proceed(InvocationInterceptorChain.java:106) ~[junit-jupiter-engine-5.8.2.jar:5.8.2]
	at org.junit.jupiter.engine.execution.InvocationInterceptorChain.proceed(InvocationInterceptorChain.java:64) ~[junit-jupiter-engine-5.8.2.jar:5.8.2]
	at org.junit.jupiter.engine.execution.InvocationInterceptorChain.chainAndInvoke(InvocationInterceptorChain.java:45) ~[junit-jupiter-engine-5.8.2.jar:5.8.2]
	at org.junit.jupiter.engine.execution.InvocationInterceptorChain.invoke(InvocationInterceptorChain.java:37) ~[junit-jupiter-engine-5.8.2.jar:5.8.2]
	at org.junit.jupiter.engine.execution.ExecutableInvoker.invoke(ExecutableInvoker.java:104) ~[junit-jupiter-engine-5.8.2.jar:5.8.2]
	at org.junit.jupiter.engine.execution.ExecutableInvoker.invoke(ExecutableInvoker.java:98) ~[junit-jupiter-engine-5.8.2.jar:5.8.2]
	at org.junit.jupiter.engine.descriptor.ClassBasedTestDescriptor.lambda$invokeBeforeAllMethods$11(ClassBasedTestDescriptor.java:397) ~[junit-jupiter-engine-5.8.2.jar:5.8.2]
	at org.junit.platform.engine.support.hierarchical.ThrowableCollector.execute(ThrowableCollector.java:73) ~[junit-platform-engine-1.8.2.jar:1.8.2]
	at org.junit.jupiter.engine.descriptor.ClassBasedTestDescriptor.invokeBeforeAllMethods(ClassBasedTestDescriptor.java:395) ~[junit-jupiter-engine-5.8.2.jar:5.8.2]
	at org.junit.jupiter.engine.descriptor.ClassBasedTestDescriptor.before(ClassBasedTestDescriptor.java:209) ~[junit-jupiter-engine-5.8.2.jar:5.8.2]
	at org.junit.jupiter.engine.descriptor.ClassBasedTestDescriptor.before(ClassBasedTestDescriptor.java:80) ~[junit-jupiter-engine-5.8.2.jar:5.8.2]
	at org.junit.platform.engine.support.hierarchical.NodeTestTask.lambda$executeRecursively$6(NodeTestTask.java:148) ~[junit-platform-engine-1.8.2.jar:1.8.2]
	at org.junit.platform.engine.support.hierarchical.ThrowableCollector.execute(ThrowableCollector.java:73) ~[junit-platform-engine-1.8.2.jar:1.8.2]
	at org.junit.platform.engine.support.hierarchical.NodeTestTask.lambda$executeRecursively$8(NodeTestTask.java:141) ~[junit-platform-engine-1.8.2.jar:1.8.2]
	at org.junit.platform.engine.support.hierarchical.Node.around(Node.java:137) ~[junit-platform-engine-1.8.2.jar:1.8.2]
	at org.junit.platform.engine.support.hierarchical.NodeTestTask.lambda$executeRecursively$9(NodeTestTask.java:139) ~[junit-platform-engine-1.8.2.jar:1.8.2]
	at org.junit.platform.engine.support.hierarchical.ThrowableCollector.execute(ThrowableCollector.java:73) ~[junit-platform-engine-1.8.2.jar:1.8.2]
	at org.junit.platform.engine.support.hierarchical.NodeTestTask.executeRecursively(NodeTestTask.java:138) ~[junit-platform-engine-1.8.2.jar:1.8.2]
	at org.junit.platform.engine.support.hierarchical.NodeTestTask.execute(NodeTestTask.java:95) ~[junit-platform-engine-1.8.2.jar:1.8.2]
	at java.util.ArrayList.forEach(ArrayList.java:1511) ~[?:?]
	at org.junit.platform.engine.support.hierarchical.SameThreadHierarchicalTestExecutorService.invokeAll(SameThreadHierarchicalTestExecutorService.java:41) ~[junit-platform-engine-1.8.2.jar:1.8.2]
	at org.junit.platform.engine.support.hierarchical.NodeTestTask.lambda$executeRecursively$6(NodeTestTask.java:155) ~[junit-platform-engine-1.8.2.jar:1.8.2]
	at org.junit.platform.engine.support.hierarchical.ThrowableCollector.execute(ThrowableCollector.java:73) ~[junit-platform-engine-1.8.2.jar:1.8.2]
	at org.junit.platform.engine.support.hierarchical.NodeTestTask.lambda$executeRecursively$8(NodeTestTask.java:141) ~[junit-platform-engine-1.8.2.jar:1.8.2]
	at org.junit.platform.engine.support.hierarchical.Node.around(Node.java:137) ~[junit-platform-engine-1.8.2.jar:1.8.2]
	at org.junit.platform.engine.support.hierarchical.NodeTestTask.lambda$executeRecursively$9(NodeTestTask.java:139) ~[junit-platform-engine-1.8.2.jar:1.8.2]
	at org.junit.platform.engine.support.hierarchical.ThrowableCollector.execute(ThrowableCollector.java:73) ~[junit-platform-engine-1.8.2.jar:1.8.2]
	at org.junit.platform.engine.support.hierarchical.NodeTestTask.executeRecursively(NodeTestTask.java:138) ~[junit-platform-engine-1.8.2.jar:1.8.2]
	at org.junit.platform.engine.support.hierarchical.NodeTestTask.execute(NodeTestTask.java:95) ~[junit-platform-engine-1.8.2.jar:1.8.2]
	at org.junit.platform.engine.support.hierarchical.SameThreadHierarchicalTestExecutorService.submit(SameThreadHierarchicalTestExecutorService.java:35) ~[junit-platform-engine-1.8.2.jar:1.8.2]
	at org.junit.platform.engine.support.hierarchical.HierarchicalTestExecutor.execute(HierarchicalTestExecutor.java:57) ~[junit-platform-engine-1.8.2.jar:1.8.2]
	at org.junit.platform.engine.support.hierarchical.HierarchicalTestEngine.execute(HierarchicalTestEngine.java:54) ~[junit-platform-engine-1.8.2.jar:1.8.2]
	at org.junit.platform.launcher.core.EngineExecutionOrchestrator.execute(EngineExecutionOrchestrator.java:107) ~[junit-platform-launcher-1.8.2.jar:1.8.2]
	at org.junit.platform.launcher.core.EngineExecutionOrchestrator.execute(EngineExecutionOrchestrator.java:88) ~[junit-platform-launcher-1.8.2.jar:1.8.2]
	at org.junit.platform.launcher.core.EngineExecutionOrchestrator.lambda$execute$0(EngineExecutionOrchestrator.java:54) ~[junit-platform-launcher-1.8.2.jar:1.8.2]
	at org.junit.platform.launcher.core.EngineExecutionOrchestrator.withInterceptedStreams(EngineExecutionOrchestrator.java:67) ~[junit-platform-launcher-1.8.2.jar:1.8.2]
	at org.junit.platform.launcher.core.EngineExecutionOrchestrator.execute(EngineExecutionOrchestrator.java:52) ~[junit-platform-launcher-1.8.2.jar:1.8.2]
	at org.junit.platform.launcher.core.DefaultLauncher.execute(DefaultLauncher.java:114) ~[junit-platform-launcher-1.8.2.jar:1.8.2]
	at org.junit.platform.launcher.core.DefaultLauncher.execute(DefaultLauncher.java:86) ~[junit-platform-launcher-1.8.2.jar:1.8.2]
	at org.junit.platform.launcher.core.DefaultLauncherSession$DelegatingLauncher.execute(DefaultLauncherSession.java:86) ~[junit-platform-launcher-1.8.2.jar:1.8.2]
	at org.apache.maven.surefire.junitplatform.LazyLauncher.execute(LazyLauncher.java:56) ~[surefire-junit-platform-3.2.5.jar:3.2.5]
	at org.apache.maven.surefire.junitplatform.JUnitPlatformProvider.execute(JUnitPlatformProvider.java:184) ~[surefire-junit-platform-3.2.5.jar:3.2.5]
	at org.apache.maven.surefire.junitplatform.JUnitPlatformProvider.invokeAllTests(JUnitPlatformProvider.java:148) ~[surefire-junit-platform-3.2.5.jar:3.2.5]
	at org.apache.maven.surefire.junitplatform.JUnitPlatformProvider.invoke(JUnitPlatformProvider.java:120) ~[surefire-junit-platform-3.2.5.jar:3.2.5]
	at org.apache.maven.surefire.booter.ForkedBooter.runSuitesInProcess(ForkedBooter.java:385) ~[surefire-booter-3.2.5.jar:3.2.5]
	at org.apache.maven.surefire.booter.ForkedBooter.execute(ForkedBooter.java:162) ~[surefire-booter-3.2.5.jar:3.2.5]
	at org.apache.maven.surefire.booter.ForkedBooter.run(ForkedBooter.java:507) ~[surefire-booter-3.2.5.jar:3.2.5]
	at org.apache.maven.surefire.booter.ForkedBooter.main(ForkedBooter.java:495) ~[surefire-booter-3.2.5.jar:3.2.5]
2026-09-04 03:07:20 [main] WARN  HadoopUtils:154 - Could not find Hadoop configuration via any of the supported methods
2026-09-04 03:07:23 [main] WARN  StatisticUtils:222 - Statistics database _statistics_ not found
2026-09-04 03:07:23 [main] WARN  StatisticUtils:222 - Statistics database _statistics_ not found
2026-09-04 03:07:23 [main] WARN  StatisticUtils:222 - Statistics database _statistics_ not found
2026-09-04 03:07:23 [main] WARN  StatisticUtils:222 - Statistics database _statistics_ not found
2026-09-04 03:07:23 [main] WARN  StatisticUtils:222 - Statistics database _statistics_ not found
2026-09-04 03:07:23 [main] WARN  StatisticUtils:222 - Statistics database _statistics_ not found
2026-09-04 03:07:23 [main] WARN  StatisticUtils:222 - Statistics database _statistics_ not found
2026-09-04 03:07:23 [main] WARN  StatisticUtils:222 - Statistics database _statistics_ not found
2026-09-04 03:07:23 [main] WARN  StatisticUtils:222 - Statistics database _statistics_ not found
2026-09-04 03:07:23 [main] WARN  StatisticUtils:222 - Statistics database _statistics_ not found
2026-09-04 03:07:23 [main] WARN  StatisticUtils:222 - Statistics database _statistics_ not found
2026-09-04 03:07:23 [main] WARN  StatisticUtils:222 - Statistics database _statistics_ not found
2026-09-04 03:07:23 [main] WARN  StatisticUtils:222 - Statistics database _statistics_ not found
2026-09-04 03:07:23 [main] WARN  StatisticUtils:222 - Statistics database _statistics_ not found
2026-09-04 03:07:23 [main] WARN  StatisticUtils:222 - Statistics database _statistics_ not found
2026-09-04 03:07:23 [main] WARN  StatisticUtils:222 - Statistics database _statistics_ not found
2026-09-04 03:07:23 [main] WARN  StatisticUtils:222 - Statistics database _statistics_ not found
2026-09-04 03:07:23 [main] WARN  StatisticUtils:222 - Statistics database _statistics_ not found
2026-09-04 03:07:23 [main] WARN  StatisticUtils:222 - Statistics database _statistics_ not found
2026-09-04 03:07:23 [main] WARN  StatisticUtils:222 - Statistics database _statistics_ not found
2026-09-04 03:07:23 [main] WARN  StatisticUtils:222 - Statistics database _statistics_ not found
[INFO] Tests run: 14, Failures: 0, Errors: 0, Skipped: 0, Time elapsed: 8.887 s -- in com.starrocks.sql.optimizer.statistics.StatisticsCalculatorTest
[INFO] 
[INFO] Results:
[INFO] 
[INFO] Tests run: 32, Failures: 0, Errors: 0, Skipped: 0
[INFO] 
[INFO] 
[INFO] --- jacoco:0.8.12:restore-instrumented-classes (restore) @ fe-core ---
[INFO] 
[INFO] --- jar:3.5.0:jar (default-jar) @ fe-core ---
[INFO] Building jar: /home/prestouser/aocsa/sirius-stacks-wt/fix-files-cardinality/experimental/starrocks/starrocks/fe/fe-core/target/fe-core-4.1.1.jar
[INFO] 
[INFO] --- jacoco:0.8.12:report (default-report) @ fe-core ---
[INFO] Loading execution data file /home/prestouser/aocsa/sirius-stacks-wt/fix-files-cardinality/experimental/starrocks/starrocks/fe/fe-core/target/jacoco.exec
[INFO] Analyzed bundle 'fe-core' with 11195 classes
[INFO] 
[INFO] --- jacoco:0.8.12:check (default-check) @ fe-core ---
[INFO] Loading execution data file /home/prestouser/aocsa/sirius-stacks-wt/fix-files-cardinality/experimental/starrocks/starrocks/fe/fe-core/target/jacoco.exec
[INFO] Analyzed bundle 'fe-core' with 11195 classes
[INFO] All coverage checks have been met.
[INFO] 
[INFO] ----------------------< com.starrocks:fe-server >-----------------------
[INFO] Building fe-server 4.1.1                                         [11/11]
[INFO]   from fe-server/pom.xml
[INFO] --------------------------------[ jar ]---------------------------------
[INFO] 
[INFO] --- resources:3.4.0:resources (default-resources) @ fe-server ---
[INFO] skip non existing resourceDirectory /home/prestouser/aocsa/sirius-stacks-wt/fix-files-cardinality/experimental/starrocks/starrocks/fe/fe-server/src/main/resources
[INFO] 
[INFO] --- compiler:3.15.0:compile (default-compile) @ fe-server ---
[INFO] Recompiling the module because of changed dependency.
[INFO] Compiling 1 source file with javac [debug release 17] to target/classes
[INFO] 
[INFO] --- resources:3.4.0:testResources (default-testResources) @ fe-server ---
[INFO] skip non existing resourceDirectory /home/prestouser/aocsa/sirius-stacks-wt/fix-files-cardinality/experimental/starrocks/starrocks/fe/fe-server/src/test/resources
[INFO] 
[INFO] --- compiler:3.15.0:testCompile (default-testCompile) @ fe-server ---
[INFO] Recompiling the module because of changed dependency.
[INFO] Compiling 1 source file with javac [debug release 17] to target/test-classes
[INFO] 
[INFO] --- surefire:3.5.4:test (default-test) @ fe-server ---
[INFO] 
[INFO] --- jar:3.5.0:jar (default-jar) @ fe-server ---
[INFO] Building jar: /home/prestouser/aocsa/sirius-stacks-wt/fix-files-cardinality/experimental/starrocks/starrocks/fe/fe-server/target/starrocks-fe.jar
[INFO] 
[INFO] --- dependency:3.1.1:copy-dependencies (copy-dependencies) @ fe-server ---
[INFO] Copying fe-core-4.1.1.jar to /home/prestouser/aocsa/sirius-stacks-wt/fix-files-cardinality/experimental/starrocks/starrocks/fe/fe-server/target/lib/fe-core-4.1.1.jar
[INFO] Copying fe-parser-4.1.1.jar to /home/prestouser/aocsa/sirius-stacks-wt/fix-files-cardinality/experimental/starrocks/starrocks/fe/fe-server/target/lib/fe-parser-4.1.1.jar
[INFO] Copying fe-grammar-4.1.1.jar to /home/prestouser/aocsa/sirius-stacks-wt/fix-files-cardinality/experimental/starrocks/starrocks/fe/fe-server/target/lib/fe-grammar-4.1.1.jar
[INFO] Copying spark-dpp-4.1.1.jar to /home/prestouser/aocsa/sirius-stacks-wt/fix-files-cardinality/experimental/starrocks/starrocks/fe/fe-server/target/lib/spark-dpp-4.1.1.jar
[INFO] org.apache.tomcat:tomcat-juli:jar:9.0.93 already exists in destination.
[INFO] org.glassfish.hk2.external:jakarta.inject:jar:2.6.1 already exists in destination.
[INFO] io.netty:netty-all:jar:4.1.133.Final already exists in destination.
[INFO] com.fasterxml.jackson.dataformat:jackson-dataformat-yaml:jar:2.21.1 already exists in destination.
[INFO] org.jboss.logging:jboss-logging:jar:3.3.1.Final already exists in destination.
[INFO] org.jetbrains.kotlin:kotlin-stdlib:jar:1.6.20 already exists in destination.
[INFO] com.google.cloud.bigdataoss:gcs-connector:jar:shaded:3.0.13 already exists in destination.
[INFO] com.aliyun:aliyun-java-sdk-core:jar:4.5.10 already exists in destination.
[INFO] commons-net:commons-net:jar:3.9.0 already exists in destination.
[INFO] org.apache.hbase:hbase-client:jar:2.6.2 already exists in destination.
[INFO] org.apache.kudu:kudu-client:jar:1.17.1 already exists in destination.
[INFO] io.netty:netty-handler-proxy:jar:4.1.133.Final already exists in destination.
[INFO] io.prometheus:prometheus-metrics-tracer-otel:jar:1.0.0 already exists in destination.
[INFO] org.apache.kerby:kerby-asn1:jar:2.0.3 already exists in destination.
[INFO] software.amazon.awssdk:utils-lite:jar:2.42.1 already exists in destination.
[INFO] org.jetbrains.kotlin:kotlin-stdlib-jdk7:jar:1.5.31 already exists in destination.
[INFO] org.eclipse.jetty:jetty-util-ajax:jar:9.4.58.v20250814 already exists in destination.
[INFO] org.apache.iceberg:iceberg-hive-metastore:jar:1.10.0 already exists in destination.
[INFO] org.apache.kerby:kerby-pkix:jar:2.0.3 already exists in destination.
[INFO] com.oracle.database.nls:orai18n:jar:19.18.0.0 already exists in destination.
[INFO] software.amazon.awssdk:regions:jar:2.42.1 already exists in destination.
[INFO] org.scala-lang:scala-library:jar:2.12.10 already exists in destination.
[INFO] io.prometheus:prometheus-metrics-model:jar:1.0.0 already exists in destination.
[INFO] com.aliyun.datalake:shims-cdh-hive2:jar:0.2.14 already exists in destination.
[INFO] javax.mail:mail:jar:1.4.7 already exists in destination.
[INFO] org.apache.logging.log4j:log4j-slf4j-impl:jar:2.19.0 already exists in destination.
[INFO] commons-io:commons-io:jar:2.16.1 already exists in destination.
[INFO] software.amazon.awssdk:endpoints-spi:jar:2.42.1 already exists in destination.
[INFO] org.apache.spark:spark-unsafe_2.12:jar:3.5.7 already exists in destination.
[INFO] org.apache.hadoop:hadoop-aliyun:jar:3.4.3 already exists in destination.
[INFO] io.projectreactor.netty:reactor-netty-core:jar:1.0.48 already exists in destination.
[INFO] org.apache.httpcomponents:httpclient:jar:4.5.13 already exists in destination.
[INFO] io.grpc:grpc-util:jar:1.63.0 already exists in destination.
[INFO] com.squareup.okio:okio-jvm:jar:3.0.0 already exists in destination.
[INFO] org.apache.hadoop:hadoop-mapreduce-client-common:jar:3.4.3 already exists in destination.
[INFO] com.kstruct:gethostname4j:jar:1.0.0 already exists in destination.
[INFO] org.apache.hbase:hbase-procedure:jar:2.6.2 already exists in destination.
[INFO] com.azure:azure-core-http-netty:jar:1.15.11 already exists in destination.
[INFO] org.eclipse.jetty.websocket:websocket-api:jar:9.4.57.v20241219 already exists in destination.
[INFO] io.prometheus:simpleclient_httpserver:jar:0.8.0 already exists in destination.
[INFO] javax.servlet:servlet-api:jar:2.4 already exists in destination.
[INFO] com.sun.activation:jakarta.activation:jar:2.0.0 already exists in destination.
[INFO] com.fasterxml.jackson.core:jackson-core:jar:2.21.1 already exists in destination.
[INFO] joda-time:joda-time:jar:2.9.9 already exists in destination.
[INFO] com.fasterxml.jackson.jaxrs:jackson-jaxrs-json-provider:jar:2.17.2 already exists in destination.
[INFO] io.airlift:log:jar:202 already exists in destination.
[INFO] org.jline:jline:jar:3.9.0 already exists in destination.
[INFO] com.starrocks:fe-type:jar:4.1.1 already exists in destination.
[INFO] jakarta.validation:jakarta.validation-api:jar:2.0.2 already exists in destination.
[INFO] com.google.errorprone:error_prone_annotations:jar:2.18.0 already exists in destination.
[INFO] org.json:json:jar:20231013 already exists in destination.
[INFO] com.lmax:disruptor:jar:3.4.2 already exists in destination.
[INFO] io.netty:netty-codec-xml:jar:4.1.133.Final already exists in destination.
[INFO] org.jetbrains.kotlin:kotlin-stdlib-common:jar:1.5.31 already exists in destination.
[INFO] org.antlr:antlr4:jar:4.11.1 already exists in destination.
[INFO] org.apache.tomcat:tomcat-el-api:jar:9.0.93 already exists in destination.
[INFO] org.apache.groovy:groovy-templates:jar:4.0.9 already exists in destination.
[INFO] com.github.pjfanning:jersey-json:jar:1.22.0 already exists in destination.
[INFO] org.agrona:agrona:jar:1.12.0 already exists in destination.
[INFO] io.grpc:grpc-stub:jar:1.63.0 already exists in destination.
[INFO] org.roaringbitmap:shims:jar:0.8.13 already exists in destination.
[INFO] commons-cli:commons-cli:jar:1.4 already exists in destination.
[INFO] org.eclipse.jetty:jetty-servlet:jar:9.4.58.v20250814 already exists in destination.
[INFO] org.apache.curator:curator-framework:jar:2.13.0 already exists in destination.
[INFO] com.aliyun.datalake:metastore-client-hive-common:jar:0.2.14 already exists in destination.
[INFO] org.apache.parquet:parquet-avro:jar:1.16.0 already exists in destination.
[INFO] com.fasterxml.uuid:java-uuid-generator:jar:5.1.0 already exists in destination.
[INFO] com.azure:azure-storage-common:jar:12.29.0 already exists in destination.
[INFO] software.amazon.awssdk:kms:jar:2.42.1 already exists in destination.
[INFO] org.apache.hadoop:hadoop-client-runtime:jar:3.4.3 already exists in destination.
[INFO] com.sun.jersey:jersey-client:jar:1.19.4 already exists in destination.
[INFO] javax.xml.bind:jaxb-api:jar:2.2.12 already exists in destination.
[INFO] io.netty:netty-codec-stomp:jar:4.1.133.Final already exists in destination.
[INFO] org.apache.spark:spark-kvstore_2.12:jar:3.5.7 already exists in destination.
[INFO] org.jacoco:org.jacoco.agent:jar:runtime:0.8.12 already exists in destination.
[INFO] com.sun.xml.bind:jaxb-impl:jar:2.2.3-1 already exists in destination.
[INFO] com.google.re2j:re2j:jar:1.1 already exists in destination.
[INFO] org.apache.hudi:hudi-io:jar:1.0.2 already exists in destination.
[INFO] com.fasterxml.jackson.module:jackson-module-jaxb-annotations:jar:2.21.1 already exists in destination.
[INFO] com.qcloud.cos:hadoop-cos:jar:3.3.0-8.3.2 already exists in destination.
[INFO] jakarta.activation:jakarta.activation-api:jar:1.2.2 already exists in destination.
[INFO] org.locationtech.jts:jts-core:jar:1.20.0 already exists in destination.
[INFO] com.google.guava:failureaccess:jar:1.0.1 already exists in destination.
[INFO] org.xerial.snappy:snappy-java:jar:1.1.10.5 already exists in destination.
[INFO] org.dom4j:dom4j:jar:2.1.3 already exists in destination.
[INFO] com.aliyun:aliyun-java-sdk-ram:jar:3.1.0 already exists in destination.
[INFO] xpp3:xpp3:jar:1.1.3.3 already exists in destination.
[INFO] org.apache.hadoop:hadoop-common:jar:3.4.3 already exists in destination.
[INFO] org.owasp.encoder:encoder:jar:1.3.1 already exists in destination.
[INFO] org.slf4j:slf4j-api:jar:1.7.30 already exists in destination.
[INFO] org.slf4j:jcl-over-slf4j:jar:2.0.7 already exists in destination.
[INFO] org.apache.ivy:ivy:jar:2.5.2 already exists in destination.
[INFO] com.fasterxml.jackson.jr:jackson-jr-objects:jar:2.13.2 already exists in destination.
[INFO] com.fasterxml.woodstox:woodstox-core:jar:5.4.0 already exists in destination.
[INFO] io.netty:netty-tcnative-boringssl-static:jar:osx-x86_64:2.0.77.Final already exists in destination.
[INFO] io.netty:netty-codec-redis:jar:4.1.133.Final already exists in destination.
[INFO] org.apache.hadoop.thirdparty:hadoop-shaded-guava:jar:1.5.0 already exists in destination.
[INFO] com.google.http-client:google-http-client:jar:2.0.0 already exists in destination.
[INFO] org.apache.hbase:hbase-metrics:jar:2.6.2 already exists in destination.
[INFO] stax:stax:jar:1.2.0 already exists in destination.
[INFO] jakarta.xml.bind:jakarta.xml.bind-api:jar:4.0.2 already exists in destination.
[INFO] io.prometheus:prometheus-metrics-config:jar:1.0.0 already exists in destination.
[INFO] io.opentelemetry:opentelemetry-semconv:jar:1.14.0-alpha already exists in destination.
[INFO] org.codehaus.jettison:jettison:jar:1.5.4 already exists in destination.
[INFO] org.apache.hudi:hudi-hadoop-common:jar:1.0.2 already exists in destination.
[INFO] com.sun.jersey:jersey-server:jar:1.19.4 already exists in destination.
[INFO] jakarta.annotation:jakarta.annotation-api:jar:2.1.1 already exists in destination.
[INFO] io.netty:netty-transport-native-kqueue:jar:osx-x86_64:4.1.133.Final already exists in destination.
[INFO] io.netty:netty-codec-memcache:jar:4.1.133.Final already exists in destination.
[INFO] software.amazon.awssdk:retries-spi:jar:2.42.1 already exists in destination.
[INFO] io.opentracing:opentracing-util:jar:0.33.0 already exists in destination.
[INFO] tools.profiler:async-profiler:jar:4.0 already exists in destination.
[INFO] org.apache.ranger:ugsync-util:jar:2.8.0 already exists in destination.
[INFO] org.bouncycastle:bcprov-jdk18on:jar:1.84 already exists in destination.
[INFO] org.apache.xbean:xbean-asm9-shaded:jar:4.23 already exists in destination.
[INFO] org.apache.groovy:groovy-swing:jar:4.0.9 already exists in destination.
[INFO] io.netty:netty-resolver:jar:4.1.133.Final already exists in destination.
[INFO] software.amazon.awssdk:sso:jar:2.42.1 already exists in destination.
[INFO] net.openhft:zero-allocation-hashing:jar:0.16 already exists in destination.
[INFO] com.google.code.gson:gson:jar:2.8.9 already exists in destination.
[INFO] software.amazon.eventstream:eventstream:jar:1.0.1 already exists in destination.
[INFO] com.aliyun:aliyun-java-sdk-kms:jar:2.11.0 already exists in destination.
[INFO] io.netty:netty-transport-classes-kqueue:jar:4.1.133.Final already exists in destination.
[INFO] org.eclipse.jetty:jetty-webapp:jar:9.4.58.v20250814 already exists in destination.
[INFO] org.openlabtesting.leveldbjni:leveldbjni-all:jar:1.8 already exists in destination.
[INFO] org.apache.avro:avro:jar:1.12.0 already exists in destination.
[INFO] com.aliyun.datalake:metastore-client-common:jar:0.2.14 already exists in destination.
[INFO] com.google.auto.value:auto-value-annotations:jar:1.10.4 already exists in destination.
[INFO] org.apache.hbase:hbase-asyncfs:jar:2.6.2 already exists in destination.
[INFO] org.apache.logging.log4j:log4j-1.2-api:jar:2.19.0 already exists in destination.
[INFO] io.netty:netty-transport-native-epoll:jar:linux-aarch_64:4.1.133.Final already exists in destination.
[INFO] com.github.oshi:oshi-core:jar:6.2.1 already exists in destination.
[INFO] org.apache.hadoop:hadoop-yarn-api:jar:3.4.3 already exists in destination.
[INFO] com.azure:azure-json:jar:1.5.0 already exists in destination.
[INFO] commons-collections:commons-collections:jar:3.2.2 already exists in destination.
[INFO] io.opentelemetry:opentelemetry-exporter-otlp-common:jar:1.14.0 already exists in destination.
[INFO] io.prometheus:prometheus-metrics-core:jar:1.0.0 already exists in destination.
[INFO] com.google.protobuf:protobuf-java:jar:3.25.5 already exists in destination.
[INFO] commons-codec:commons-codec:jar:1.13 already exists in destination.
[INFO] it.unimi.dsi:fastutil:jar:8.5.15 already exists in destination.
[INFO] io.netty:netty-buffer:jar:4.1.133.Final already exists in destination.
[INFO] com.nimbusds:nimbus-jose-jwt:jar:9.37.2 already exists in destination.
[INFO] org.apache.ranger:ranger-authz-api:jar:2.8.0 already exists in destination.
[INFO] org.apache.arrow:arrow-memory-core:jar:18.0.0 already exists in destination.
[INFO] org.eclipse.jetty:jetty-xml:jar:9.4.58.v20250814 already exists in destination.
[INFO] org.yaml:snakeyaml:jar:2.5 already exists in destination.
[INFO] org.apache.tomcat:tomcat-api:jar:9.0.93 already exists in destination.
[INFO] org.glassfish.hk2:hk2-locator:jar:2.6.1 already exists in destination.
[INFO] org.glassfish.hk2:hk2-utils:jar:2.6.1 already exists in destination.
[INFO] software.amazon.awssdk:protocol-core:jar:2.42.1 already exists in destination.
[INFO] net.sf.py4j:py4j:jar:0.10.9.7 already exists in destination.
[INFO] io.opentelemetry:opentelemetry-sdk-common:jar:1.14.0 already exists in destination.
[INFO] org.apache.groovy:groovy:jar:4.0.9 already exists in destination.
[INFO] software.amazon.awssdk:netty-nio-client:jar:2.42.1 already exists in destination.
[INFO] net.sourceforge.javacsv:javacsv:jar:2.0 already exists in destination.
[INFO] org.fusesource.leveldbjni:leveldbjni-all:jar:1.8 already exists in destination.
[INFO] software.amazon.awssdk:http-auth-aws:jar:2.42.1 already exists in destination.
[INFO] com.fasterxml.jackson.jaxrs:jackson-jaxrs-base:jar:2.17.2 already exists in destination.
[INFO] commons-digester:commons-digester:jar:2.1 already exists in destination.
[INFO] org.apache.commons:commons-math3:jar:3.6.1 already exists in destination.
[INFO] com.google.api-client:google-api-client:jar:2.8.1 already exists in destination.
[INFO] org.apache.logging.log4j:log4j-api:jar:2.19.0 already exists in destination.
[INFO] software.amazon.awssdk:sts:jar:2.42.1 already exists in destination.
[INFO] io.prometheus:prometheus-metrics-exporter-httpserver:jar:1.0.0 already exists in destination.
[INFO] com.aliyun.odps:odps-sdk-commons:jar:0.48.7-public already exists in destination.
[INFO] org.glassfish:javax.json:jar:1.1.4 already exists in destination.
[INFO] software.amazon.awssdk:s3-transfer-manager:jar:2.42.1 already exists in destination.
[INFO] commons-logging:commons-logging:jar:1.2 already exists in destination.
[INFO] com.google.http-client:google-http-client-apache-v2:jar:2.0.0 already exists in destination.
[INFO] com.esotericsoftware:minlog:jar:1.3.0 already exists in destination.
[INFO] org.javassist:javassist:jar:3.29.2-GA already exists in destination.
[INFO] io.opentelemetry:opentelemetry-exporter-otlp:jar:1.14.0 already exists in destination.
[INFO] software.amazon.awssdk:dynamodb:jar:2.42.1 already exists in destination.
[INFO] javax.validation:validation-api:jar:1.1.0.Final already exists in destination.
[INFO] software.amazon.awssdk:aws-query-protocol:jar:2.42.1 already exists in destination.
[INFO] io.opencensus:opencensus-contrib-http-util:jar:0.31.1 already exists in destination.
[INFO] org.antlr:antlr4-runtime:jar:4.9.3 already exists in destination.
[INFO] org.apache.commons:commons-text:jar:1.10.0 already exists in destination.
[INFO] org.apache.hbase:hbase-replication:jar:2.6.2 already exists in destination.
[INFO] org.ow2.asm:asm-tree:jar:9.4 already exists in destination.
[INFO] software.amazon.awssdk:s3:jar:2.42.1 already exists in destination.
[INFO] software.amazon.awssdk:url-connection-client:jar:2.42.1 already exists in destination.
[INFO] io.airlift:units:jar:1.0 already exists in destination.
[INFO] software.amazon.awssdk:crt-core:jar:2.42.1 already exists in destination.
[INFO] com.google.api.grpc:proto-google-common-protos:jar:2.29.0 already exists in destination.
[INFO] software.amazon.awssdk:ssooidc:jar:2.42.1 already exists in destination.
[INFO] org.json4s:json4s-core_2.12:jar:3.7.0-M11 already exists in destination.
[INFO] org.apache.avro:avro-ipc:jar:1.11.4 already exists in destination.
[INFO] org.apache.hbase.thirdparty:hbase-unsafe:jar:4.1.10 already exists in destination.
[INFO] io.netty:netty-tcnative-boringssl-static:jar:windows-x86_64:2.0.77.Final already exists in destination.
[INFO] io.opentelemetry:opentelemetry-sdk-trace:jar:1.14.0 already exists in destination.
[INFO] com.github.seancfoley:ipaddress:jar:5.4.2 already exists in destination.
[INFO] org.eclipse.jetty:jetty-http:jar:9.4.58.v20250814 already exists in destination.
[INFO] org.apache.ranger:ranger-plugins-common:jar:2.8.0 already exists in destination.
[INFO] io.dropwizard.metrics:metrics-jvm:jar:4.2.19 already exists in destination.
[INFO] com.oracle.database.jdbc:ojdbc10:jar:19.18.0.0 already exists in destination.
[INFO] io.grpc:grpc-netty-shaded:jar:1.63.0 already exists in destination.
[INFO] org.apache.orc:orc-core:jar:1.9.1 already exists in destination.
[INFO] org.apache.tomcat:tomcat-util-scan:jar:9.0.93 already exists in destination.
[INFO] org.jruby.jcodings:jcodings:jar:1.0.58 already exists in destination.
[INFO] org.apache.hadoop:hadoop-distcp:jar:2.10.2 already exists in destination.
[INFO] org.postgresql:postgresql:jar:42.7.11 already exists in destination.
[INFO] org.checkerframework:checker-qual:jar:3.33.0 already exists in destination.
[INFO] com.azure:azure-xml:jar:1.2.0 already exists in destination.
[INFO] com.twitter:chill_2.12:jar:0.10.0 already exists in destination.
[INFO] stax:stax-api:jar:1.0.1 already exists in destination.
[INFO] com.google.oauth-client:google-oauth-client:jar:1.36.0 already exists in destination.
[INFO] org.tukaani:xz:jar:1.9 already exists in destination.
[INFO] org.eclipse.jetty.websocket:websocket-common:jar:9.4.57.v20241219 already exists in destination.
[INFO] io.grpc:grpc-context:jar:1.63.0 already exists in destination.
[INFO] org.apache.arrow:arrow-jdbc:jar:18.0.0 already exists in destination.
[INFO] com.starrocks:jprotobuf-starrocks:jar:1.0.0 already exists in destination.
[INFO] io.delta:delta-kernel-api:jar:4.0.0rc1 already exists in destination.
[INFO] org.aspectj:aspectjrt:jar:1.8.9 already exists in destination.
[INFO] de.jflex:jflex:jar:1.4.3 already exists in destination.
[INFO] org.apache.hadoop:hadoop-hdfs:jar:3.4.3 already exists in destination.
[INFO] commons-lang:commons-lang:jar:2.4 already exists in destination.
[INFO] com.aliyun.oss:aliyun-sdk-oss:jar:3.13.2 already exists in destination.
[INFO] org.openjdk.jol:jol-core:jar:0.16 already exists in destination.
[INFO] software.amazon.awssdk:aws-core:jar:2.42.1 already exists in destination.
[INFO] org.glassfish.hk2:hk2-api:jar:2.6.1 already exists in destination.
[INFO] org.apache.commons:commons-pool2:jar:2.3 already exists in destination.
[INFO] io.netty:netty-codec-dns:jar:4.1.133.Final already exists in destination.
[INFO] io.airlift:aircompressor:jar:2.0.3 already exists in destination.
[INFO] org.apache.tomcat:tomcat-jasper-el:jar:9.0.93 already exists in destination.
[INFO] io.prometheus:simpleclient_common:jar:0.8.0 already exists in destination.
[INFO] software.amazon.awssdk:third-party-jackson-core:jar:2.42.1 already exists in destination.
[INFO] org.apache.hadoop:hadoop-yarn-client:jar:3.4.3 already exists in destination.
[INFO] org.apache.hbase:hbase-hadoop2-compat:jar:2.6.2 already exists in destination.
[INFO] org.apache.httpcomponents:httpcore:jar:4.4.16 already exists in destination.
[INFO] com.sun.activation:javax.activation:jar:1.2.0 already exists in destination.
[INFO] org.jdom:jdom2:jar:2.0.6.1 already exists in destination.
[INFO] org.apache.curator:curator-recipes:jar:2.13.0 already exists in destination.
[INFO] io.projectreactor:reactor-core:jar:3.4.41 already exists in destination.
[INFO] net.java.dev.jna:jna-platform:jar:5.12.1 already exists in destination.
[INFO] com.starrocks:starcommon:jar:4.1.0 already exists in destination.
[INFO] io.grpc:grpc-protobuf-lite:jar:1.63.0 already exists in destination.
[INFO] com.aliyun.datalake:shims-load:jar:0.2.14 already exists in destination.
[INFO] io.netty:netty-transport-native-epoll:jar:4.1.133.Final already exists in destination.
[INFO] com.aliyun.odps:odps-sdk-table-api:jar:0.48.7-public already exists in destination.
[INFO] org.apache.hbase.thirdparty:hbase-shaded-gson:jar:4.1.10 already exists in destination.
[INFO] io.netty:netty-transport-native-epoll:jar:linux-riscv64:4.1.133.Final already exists in destination.
[INFO] com.qcloud:chdfs_hadoop_plugin_network:jar:3.2 already exists in destination.
[INFO] io.trino.hive:hive-apache:jar:3.1.2-22 already exists in destination.
[INFO] software.amazon.awssdk:http-auth-spi:jar:2.42.1 already exists in destination.
[INFO] com.google.guava:guava:jar:32.0.1-jre already exists in destination.
[INFO] software.amazon.awssdk:http-auth-aws-eventstream:jar:2.42.1 already exists in destination.
[INFO] org.mariadb.jdbc:mariadb-java-client:jar:3.3.2 already exists in destination.
[INFO] software.amazon.awssdk:identity-spi:jar:2.42.1 already exists in destination.
[INFO] io.dropwizard.metrics:metrics-json:jar:4.2.19 already exists in destination.
[INFO] software.amazon.awssdk:aws-xml-protocol:jar:2.42.1 already exists in destination.
[INFO] commons-validator:commons-validator:jar:1.7 already exists in destination.
[INFO] io.netty:netty-codec-mqtt:jar:4.1.133.Final already exists in destination.
[INFO] org.apache.yetus:audience-annotations:jar:0.13.0 already exists in destination.
[INFO] io.delta:delta-kernel-defaults:jar:4.0.0rc1 already exists in destination.
[INFO] com.fasterxml.jackson.module:jackson-module-scala_2.12:jar:2.15.2 already exists in destination.
[INFO] io.perfmark:perfmark-api:jar:0.26.0 already exists in destination.
[INFO] org.apache.httpcomponents.core5:httpcore5-h2:jar:5.3.4 already exists in destination.
[INFO] org.apache.parquet:parquet-format-structures:jar:1.16.0 already exists in destination.
[INFO] com.azure:azure-storage-blob:jar:12.30.0 already exists in destination.
[INFO] com.google.auth:google-auth-library-credentials:jar:1.30.0 already exists in destination.
[INFO] org.apache.parquet:parquet-common:jar:1.16.0 already exists in destination.
[INFO] org.codehaus.mojo:animal-sniffer-annotations:jar:1.23 already exists in destination.
[INFO] org.apache.spark:spark-common-utils_2.12:jar:3.5.7 already exists in destination.
[INFO] io.opencensus:opencensus-api:jar:0.31.1 already exists in destination.
[INFO] io.netty:netty-tcnative-classes:jar:2.0.77.Final already exists in destination.
[INFO] io.prometheus:prometheus-metrics-tracer-otel-agent:jar:1.0.0 already exists in destination.
[INFO] org.scala-lang:scala-reflect:jar:2.12.18 already exists in destination.
[INFO] com.squareup.okhttp:logging-interceptor:jar:2.7.5 already exists in destination.
[INFO] org.apache.hbase:hbase-zookeeper:jar:2.6.2 already exists in destination.
[INFO] org.apache.hbase.thirdparty:hbase-shaded-miscellaneous:jar:4.1.10 already exists in destination.
[INFO] org.apache.hadoop:hadoop-azure-datalake:jar:3.4.3 already exists in destination.
[INFO] net.razorvine:pickle:jar:1.3 already exists in destination.
[INFO] org.apache.ranger:ranger-plugins-cred:jar:2.8.0 already exists in destination.
[INFO] software.amazon.awssdk:utils:jar:2.42.1 already exists in destination.
[INFO] net.minidev:accessors-smart:jar:2.4.9 already exists in destination.
[INFO] org.apache.arrow:arrow-compression:jar:4.0.0 already exists in destination.
[INFO] org.apache.iceberg:iceberg-common:jar:1.10.0 already exists in destination.
[INFO] org.glassfish.jersey.core:jersey-common:jar:2.40 already exists in destination.
[INFO] org.glassfish.jersey.inject:jersey-hk2:jar:2.40 already exists in destination.
[INFO] io.netty:netty-transport-native-epoll:jar:linux-x86_64:4.1.133.Final already exists in destination.
[INFO] org.apache.spark:spark-tags_2.12:jar:3.5.7 already exists in destination.
[INFO] io.opentelemetry:opentelemetry-exporter-otlp-trace:jar:1.14.0 already exists in destination.
[INFO] org.apache.arrow:flight-core:jar:18.0.0 already exists in destination.
[INFO] dnsjava:dnsjava:jar:3.6.3 already exists in destination.
[INFO] com.aliyun.datalake:shims-hive3:jar:0.2.14 already exists in destination.
[INFO] org.apache.iceberg:iceberg-core:jar:1.10.0 already exists in destination.
[INFO] com.microsoft.azure:azure-data-lake-store-sdk:jar:2.3.9 already exists in destination.
[INFO] io.netty:netty-codec-smtp:jar:4.1.133.Final already exists in destination.
[INFO] org.jboss.xnio:xnio-api:jar:3.8.16.Final already exists in destination.
[INFO] com.starrocks:fe-spi:jar:4.1.1 already exists in destination.
[INFO] org.jamon:jamon-runtime:jar:2.4.1 already exists in destination.
[INFO] org.jetbrains.kotlin:kotlin-stdlib-jdk8:jar:1.5.31 already exists in destination.
[INFO] org.apache.httpcomponents:fluent-hc:jar:4.5.14 already exists in destination.
[INFO] org.json4s:json4s-jackson_2.12:jar:3.7.0-M11 already exists in destination.
[INFO] com.fasterxml.jackson.datatype:jackson-datatype-jsr310:jar:2.15.2 already exists in destination.
[INFO] io.trino:trino-parser:jar:385 already exists in destination.
[INFO] org.apache.spark:spark-network-common_2.12:jar:3.5.7 already exists in destination.
[INFO] com.aliyun:aliyun-java-core:jar:0.1.13-beta already exists in destination.
[INFO] io.netty:netty-codec-socks:jar:4.1.133.Final already exists in destination.
[INFO] io.grpc:grpc-api:jar:1.63.0 already exists in destination.
[INFO] com.starrocks:starrocks-bdb-je:jar:18.3.20 already exists in destination.
[INFO] com.aliyun.datalake:metastore-client-hive3:jar:0.2.14 already exists in destination.
[INFO] org.apache.hbase:hbase-common:jar:2.6.2 already exists in destination.
[INFO] com.zaxxer:HikariCP:jar:7.0.2 already exists in destination.
[INFO] com.sun.jersey:jersey-core:jar:1.19.4 already exists in destination.
[INFO] org.apache.hadoop.thirdparty:hadoop-shaded-protobuf_3_25:jar:1.5.0 already exists in destination.
[INFO] org.apache.avro:avro-mapred:jar:1.11.4 already exists in destination.
[INFO] org.apache.hadoop:hadoop-mapreduce-client-core:jar:3.4.3 already exists in destination.
[INFO] software.amazon.awssdk:sdk-core:jar:2.42.1 already exists in destination.
[INFO] javax.activation:javax.activation-api:jar:1.2.0 already exists in destination.
[INFO] com.tencentcloudapi:tencentcloud-sdk-java-kms:jar:3.1.213 already exists in destination.
[INFO] org.glassfish.jersey.containers:jersey-container-servlet:jar:2.40 already exists in destination.
[INFO] io.netty:netty-transport:jar:4.1.133.Final already exists in destination.
[INFO] com.clickhouse:clickhouse-jdbc:jar:0.4.6 already exists in destination.
[INFO] org.objenesis:objenesis:jar:2.5.1 already exists in destination.
[INFO] org.apache.hadoop:hadoop-client:jar:3.4.3 already exists in destination.
[INFO] io.prometheus:prometheus-metrics-exporter-common:jar:1.0.0 already exists in destination.
[INFO] com.jcraft:jsch:jar:0.1.55 already exists in destination.
[INFO] org.apache.arrow:arrow-format:jar:18.0.0 already exists in destination.
[INFO] com.fasterxml.jackson.module:jackson-module-afterburner:jar:2.15.2 already exists in destination.
[INFO] software.amazon.awssdk:aws-json-protocol:jar:2.42.1 already exists in destination.
[INFO] com.aliyun.datalake:shims-common:jar:0.2.14 already exists in destination.
[INFO] org.apache.thrift:libthrift:jar:0.20.0 already exists in destination.
[INFO] org.jruby.joni:joni:jar:2.2.1 already exists in destination.
[INFO] com.starrocks:fe-testing:jar:4.1.1 already exists in destination.
[INFO] org.apache.arrow:arrow-memory-netty-buffer-patch:jar:18.0.0 already exists in destination.
[INFO] org.apache.velocity:velocity-engine-core:jar:2.4.1 already exists in destination.
[INFO] javax.activation:activation:jar:1.1.1 already exists in destination.
[INFO] io.netty:netty-transport-udt:jar:4.1.133.Final already exists in destination.
[INFO] org.wildfly.openssl:wildfly-openssl:jar:2.2.5.Final already exists in destination.
[INFO] io.opentelemetry:opentelemetry-sdk:jar:1.14.0 already exists in destination.
[INFO] org.apache.hadoop:hadoop-client-api:jar:3.4.3 already exists in destination.
[INFO] software.amazon.awssdk:checksums:jar:2.42.1 already exists in destination.
[INFO] io.netty:netty-codec-http:jar:4.1.133.Final already exists in destination.
[INFO] io.netty:netty-resolver-dns:jar:4.1.133.Final already exists in destination.
[INFO] software.amazon.awssdk:http-auth:jar:2.42.1 already exists in destination.
[INFO] org.apache.httpcomponents.core5:httpcore5:jar:5.3.4 already exists in destination.
[INFO] com.carrotsearch:hppc:jar:0.8.0 already exists in destination.
[INFO] io.netty:netty-tcnative-boringssl-static:jar:osx-aarch_64:2.0.77.Final already exists in destination.
[INFO] io.netty:netty-codec:jar:4.1.133.Final already exists in destination.
[INFO] com.tencentcloudapi:tencentcloud-sdk-java-common:jar:3.1.213 already exists in destination.
[INFO] com.google.http-client:google-http-client-gson:jar:2.0.0 already exists in destination.
[INFO] io.grpc:grpc-protobuf:jar:1.63.0 already exists in destination.
[INFO] org.apache.ranger:ranger-plugin-classloader:jar:2.8.0 already exists in destination.
[INFO] com.google.guava:listenablefuture:jar:9999.0-empty-to-avoid-conflict-with-guava already exists in destination.
[INFO] io.netty:netty-resolver-dns-native-macos:jar:osx-aarch_64:4.1.133.Final already exists in destination.
[INFO] org.apache.kerby:kerby-util:jar:2.0.3 already exists in destination.
[INFO] org.eclipse.jetty:jetty-client:jar:9.4.58.v20250814 already exists in destination.
[INFO] org.apache.curator:curator-client:jar:5.2.0 already exists in destination.
[INFO] com.sun.xml.bind:jaxb-core:jar:3.0.0 already exists in destination.
[INFO] org.apache.hadoop:hadoop-yarn-common:jar:3.4.3 already exists in destination.
[INFO] io.dropwizard.metrics:metrics-graphite:jar:4.2.19 already exists in destination.
[INFO] org.apache.hbase:hbase-protocol-shaded:jar:2.6.2 already exists in destination.
[INFO] software.amazon.awssdk:checksums-spi:jar:2.42.1 already exists in destination.
[INFO] io.netty:netty-codec-http2:jar:4.1.133.Final already exists in destination.
[INFO] jline:jline:jar:2.14.6 already exists in destination.
[INFO] software.amazon.awssdk:auth:jar:2.42.1 already exists in destination.
[INFO] org.glassfish.hk2:osgi-resource-locator:jar:1.0.3 already exists in destination.
[INFO] org.apache.paimon:paimon-bundle:jar:1.3.1 already exists in destination.
[INFO] org.jboss.byteman:byteman:jar:4.0.24 already exists in destination.
[INFO] org.apache.hbase:hbase-server:jar:2.6.2 already exists in destination.
[INFO] org.apache.tomcat:tomcat-util:jar:9.0.93 already exists in destination.
[INFO] io.prometheus:prometheus-metrics-exposition-formats:jar:1.0.0 already exists in destination.
[INFO] com.microsoft.sqlserver:mssql-jdbc:jar:12.4.2.jre11 already exists in destination.
[INFO] net.minidev:json-smart:jar:2.4.10 already exists in destination.
[INFO] org.apache.commons:commons-compress:jar:1.26.1 already exists in destination.
[INFO] io.grpc:grpc-netty:jar:1.65.0 already exists in destination.
[INFO] com.google.auth:google-auth-library-oauth2-http:jar:1.30.0 already exists in destination.
[INFO] org.apache.logging.log4j:log4j-layout-template-json:jar:2.19.0 already exists in destination.
[INFO] io.opentelemetry:opentelemetry-context:jar:1.14.0 already exists in destination.
[INFO] com.nimbusds:content-type:jar:2.3 already exists in destination.
[INFO] io.dropwizard.metrics:metrics-jmx:jar:4.2.19 already exists in destination.
[INFO] io.prometheus:prometheus-metrics-tracer-common:jar:1.0.0 already exists in destination.
[INFO] com.azure:azure-core:jar:1.55.3 already exists in destination.
[INFO] javax.servlet.jsp:jsp-api:jar:2.1 already exists in destination.
[INFO] org.wildfly.common:wildfly-common:jar:1.5.4.Final already exists in destination.
[INFO] com.github.vertical-blank:sql-formatter:jar:2.0.4 already exists in destination.
[INFO] com.azure:azure-storage-internal-avro:jar:12.15.0 already exists in destination.
[INFO] com.stumbleupon:async:jar:1.4.1 already exists in destination.
[INFO] io.opentelemetry:opentelemetry-exporter-jaeger:jar:1.14.0 already exists in destination.
[INFO] io.opentracing:opentracing-api:jar:0.33.0 already exists in destination.
[INFO] com.github.stephenc.jcip:jcip-annotations:jar:1.0-1 already exists in destination.
[INFO] com.google.code.findbugs:jsr305:jar:3.0.2 already exists in destination.
[INFO] com.tencent.cloud:cos-sts-java:jar:3.0.8 already exists in destination.
[INFO] com.qcloud:ofs-sdk-definition:jar:1.0.4 already exists in destination.
[INFO] io.opentracing:opentracing-noop:jar:0.33.0 already exists in destination.
[INFO] org.apache.commons:commons-lang3:jar:3.9 already exists in destination.
[INFO] io.netty:netty-tcnative-boringssl-static:jar:2.0.77.Final already exists in destination.
[INFO] io.netty:netty-transport-native-kqueue:jar:osx-aarch_64:4.1.133.Final already exists in destination.
[INFO] org.eclipse.jetty:jetty-server:jar:9.4.58.v20250814 already exists in destination.
[INFO] com.microsoft.azure:azure-storage:jar:7.0.1 already exists in destination.
[INFO] io.opentelemetry:opentelemetry-sdk-metrics:jar:1.14.0 already exists in destination.
[INFO] com.google.flatbuffers:flatbuffers-java:jar:24.3.25 already exists in destination.
[INFO] com.nimbusds:oauth2-oidc-sdk:jar:11.23 already exists in destination.
[INFO] com.microsoft.azure:msal4j-persistence-extension:jar:1.3.0 already exists in destination.
[INFO] org.jboss.threads:jboss-threads:jar:2.3.6.Final already exists in destination.
[INFO] io.netty:netty-codec-haproxy:jar:4.1.133.Final already exists in destination.
[INFO] com.starrocks:starmanager:jar:4.1.0 already exists in destination.
[INFO] org.apache.hudi:hudi-common:jar:1.0.2 already exists in destination.
[INFO] org.eclipse.jetty:jetty-security:jar:9.4.58.v20250814 already exists in destination.
[INFO] com.nimbusds:lang-tag:jar:1.7 already exists in destination.
[INFO] com.fasterxml.jackson.core:jackson-databind:jar:2.21.1 already exists in destination.
[INFO] org.scala-lang.modules:scala-xml_2.12:jar:2.1.0 already exists in destination.
[INFO] commons-beanutils:commons-beanutils:jar:1.11.0 already exists in destination.
[INFO] io.netty:netty-resolver-dns-classes-macos:jar:4.1.133.Final already exists in destination.
[INFO] org.eclipse.jetty:jetty-io:jar:9.4.58.v20250814 already exists in destination.
[INFO] io.projectreactor.netty:reactor-netty-http:jar:1.0.48 already exists in destination.
[INFO] com.squareup.okhttp3:okhttp:jar:4.10.0 already exists in destination.
[INFO] org.reactivestreams:reactive-streams:jar:1.0.4 already exists in destination.
[INFO] software.amazon.awssdk:profiles:jar:2.42.1 already exists in destination.
[INFO] org.ow2.asm:asm:jar:9.4 already exists in destination.
[INFO] org.apache.hbase:hbase-metrics-api:jar:2.6.2 already exists in destination.
[INFO] com.github.ben-manes.caffeine:caffeine:jar:2.9.3 already exists in destination.
[INFO] io.netty:netty-transport-rxtx:jar:4.1.133.Final already exists in destination.
[INFO] org.apache.hadoop:hadoop-auth:jar:3.4.3 already exists in destination.
[INFO] org.apache.paimon:paimon-s3:jar:1.3.1 already exists in destination.
[INFO] org.bouncycastle:bcprov-jdk15on:jar:1.70 already exists in destination.
[INFO] com.thoughtworks.paranamer:paranamer:jar:2.8 already exists in destination.
[INFO] org.apache.parquet:parquet-encoding:jar:1.16.0 already exists in destination.
[INFO] org.apache.hudi:hudi-hadoop-mr:jar:1.0.2 already exists in destination.
[INFO] org.ow2.asm:asm-util:jar:9.4 already exists in destination.
[INFO] software.amazon.awssdk:retries:jar:2.42.1 already exists in destination.
[INFO] software.amazon.awssdk:http-client-spi:jar:2.42.1 already exists in destination.
[INFO] com.fasterxml.jackson.core:jackson-annotations:jar:2.21 already exists in destination.
[INFO] org.apache.hadoop:hadoop-annotations:jar:3.4.3 already exists in destination.
[INFO] org.apache.kerby:kerb-core:jar:2.0.3 already exists in destination.
[INFO] org.apache.groovy:groovy-xml:jar:4.0.9 already exists in destination.
[INFO] jakarta.ws.rs:jakarta.ws.rs-api:jar:2.1.6 already exists in destination.
[INFO] com.aliyun:aliyun-java-auth:jar:0.1.13-beta already exists in destination.
[INFO] org.glassfish.hk2.external:aopalliance-repackaged:jar:2.6.1 already exists in destination.
[INFO] com.opencsv:opencsv:jar:5.7.1 already exists in destination.
[INFO] org.apache.tomcat:tomcat-jasper:jar:9.0.93 already exists in destination.
[INFO] javax.annotation:javax.annotation-api:jar:1.3.2 already exists in destination.
[INFO] org.apache.parquet:parquet-variant:jar:1.16.0 already exists in destination.
[INFO] org.apache.iceberg:iceberg-bundled-guava:jar:1.10.0 already exists in destination.
[INFO] com.microsoft.azure:msal4j:jar:1.19.1 already exists in destination.
[INFO] com.azure:azure-identity:jar:1.15.4 already exists in destination.
[INFO] org.apache.iceberg:iceberg-aws:jar:1.10.0 already exists in destination.
[INFO] org.apache.httpcomponents.client5:httpclient5:jar:5.4.3 already exists in destination.
[INFO] org.apache.spark:spark-launcher_2.12:jar:3.5.7 already exists in destination.
[INFO] org.apache.groovy:groovy-console:jar:4.0.9 already exists in destination.
[INFO] jakarta.servlet:jakarta.servlet-api:jar:5.0.0 already exists in destination.
[INFO] com.microsoft.azure:azure-keyvault-core:jar:1.0.0 already exists in destination.
[INFO] org.apache.ranger:ranger-audit-core:jar:2.8.0 already exists in destination.
[INFO] org.threeten:threeten-extra:jar:1.7.2 already exists in destination.
[INFO] org.apache.arrow:flight-sql:jar:18.0.0 already exists in destination.
[INFO] io.netty:netty-transport-native-unix-common:jar:4.1.133.Final already exists in destination.
[INFO] com.github.luben:zstd-jni:jar:1.5.5-4 already exists in destination.
[INFO] org.eclipse.jetty:jetty-util:jar:9.4.58.v20250814 already exists in destination.
[INFO] com.esotericsoftware:kryo-shaded:jar:4.0.2 already exists in destination.
[INFO] com.baidu:jprotobuf-rpc-core-test:jar:4.2.1 already exists in destination.
[INFO] com.baidu:jprotobuf-rpc-core:jar:4.2.1 already exists in destination.
[INFO] org.glassfish.jersey.containers:jersey-container-servlet-core:jar:2.40 already exists in destination.
[INFO] org.ow2.asm:asm-analysis:jar:9.4 already exists in destination.
[INFO] io.netty:netty-transport-sctp:jar:4.1.133.Final already exists in destination.
[INFO] com.uber.m3:tally-core:jar:0.13.0 already exists in destination.
[INFO] software.amazon.awssdk:annotations:jar:2.42.1 already exists in destination.
[INFO] org.slf4j:jul-to-slf4j:jar:1.7.30 already exists in destination.
[INFO] org.apache.orc:orc-shims:jar:1.9.1 already exists in destination.
[INFO] org.antlr:ST4:jar:4.3.4 already exists in destination.
[INFO] org.apache.kerby:kerb-util:jar:2.0.3 already exists in destination.
[INFO] com.starrocks:starclient:jar:4.1.0 already exists in destination.
[INFO] org.eclipse.jetty.websocket:websocket-client:jar:9.4.57.v20241219 already exists in destination.
[INFO] io.airlift:security:jar:202 already exists in destination.
[INFO] org.apache.hadoop:hadoop-azure:jar:3.4.3 already exists in destination.
[INFO] org.apache.spark:spark-core_2.12:jar:3.5.7 already exists in destination.
[INFO] org.scala-lang.modules:scala-collection-compat_2.12:jar:2.7.0 already exists in destination.
[INFO] org.apache.hadoop:hadoop-mapreduce-client-jobclient:jar:3.4.3 already exists in destination.
[INFO] org.apache.kerby:kerby-config:jar:2.0.3 already exists in destination.
[INFO] org.apache.hadoop:hadoop-aws:jar:3.4.3 already exists in destination.
[INFO] io.netty:netty-handler:jar:4.1.133.Final already exists in destination.
[INFO] javax.servlet.jsp:javax.servlet.jsp-api:jar:2.3.1 already exists in destination.
[INFO] net.java.dev.jna:jna:jar:5.12.1 already exists in destination.
[INFO] org.apache.spark:spark-network-shuffle_2.12:jar:3.5.7 already exists in destination.
[INFO] org.apache.hbase.thirdparty:hbase-shaded-protobuf:jar:4.1.10 already exists in destination.
[INFO] org.apache.hbase:hbase-logging:jar:2.6.2 already exists in destination.
[INFO] io.opentelemetry:opentelemetry-exporter-otlp-metrics:jar:1.14.0 already exists in destination.
[INFO] io.prometheus:simpleclient_dropwizard:jar:0.8.0 already exists in destination.
[INFO] com.starrocks:fe-utils:jar:4.1.1 already exists in destination.
[INFO] javax.servlet:javax.servlet-api:jar:3.1.0 already exists in destination.
[INFO] com.google.crypto.tink:tink:jar:1.9.0 already exists in destination.
[INFO] com.github.waffle:waffle-jna:jar:3.3.0 already exists in destination.
[INFO] com.google.android:annotations:jar:4.1.1.4 already exists in destination.
[INFO] org.apache.groovy:groovy-groovysh:jar:4.0.9 already exists in destination.
[INFO] org.glassfish.jersey.core:jersey-client:jar:2.40 already exists in destination.
[INFO] org.glassfish.jersey.core:jersey-server:jar:2.40 already exists in destination.
[INFO] org.apache.parquet:parquet-column:jar:1.16.0 already exists in destination.
[INFO] org.apache.commons:commons-configuration2:jar:2.10.1 already exists in destination.
[INFO] org.apache.logging.log4j:log4j-core:jar:2.19.0 already exists in destination.
[INFO] com.baidu:jprotobuf-rpc-common:jar:1.9 already exists in destination.
[INFO] io.prometheus:simpleclient_pushgateway:jar:0.8.0 already exists in destination.
[INFO] io.airlift:concurrent:jar:202 already exists in destination.
[INFO] dev.failsafe:failsafe:jar:3.3.2 already exists in destination.
[INFO] oro:oro:jar:2.0.8 already exists in destination.
[INFO] org.antlr:antlr-runtime:jar:3.5.3 already exists in destination.
[INFO] io.prometheus:prometheus-metrics-shaded-protobuf:jar:1.0.0 already exists in destination.
[INFO] org.jetbrains:annotations:jar:13.0 already exists in destination.
[INFO] org.json4s:json4s-scalap_2.12:jar:3.7.0-M11 already exists in destination.
[INFO] software.amazon.awssdk:glue:jar:2.42.1 already exists in destination.
[INFO] io.delta:delta-storage:jar:4.0.0rc1 already exists in destination.
[INFO] org.apache.hadoop:hadoop-hdfs-client:jar:3.4.3 already exists in destination.
[INFO] io.prometheus:prometheus-metrics-tracer-initializer:jar:1.0.0 already exists in destination.
[INFO] org.abego.treelayout:org.abego.treelayout.core:jar:1.0.3 already exists in destination.
[INFO] commons-daemon:commons-daemon:jar:1.0.13 already exists in destination.
[INFO] com.github.javaparser:javaparser-core:jar:3.25.0 already exists in destination.
[INFO] io.netty:netty-resolver-dns-native-macos:jar:osx-x86_64:4.1.133.Final already exists in destination.
[INFO] com.baidu:jprotobuf-protoparser:jar:1.0.1 already exists in destination.
[INFO] org.apache.paimon:paimon-oss:jar:1.3.1 already exists in destination.
[INFO] com.squareup.okio:okio:jar:3.4.0 already exists in destination.
[INFO] org.wildfly.client:wildfly-client-config:jar:1.0.1.Final already exists in destination.
[INFO] io.netty:netty-common:jar:4.1.133.Final already exists in destination.
[INFO] software.amazon.awssdk:json-utils:jar:2.42.1 already exists in destination.
[INFO] com.twitter:chill-java:jar:0.10.0 already exists in destination.
[INFO] software.amazon.s3.analyticsaccelerator:analyticsaccelerator-s3:jar:1.3.1 already exists in destination.
[INFO] org.apache.hbase:hbase-protocol:jar:2.6.2 already exists in destination.
[INFO] io.opentelemetry:opentelemetry-api:jar:1.14.0 already exists in destination.
[INFO] org.apache.arrow:arrow-vector:jar:18.0.0 already exists in destination.
[INFO] software.amazon.awssdk:apache-client:jar:2.42.1 already exists in destination.
[INFO] org.apache.parquet:parquet-jackson:jar:1.16.0 already exists in destination.
[INFO] io.grpc:grpc-core:jar:1.63.0 already exists in destination.
[INFO] software.amazon.awssdk:metrics-spi:jar:2.42.1 already exists in destination.
[INFO] ch.qos.reload4j:reload4j:jar:1.2.22 already exists in destination.
[INFO] io.netty:netty-handler-ssl-ocsp:jar:4.1.133.Final already exists in destination.
[INFO] com.aliyun.odps:odps-sdk-core:jar:0.48.7-public already exists in destination.
[INFO] org.apache.commons:commons-crypto:jar:1.1.0 already exists in destination.
[INFO] io.netty:netty-transport-classes-epoll:jar:4.1.133.Final already exists in destination.
[INFO] io.dropwizard.metrics:metrics-core:jar:4.2.19 already exists in destination.
[INFO] org.roaringbitmap:RoaringBitmap:jar:0.8.13 already exists in destination.
[INFO] com.ibm.icu:icu4j:jar:71.1 already exists in destination.
[INFO] software.amazon.awssdk:arns:jar:2.42.1 already exists in destination.
[INFO] at.yawk.lz4:lz4-java:jar:1.10.1 already exists in destination.
[INFO] commons-pool:commons-pool:jar:1.6 already exists in destination.
[INFO] io.netty:netty-tcnative-boringssl-static:jar:linux-x86_64:2.0.77.Final already exists in destination.
[INFO] org.codehaus.woodstox:stax2-api:jar:4.2.1 already exists in destination.
[INFO] org.rocksdb:rocksdbjni:jar:7.5.3 already exists in destination.
[INFO] com.sun.jersey:jersey-servlet:jar:1.19.4 already exists in destination.
[INFO] io.opentelemetry:opentelemetry-sdk-logs:jar:1.14.0-alpha already exists in destination.
[INFO] org.apache.hive:hive-storage-api:jar:2.8.1 already exists in destination.
[INFO] com.google.j2objc:j2objc-annotations:jar:2.8 already exists in destination.
[INFO] org.apache.arrow:arrow-memory-netty:jar:18.0.0 already exists in destination.
[INFO] org.apache.commons:commons-collections4:jar:4.4 already exists in destination.
[INFO] org.apache.hbase:hbase-hadoop-compat:jar:2.6.2 already exists in destination.
[INFO] org.apache.parquet:parquet-hadoop:jar:1.16.0 already exists in destination.
[INFO] com.squareup.okhttp:okhttp:jar:2.7.5 already exists in destination.
[INFO] org.apache.iceberg:iceberg-api:jar:1.10.0 already exists in destination.
[INFO] com.ning:compress-lzf:jar:1.1.2 already exists in destination.
[INFO] org.json4s:json4s-ast_2.12:jar:3.7.0-M11 already exists in destination.
[INFO] org.apache.kerby:kerb-crypto:jar:2.0.3 already exists in destination.
[INFO] com.aliyun.datalake:shims-hive2:jar:0.2.14 already exists in destination.
[INFO] org.jboss.xnio:xnio-nio:jar:3.8.16.Final already exists in destination.
[INFO] io.prometheus:simpleclient:jar:0.8.0 already exists in destination.
[INFO] com.google.protobuf:protobuf-java-util:jar:3.25.5 already exists in destination.
[INFO] com.qcloud:cos_api-bundle:jar:5.6.137.2 already exists in destination.
[INFO] org.quartz-scheduler:quartz:jar:2.5.0 already exists in destination.
[INFO] com.uber.m3:tally-m3:jar:0.13.0 already exists in destination.
[INFO] io.netty:netty-tcnative-boringssl-static:jar:linux-aarch_64:2.0.77.Final already exists in destination.
[INFO] ------------------------------------------------------------------------
[INFO] Reactor Summary for starrocks-fe 4.1.1:
[INFO] 
[INFO] starrocks-fe ....................................... SUCCESS [  0.002 s]
[INFO] fe-grammar ......................................... SUCCESS [  4.293 s]
[INFO] fe-type ............................................ SUCCESS [  0.764 s]
[INFO] fe-parser .......................................... SUCCESS [  2.039 s]
[INFO] fe-spi ............................................. SUCCESS [  0.776 s]
[INFO] fe-utils ........................................... SUCCESS [  0.762 s]
[INFO] fe-testing ......................................... SUCCESS [  1.706 s]
[INFO] spark-dpp .......................................... SUCCESS [  6.095 s]
[INFO] hive-udf ........................................... SUCCESS [  2.257 s]
[INFO] fe-core ............................................ SUCCESS [03:51 min]
[INFO] fe-server .......................................... SUCCESS [  1.669 s]
[INFO] ------------------------------------------------------------------------
[INFO] BUILD SUCCESS
[INFO] ------------------------------------------------------------------------
[INFO] Total time:  04:01 min (Wall Clock)
[INFO] Finished at: 2026-09-03T19:08:17Z
[INFO] ------------------------------------------------------------------------
rc=0
