 WARN cache for Repodata at /home/prestouser/.cache/rattler/cache/repodata is on a network/parallel filesystem (NFS/SMB/FUSE/BeeGFS/Lustre/GPFS/CephFS), redirected to /tmp/pixi-cache-prestouser/repodata for this run. Set [cache.repodata] in config.toml or PIXI_CACHE_DIR to override, or [cache.netfs-redirect] = "never" to keep the original path.
Thu Sep  3 17:16:26 UTC 2026

[0/3108] (0%): plan_register - global singleton is the same object0.000 s: plan_register - global singleton is the same object

[1/3108] (0%): plan_register - table plan round-trips correctly0.000 s: plan_register - table plan round-trips correctly

[2/3108] (0%): plan_register - table plans are independent per table0.000 s: plan_register - table plans are independent per table

[3/3108] (0%): plan_register - clear_all removes both table and column plans0.000 s: plan_register - clear_all removes both table and column plans

[4/3108] (0%): plan_register - per-column plans are independent from table plans0.000 s: plan_register - per-column plans are independent from table plans

[5/3108] (0%): select_plan_blocks - picks blocks by full-table index in pinned order0.000 s: subset preserves the requested (pinned) order
0.000 s: select_plan_blocks - picks blocks by full-table index in pinned order
0.000 s: identity over all columns returns every block in order
0.000 s: select_plan_blocks - picks blocks by full-table index in pinned order
0.000 s: out-of-range index yields nullopt (plan does not cover the column)
0.000 s: select_plan_blocks - picks blocks by full-table index in pinned order

[6/3108] (0%): pin_table compression - result equality vs uncompressed pin0.747 s: pin_table compression - result equality vs uncompressed pin

[7/3108] (0%): pin_table compression - device tier result equality vs uncompressed pin0.707 s: pin_table compression - device tier result equality vs uncompressed pin

[8/3108] (0%): pin_table compression - device tier column-subset projection correctness0.698 s: pin_table compression - device tier column-subset projection correctness

[9/3108] (0%): pin_table compression - dictionary predicate pushdown preserves results0.689 s: pin_table compression - dictionary predicate pushdown preserves results

[10/3108] (0%): pin_table compression - predicate pushdown mixes substituted and decoded columns0.745 s: pin_table compression - predicate pushdown mixes substituted and decoded columns

[11/3108] (0%): pin_table compression - predicate pushdown declines a non-dictionary plan0.753 s: pin_table compression - predicate pushdown declines a non-dictionary plan

[12/3108] (0%): pin_table compression - column-subset projection correctness0.680 s: pin_table compression - column-subset projection correctness

[13/3108] (0%): pin_table compression - pinned column subset selects matching plan blocks0.874 s: pin_table compression - pinned column subset selects matching plan blocks

[14/3108] (0%): pin_table compression - decimal columns round-trip with scale restored0.710 s: pin_table compression - decimal columns round-trip with scale restored

[15/3108] (0%): pin_table compression - fallback when no plan file for table0.668 s: pin_table compression - fallback when no plan file for table

[16/3108] (0%): pin_table compression - fallback when batch is below min_batch_size_bytes threshold0.732 s: pin_table compression - fallback when batch is below min_batch_size_bytes threshold

[17/3108] (0%): pin_table compression - fallback when compression saves too little0.731 s: pin_table compression - fallback when compression saves too little

[18/3108] (0%): pin_table compression - single-op sweep over all INT64 operators0.744 s: pin_table compression - single-op sweep over all INT64 operators

[19/3108] (0%): pin_table compression - single-op sweep over narrowed carriers0.911 s: int8
0.911 s: pin_table compression - single-op sweep over narrowed carriers
0.900 s: int16
0.900 s: pin_table compression - single-op sweep over narrowed carriers
0.904 s: int32
0.904 s: pin_table compression - single-op sweep over narrowed carriers

[20/3108] (0%): pin_table compression - a native SMALLINT column compresses0.646 s: pin_table compression - a native SMALLINT column compresses

[21/3108] (0%): pin_table compression - single-op sweep over float operators (ALP / ALP-RD)0.744 s: pin_table compression - single-op sweep over float operators (ALP / ALP-RD)

[22/3108] (0%): pin_table compression - single-op sweep over string operators (dictionary)0.749 s: pin_table compression - single-op sweep over string operators (dictionary)

[23/3108] (0%): pin_table compression - fused delta->rle->bitpack with bitcomp entropy tail0.627 s: pin_table compression - fused delta->rle->bitpack with bitcomp entropy tail

[24/3108] (0%): pin_table compression - fused delta->rle->bitpack with ANS entropy tail0.858 s: pin_table compression - fused delta->rle->bitpack with ANS entropy tail

[25/3108] (0%): pin_table compression - str_split cascade (snappy chars, delta->rle->bitpack offsets)0.732 s: pin_table compression - str_split cascade (snappy chars, delta->rle->bitpack offsets)

[26/3108] (0%): pin_table compression - narrowing stacks with compression (decompress to narrow)0.692 s: pin_table compression - narrowing stacks with compression (decompress to narrow)

[27/3108] (0%): pin_table compression - compression without narrowing stores native carriers0.750 s: pin_table compression - compression without narrowing stores native carriers

[28/3108] (0%): pin_table compression - narrowing stacks on the GPU tier and tier policy retracts0.748 s: pin_table compression - narrowing stacks on the GPU tier and tier policy retracts

[29/3108] (0%): pin_table compression - heterogeneous narrow widths widen post-decode0.635 s: pin_table compression - heterogeneous narrow widths widen post-decode

[30/3108] (0%): pin_table compression - no plan file for the table pins uncompressed0.765 s: pin_table compression - no plan file for the table pins uncompressed

[31/3108] (0%): pin_table compression - width-explicit op on a narrowed column fails soft0.771 s: pin_table compression - width-explicit op on a narrowed column fails soft

[32/3108] (1%): pin_table compression - device tier driver returns uniqueness verdicts0.719 s: pin_table compression - device tier driver returns uniqueness verdicts

[33/3108] (1%): yaml reader basic types0.000 s: yaml reader basic types

[34/3108] (1%): yaml reader optional missing field uses default0.000 s: yaml reader optional missing field uses default

[35/3108] (1%): yaml reader required field throws if missing0.000 s: yaml reader required field throws if missing

[36/3108] (1%): yaml reader validation rejects out-of-range0.000 s: yaml reader validation rejects out-of-range

[37/3108] (1%): yaml reader validation with fraction0.000 s: yaml reader validation with fraction

[38/3108] (1%): yaml reader byte suffix parsing0.000 s: plain integers work with bytes()
0.000 s: yaml reader byte suffix parsing
0.000 s: binary suffixes (Ki/KiB = 1024)
0.000 s: yaml reader byte suffix parsing
0.000 s: decimal suffixes (K/KB/G/GB = 1000)
0.000 s: yaml reader byte suffix parsing
0.000 s: fractional values
0.000 s: yaml reader byte suffix parsing
0.000 s: required byte values reject negative integers without mutation
0.000 s: yaml reader byte suffix parsing
0.000 s: required byte values reject negative suffixed strings without mutation
0.000 s: yaml reader byte suffix parsing
0.000 s: optional byte values reject negative integers without mutation
0.000 s: yaml reader byte suffix parsing
0.000 s: optional byte values reject negative suffixed strings without mutation
0.000 s: yaml reader byte suffix parsing
0.000 s: zero byte values remain valid
0.000 s: yaml reader byte suffix parsing
0.000 s: string suffix on plain integer field is rejected
0.000 s: yaml reader byte suffix parsing
0.000 s: invalid suffix throws
0.000 s: yaml reader byte suffix parsing

[39/3108] (1%): parse_duration time suffix parsing0.000 s: all supported units
0.000 s: parse_duration time suffix parsing
0.000 s: long-form and alias suffixes
0.000 s: parse_duration time suffix parsing
0.000 s: case-insensitive suffixes
0.000 s: parse_duration time suffix parsing
0.000 s: whitespace between number and unit
0.000 s: parse_duration time suffix parsing
0.000 s: fractional values round down to nanoseconds
0.000 s: parse_duration time suffix parsing
0.000 s: bare numbers are rejected
0.000 s: parse_duration time suffix parsing
0.000 s: empty value is rejected
0.000 s: parse_duration time suffix parsing
0.000 s: unknown suffix is rejected
0.000 s: parse_duration time suffix parsing

[40/3108] (1%): yaml reader duration parsing0.000 s: reads a suffixed string into a milliseconds field
0.000 s: yaml reader duration parsing
0.000 s: converts units to the target duration type
0.000 s: yaml reader duration parsing
0.000 s: finer-grained input truncates to target resolution
0.000 s: yaml reader duration parsing
0.000 s: missing optional field leaves default untouched
0.000 s: yaml reader duration parsing
0.000 s: bare number is interpreted in the field's native unit
0.000 s: yaml reader duration parsing

[41/3108] (1%): yaml reader arrays0.000 s: yaml reader arrays

[42/3108] (1%): yaml reader nested struct via from_yaml0.000 s: yaml reader nested struct via from_yaml

[43/3108] (1%): yaml reader list of structs0.000 s: yaml reader list of structs

[44/3108] (1%): yaml reader enum arrays0.000 s: yaml reader enum arrays

[45/3108] (1%): yaml reader deeply nested struct0.000 s: yaml reader deeply nested struct

[46/3108] (1%): yaml reader rejects unknown keys0.000 s: single unregistered key throws
0.000 s: yaml reader rejects unknown keys
0.000 s: all keys registered does not throw
0.000 s: yaml reader rejects unknown keys

[47/3108] (1%): yaml reader nested struct rejects unknown keys0.000 s: yaml reader nested struct rejects unknown keys

[48/3108] (1%): yaml reader optional_node0.000 s: yaml reader optional_node

[49/3108] (1%): yaml reader has_value distinguishes null from scalar values0.000 s: yaml reader has_value distinguishes null from scalar values

[50/3108] (1%): yaml reader has distinguishes missing, null, and scalar keys0.000 s: yaml reader has distinguishes missing, null, and scalar keys

[51/3108] (1%): yaml reader error messages include context0.000 s: yaml reader error messages include context

[52/3108] (1%): the domain-coverage threshold is validated where it enters the engine0.000 s: the domain-coverage threshold is validated where it enters the engine

[53/3108] (1%): the dynamic-filter switch is consumed from the operator_params YAML section0.009 s: the dynamic-filter switch is consumed from the operator_params YAML section

[54/3108] (1%): Legacy-only settings follow the build surface0.060 s: Legacy-only settings follow the build surface

[55/3108] (1%): like_swar_fastpath is isolated between connections0.029 s: like_swar_fastpath is isolated between connections

[56/3108] (1%): Test-only settings require explicit process opt-in0.120 s: Test-only settings require explicit process opt-in

[57/3108] (1%): Sirius configuration keeps runtime distinct-build probing internal0.008 s: Sirius configuration keeps runtime distinct-build probing internal

[58/3108] (1%): Sirius configuration loading from file with configurator0.249 s: Sirius configuration loading from file with configurator

[59/3108] (1%): Sirius configuration rejects zero hash partition bytes0.009 s: Sirius configuration rejects zero hash partition bytes

[60/3108] (1%): Sirius configuration rejects zero scan task batch bytes0.006 s: Sirius configuration rejects zero scan task batch bytes

[61/3108] (1%): Sirius configuration validates telemetry exporters before initialization0.025 s: Sirius configuration validates telemetry exporters before initialization

[62/3108] (1%): Sirius configuration rejects empty telemetry destination and identity0.012 s: Sirius configuration rejects empty telemetry destination and identity

[63/3108] (2%): Sirius configuration rejects negative host capacity bytes0.006 s: Sirius configuration rejects negative host capacity bytes

[64/3108] (2%): Sirius configuration validates MARK join build switch ratio0.007 s: Sirius configuration validates MARK join build switch ratio

[65/3108] (2%): Sirius YAML rejects invalid dynamic-filter thresholds0.056 s: Sirius YAML rejects invalid dynamic-filter thresholds

[66/3108] (2%): Sirius configuration rejects invalid GPU topology selections0.030 s: Sirius configuration rejects invalid GPU topology selections

[67/3108] (2%): Sirius configuration rejects invalid compression retention fractions0.007 s: Sirius configuration rejects invalid compression retention fractions

[68/3108] (2%): Sirius configuration accepts intentional compression retention fraction boundaries0.012 s: Sirius configuration accepts intentional compression retention fraction boundaries

[69/3108] (2%): Sirius configuration keeps task creation policy internal0.006 s: explicit strategy is rejected with removal guidance
0.006 s: Sirius configuration keeps task creation policy internal
0.006 s: omitted strategy retains the active demand-driven default
0.006 s: Sirius configuration keeps task creation policy internal
0.006 s: explicit priority order is rejected with removal guidance
0.006 s: Sirius configuration keeps task creation policy internal

[70/3108] (2%): Sirius derives GPU pipeline affinity from hardware topology0.007 s: Sirius derives GPU pipeline affinity from hardware topology

[71/3108] (2%): operator batch defaults use the smallest low-level GPU capacity0.006 s: operator batch defaults use the smallest low-level GPU capacity

[72/3108] (2%): operator batch defaults use the high-level GPU usage limit0.006 s: operator batch defaults use the high-level GPU usage limit

[73/3108] (2%): operator batch defaults use an explicit high-level GPU usage fraction0.006 s: operator batch defaults use an explicit high-level GPU usage fraction

[74/3108] (2%): Sirius keeps executor thread-name prefixes internal0.025 s: Sirius keeps executor thread-name prefixes internal

[75/3108] (2%): explicit operator batch values override effective-capacity defaults0.006 s: explicit operator batch values override effective-capacity defaults

[76/3108] (2%): ordinary defaults stay physical-memory-derived without an explicit GPU cap0.006 s: ordinary defaults stay physical-memory-derived without an explicit GPU cap

[77/3108] (2%): null GPU usage limits do not enable effective-capacity defaults0.012 s: null GPU usage limits do not enable effective-capacity defaults

[78/3108] (2%): repeated loads clear explicit and cap-derived operator values0.006 s: repeated loads clear explicit and cap-derived operator values

[79/3108] (2%): effective-capacity defaults seed DuckDB SET and RESET0.114 s: effective-capacity defaults seed DuckDB SET and RESET

[80/3108] (2%): Sirius configuration rejects invalid downgrade hysteresis0.080 s: Sirius configuration rejects invalid downgrade hysteresis

[81/3108] (2%): Sirius downgrade hysteresis accepts omitted, null, and one-sided defaults0.025 s: Sirius downgrade hysteresis accepts omitted, null, and one-sided defaults

[82/3108] (2%): Sirius high-level GPU config keeps per-stream tracking internal0.007 s: Sirius high-level GPU config keeps per-stream tracking internal

[83/3108] (2%): Sirius configuration rejects conflicting memory budget forms0.024 s: Sirius configuration rejects conflicting memory budget forms

[84/3108] (2%): Sirius configuration accepts one form of each memory budget0.006 s: Sirius configuration accepts one form of each memory budget

[85/3108] (2%): Sirius configuration treats null memory budget forms as absent0.007 s: Sirius configuration treats null memory budget forms as absent

[86/3108] (2%): DuckDB setting rejects zero hash partition bytes without a Sirius context0.030 s: DuckDB setting rejects zero hash partition bytes without a Sirius context

[87/3108] (2%): DuckDB setting rejects zero scan task batch bytes without a Sirius context0.033 s: DuckDB setting rejects zero scan task batch bytes without a Sirius context

[88/3108] (2%): DuckDB setting rejects negative byte values without mutation0.032 s: DuckDB setting rejects negative byte values without mutation

[89/3108] (2%): DuckDB setting rejects invalid compression retention fractions without a Sirius context0.030 s: DuckDB setting rejects invalid compression retention fractions without a Sirius context

[90/3108] (2%): YAML-backed operator and compression settings are DuckDB defaults0.146 s: YAML-backed operator and compression settings are DuckDB defaults

[91/3108] (2%): Sirius configuration loading from file with spaces0.221 s: Sirius configuration loading from file with spaces

[92/3108] (2%): Sirius configuration rejects competing memory configuration paths0.026 s: Sirius configuration rejects competing memory configuration paths

[93/3108] (2%): Sirius configuration keeps absent memory paths out of mutual-exclusion checks0.012 s: Sirius configuration keeps absent memory paths out of mutual-exclusion checks

[94/3108] (3%): topology_discovery populates GPU info0.006 s: topology_discovery populates GPU info

[95/3108] (3%): reservation_manager_configurator builds N GPU spaces0.006 s: reservation_manager_configurator builds N GPU spaces

[96/3108] (3%): memory_manager creates independent spaces per GPU0.032 s: memory_manager creates independent spaces per GPU

[97/3108] (3%): converter_registry has gpu_to_gpu converter (MEM-03)0.000 s: converter_registry has gpu_to_gpu converter (MEM-03)

[98/3108] (3%): converter_registry exposes gpu_to_gpu converter after initialize() (MGPU-04)0.000 s: converter_registry exposes gpu_to_gpu converter after initialize() (MGPU-04)

[99/3108] (3%): gpu_to_gpu round-trip preserves bytes on N>=2 hosts (MGPU-04 + MGPU-06)
~~~~~~~~~~~~~~~~~~~~~~~~~~~~~~~~~~~~~~~~~~~~~~~~~~~~~~~~~~~~~~~~~~~~~~~~~~~~~~~
sirius_unittest is a Catch v2.13.7 host application.
Run with -? for options

-------------------------------------------------------------------------------
gpu_to_gpu round-trip preserves bytes on N>=2 hosts (MGPU-04 + MGPU-06)
-------------------------------------------------------------------------------
/home/prestouser/aocsa/sirius-stacks-wt/fix-oom-failfast/test/cpp/config/test_context.cpp:1646
...............................................................................

/home/prestouser/aocsa/sirius-stacks-wt/fix-oom-failfast/test/cpp/config/test_context.cpp:1652: warning:
  skipping: requires >=2 GPUs for MGPU-04 round-trip

0.000 s: gpu_to_gpu round-trip preserves bytes on N>=2 hosts (MGPU-04 + MGPU-06)

[100/3108] (3%): Per-connection state isolates and expires the transparent capture0.135 s: Per-connection state isolates and expires the transparent capture

[101/3108] (3%): Sirius configuration enables dense count join by default and accepts a YAML override0.027 s: Sirius configuration enables dense count join by default and accepts a YAML override

[102/3108] (3%): object_store_config defaults are inert0.000 s: object_store_config defaults are inert

[103/3108] (3%): object_store_config string_to_enum accepts known transports0.000 s: object_store_config string_to_enum accepts known transports

[104/3108] (3%): object_store_config string_to_enum rejects unknown transports0.000 s: object_store_config string_to_enum rejects unknown transports

[105/3108] (3%): object_store_config enum_to_string returns canonical names0.000 s: object_store_config enum_to_string returns canonical names

[106/3108] (3%): object_store_config signing_mode string helpers round-trip0.000 s: object_store_config signing_mode string helpers round-trip

[107/3108] (3%): sirius_config loads object_store_config from YAML0.006 s: sirius_config loads object_store_config from YAML

[108/3108] (3%): sirius_config loads presigned object_store_config signing mode from YAML0.006 s: sirius_config loads presigned object_store_config signing mode from YAML

[109/3108] (3%): sirius_config rejects unknown object_store_config signing modes0.006 s: sirius_config rejects unknown object_store_config signing modes

[110/3108] (3%): sirius_config rejects removed s3_use_async_backend object_store key0.006 s: sirius_config rejects removed s3_use_async_backend object_store key

[111/3108] (3%): sirius_config defaults chunk prewarm to enabled when YAML omits the key0.006 s: sirius_config defaults chunk prewarm to enabled when YAML omits the key

[112/3108] (3%): sirius_config parses rest perf instrumentation flag0.006 s: sirius_config parses rest perf instrumentation flag

[113/3108] (3%): sirius_config rejects unknown rest config keys0.006 s: sirius_config rejects unknown rest config keys

[114/3108] (3%): sirius_config rejects shadowed REST TLS YAML keys0.006 s: CA bundle
0.006 s: sirius_config rejects shadowed REST TLS YAML keys
0.006 s: TLS verification
0.006 s: sirius_config rejects shadowed REST TLS YAML keys

[115/3108] (3%): sirius_config still loads unrelated REST YAML fields0.006 s: sirius_config still loads unrelated REST YAML fields

[116/3108] (3%): sirius_config keeps REST bounce sizing internal0.006 s: sirius_config keeps REST bounce sizing internal

[117/3108] (3%): sirius_config parses topology.gpus_per_query0.006 s: sirius_config parses topology.gpus_per_query

[118/3108] (3%): sirius_config defaults gpus_per_query to 0 when absent0.006 s: sirius_config defaults gpus_per_query to 0 when absent

[119/3108] (3%): sirius_config accepts an explicit gpus_per_query of 00.006 s: sirius_config accepts an explicit gpus_per_query of 0

[120/3108] (3%): sirius_config rejects a negative gpus_per_query0.006 s: sirius_config rejects a negative gpus_per_query

[121/3108] (3%): sirius_config rejects a zero avg_variable_column_bytes0.006 s: sirius_config rejects a zero avg_variable_column_bytes

[122/3108] (3%): sirius_config accepts a zero admission_bytes_per_gpu0.006 s: sirius_config accepts a zero admission_bytes_per_gpu

[123/3108] (3%): convertible_data_batch converts GPU batch to HOST0.030 s: convertible_data_batch converts GPU batch to HOST

[124/3108] (3%): convertible_data_batch returns nullopt with empty target_spaces0.000 s: convertible_data_batch returns nullopt with empty target_spaces

[125/3108] (4%): convertible_data_batch_provider get_next_convertible returns last idle batch0.000 s: convertible_data_batch_provider get_next_convertible returns last idle batch

[126/3108] (4%): convertible_data_batch_provider get_all_convertible returns all idle batches0.000 s: convertible_data_batch_provider get_all_convertible returns all idle batches

[127/3108] (4%): convertible_data_batch_provider get_all_convertible skips subscribed batches0.000 s: ignore_subscribed=true (default) skips the subscribed batch
0.000 s: convertible_data_batch_provider get_all_convertible skips subscribed batches
0.000 s: ignore_subscribed=false includes the subscribed batch
0.000 s: convertible_data_batch_provider get_all_convertible skips subscribed batches

[128/3108] (4%): convertible_data_batch_provider iterates multi-partition last-to-first0.000 s: convertible_data_batch_provider iterates multi-partition last-to-first

[129/3108] (4%): convertible_data_batch convert fails when batch exclusively locked0.000 s: convertible_data_batch convert fails when batch exclusively locked

[130/3108] (4%): convertible_data_batch bytes_in_space returns correct size0.000 s: convertible_data_batch bytes_in_space returns correct size

[131/3108] (4%): convertible_data_batch_provider get_bytes_in_space sums batch sizes0.000 s: convertible_data_batch_provider get_bytes_in_space sums batch sizes

[132/3108] (4%): registry: create_for_query registers a retrievable manager0.000 s: registry: create_for_query registers a retrievable manager

[133/3108] (4%): registry: get of an unregistered query returns nullptr0.000 s: registry: get of an unregistered query returns nullptr

[134/3108] (4%): registry: duplicate query id is rejected0.000 s: registry: duplicate query id is rejected

[135/3108] (4%): registry: queries own independent managers0.000 s: registry: queries own independent managers

[136/3108] (4%): registry: erase drops only the named query0.000 s: registry: erase drops only the named query

[137/3108] (4%): registry: erasing an unknown query is a no-op0.000 s: registry: erasing an unknown query is a no-op

[138/3108] (4%): registry: erase reports repositories that still held batches0.000 s: registry: erase reports repositories that still held batches

[139/3108] (4%): registry: get_all returns every manager in ascending query order0.000 s: registry: get_all returns every manager in ascending query order

[140/3108] (4%): registry: a borrowed manager outlives erase0.000 s: registry: a borrowed manager outlives erase

[141/3108] (4%): registry: clear drops every manager0.000 s: registry: clear drops every manager

[142/3108] (4%): RAII returns task to queue on destruction0.031 s: RAII returns task to queue on destruction

[143/3108] (4%): RAII returns task after successful convert0.000 s: RAII returns task after successful convert

[144/3108] (4%): RAII returns task on exception0.000 s: RAII returns task on exception

[145/3108] (4%): non-gpu_pipeline_task skipped by predicate0.000 s: non-gpu_pipeline_task skipped by predicate

[146/3108] (4%): wrong memory_space skipped by predicate0.000 s: wrong memory_space skipped by predicate

[147/3108] (4%): non-idle batch skipped by predicate0.000 s: non-idle batch skipped by predicate

[148/3108] (4%): matching task selected by predicate0.000 s: matching task selected by predicate

[149/3108] (4%): convert GPU task to HOST0.000 s: convert GPU task to HOST

[150/3108] (4%): bytes_in_space returns correct size0.000 s: bytes_in_space returns correct size

[151/3108] (4%): get_all_convertible extracts all matching tasks0.000 s: get_all_convertible extracts all matching tasks

[152/3108] (4%): RAII on interrupted queue does not crash0.000 s: RAII on interrupted queue does not crash

[153/3108] (4%): Downgrade task falls back to DISK when HOST is full0.049 s: Downgrade task falls back to DISK when HOST is full

[154/3108] (4%): Downgrade task uses HOST when HOST has capacity0.048 s: Downgrade task uses HOST when HOST has capacity

[155/3108] (4%): Downgrade task returns false when HOST full and no DISK tier0.041 s: Downgrade task returns false when HOST full and no DISK tier

[156/3108] (5%): monitor backs off when no downgrade target is viable (no disk)0.632 s: monitor backs off when no downgrade target is viable (no disk)

[157/3108] (5%): monitor resumes after a downgrade target frees up (no disk)0.733 s: monitor resumes after a downgrade target frees up (no disk)

[158/3108] (5%): monitor backs off when HOST is full of stored downgraded data (no disk)0.634 s: monitor backs off when HOST is full of stored downgraded data (no disk)

[159/3108] (5%): HOST-source monitor backs off when no disk is configured0.633 s: HOST-source monitor backs off when no disk is configured

[160/3108] (5%): task_creator thread pool starts and stops0.000 s: Creator starts not running
0.145 s: task_creator thread pool starts and stops
0.010 s: start_thread_pool creates threads
0.070 s: task_creator thread pool starts and stops
0.000 s: stop_thread_pool joins threads gracefully
0.061 s: task_creator thread pool starts and stops

[161/3108] (5%): task_creator thread pool is idempotent0.000 s: Multiple start_thread_pool calls don't create extra threads
0.060 s: task_creator thread pool is idempotent
0.000 s: Multiple stop_thread_pool calls don't crash
0.061 s: task_creator thread pool is idempotent
0.001 s: Can restart after stop
0.062 s: task_creator thread pool is idempotent

[162/3108] (5%): task_creator destructor stops thread pool0.065 s: task_creator destructor stops thread pool

[163/3108] (5%): get_operator_for_next_task records every pipeline the hint walk visits0.063 s: get_operator_for_next_task records every pipeline the hint walk visits

[164/3108] (5%): get_operator_for_next_task with monostate hint and empty priority_scans0.060 s: get_operator_for_next_task with monostate hint and empty priority_scans

[165/3108] (5%): get_operator_for_next_task for operator with data returns the operator0.059 s: get_operator_for_next_task for operator with data returns the operator

[166/3108] (5%): Downgrade executor starts and stops cleanly0.041 s: Downgrade executor starts and stops cleanly

[167/3108] (5%): request_free_memory_and_wait with no repositories returns 00.065 s: request_free_memory_and_wait with no repositories returns 0

[168/3108] (5%): request_free_memory_and_wait downgrades GPU batches to HOST0.046 s: request_free_memory_and_wait downgrades GPU batches to HOST

[169/3108] (5%): request_free_memory respects byte target via predicate0.041 s: request_free_memory respects byte target via predicate

[170/3108] (5%): request_free_memory downgrades across multiple repos0.041 s: request_free_memory downgrades across multiple repos

[171/3108] (5%): request_free_memory iterates partitions from last to first0.041 s: request_free_memory iterates partitions from last to first

[172/3108] (5%): request_free_memory skips active partitions in first pass0.040 s: request_free_memory skips active partitions in first pass

[173/3108] (5%): request_free_memory skips batches already on HOST0.040 s: request_free_memory skips batches already on HOST

[174/3108] (5%): request_free_memory returns future that resolves to bytes freed0.040 s: request_free_memory returns future that resolves to bytes freed

[175/3108] (5%): request_downgrade with custom predicate stops when satisfied0.047 s: request_downgrade with custom predicate stops when satisfied

[176/3108] (5%): request_free_memory partial fulfillment returns actual bytes freed0.127 s: request_free_memory partial fulfillment returns actual bytes freed

[177/3108] (5%): start_stop_cycle0.040 s: start_stop_cycle

[178/3108] (5%): drain_clears_pending_requests0.040 s: drain_clears_pending_requests

[179/3108] (5%): drain_releases_batch_references0.041 s: drain_releases_batch_references

[180/3108] (5%): monitor_loop_triggers_downgrade2.083 s: monitor_loop_triggers_downgrade

[181/3108] (5%): concurrent_api_safety0.143 s: concurrent_api_safety

[182/3108] (5%): stop_cancels_pending_requests0.041 s: stop_cancels_pending_requests

[183/3108] (5%): drain_cancels_pending_requests_with_exception0.040 s: drain_cancels_pending_requests_with_exception

[184/3108] (5%): cuda_stream_lifecycle0.041 s: cuda_stream_lifecycle

[185/3108] (5%): batch_stream BSTR-1: batches are pulled FIFO with identity0.033 s: batch_stream BSTR-1: batches are pulled FIFO with identity

[186/3108] (5%): batch_stream BSTR-2: queued batches are held by the repository0.032 s: batch_stream BSTR-2: queued batches are held by the repository

[187/3108] (6%): batch_stream BSTR-3: push is refused after the stream ends0.032 s: batch_stream BSTR-3: push is refused after the stream ends

[188/3108] (6%): batch_stream BSTR-4: classify truth table0.032 s: batch_stream BSTR-4: classify truth table

[189/3108] (6%): batch_stream BSTR-5: a repeated close cannot end a fan-in stream0.000 s: batch_stream BSTR-5: a repeated close cannot end a fan-in stream

[190/3108] (6%): batch_stream BSTR-6: wait unblocks on a push and on the final close0.092 s: batch_stream BSTR-6: wait unblocks on a push and on the final close

[191/3108] (6%): batch_stream BSTR-7: fail() poisons the stream at once0.034 s: batch_stream BSTR-7: fail() poisons the stream at once

[192/3108] (6%): batch_stream BSTR-8: try_pull rethrows ahead of queued batches0.032 s: batch_stream BSTR-8: try_pull rethrows ahead of queued batches

[193/3108] (6%): batch_stream BSTR-9: fail() wakes the consumer and reads as HAS_DATA0.000 s: batch_stream BSTR-9: fail() wakes the consumer and reads as HAS_DATA

[194/3108] (6%): batch_stream BSTR-10: an errored stream is never drained or END_OF_STREAM0.000 s: batch_stream BSTR-10: an errored stream is never drained or END_OF_STREAM

[195/3108] (6%): batch_stream BSTR-11: concurrent consumers deliver every batch exactly once0.033 s: batch_stream BSTR-11: concurrent consumers deliver every batch exactly once

[196/3108] (6%): batch_stream BSTR-12: wait unblocks on fail()0.020 s: batch_stream BSTR-12: wait unblocks on fail()

[197/3108] (6%): batch_stream BSTR-13: null repository and null failure are rejected0.000 s: batch_stream BSTR-13: null repository and null failure are rejected

[198/3108] (6%): batch_stream BSTR-14: no expected senders means immediate EOS0.032 s: batch_stream BSTR-14: no expected senders means immediate EOS

[199/3108] (6%): batch_stream BSTR-15: push registers before it wakes0.031 s: batch_stream BSTR-15: push registers before it wakes

[200/3108] (6%): batch_stream BSTR-16: concurrent pushes and a racing close0.033 s: batch_stream BSTR-16: concurrent pushes and a racing close

[201/3108] (6%): batch_stream BSTR-17: sender_closed tracks individual senders0.000 s: batch_stream BSTR-17: sender_closed tracks individual senders

[202/3108] (6%): bounded_thread_pool respects capacity — never exceeds N concurrent tasks0.021 s: bounded_thread_pool respects capacity — never exceeds N concurrent tasks

[203/3108] (6%): bounded_thread_pool reserve and dispatch executes task0.000 s: bounded_thread_pool reserve and dispatch executes task

[204/3108] (6%): bounded_thread_pool reserve blocks when at capacity0.030 s: bounded_thread_pool reserve blocks when at capacity

[205/3108] (6%): bounded_thread_pool slot dropped without dispatch releases slot0.000 s: bounded_thread_pool slot dropped without dispatch releases slot

[206/3108] (6%): bounded_thread_pool interrupt causes reserve to return invalid slot0.030 s: bounded_thread_pool interrupt causes reserve to return invalid slot

[207/3108] (6%): bounded_thread_pool interrupt wakes multiple blocked callers0.030 s: bounded_thread_pool interrupt wakes multiple blocked callers

[208/3108] (6%): bounded_thread_pool resume re-enables reserve after interrupt0.000 s: bounded_thread_pool resume re-enables reserve after interrupt

[209/3108] (6%): bounded_thread_pool wait_all returns only after all tasks complete0.020 s: bounded_thread_pool wait_all returns only after all tasks complete

[210/3108] (6%): bounded_thread_pool wait_all returns immediately when pool is idle0.000 s: bounded_thread_pool wait_all returns immediately when pool is idle

[211/3108] (6%): bounded_thread_pool exception in task does not crash the pool0.000 s: bounded_thread_pool exception in task does not crash the pool

[212/3108] (6%): bounded_thread_pool stop is idempotent0.000 s: bounded_thread_pool stop is idempotent

[213/3108] (6%): bounded_thread_pool destructor stops cleanly with in-flight tasks0.005 s: bounded_thread_pool destructor stops cleanly with in-flight tasks

[214/3108] (6%): bounded_thread_pool concurrent producers all tasks execute0.001 s: bounded_thread_pool concurrent producers all tasks execute

[215/3108] (6%): ARENA-1: lease/release bookkeeping and gap reuse0.001 s: ARENA-1: lease/release bookkeeping and gap reuse

[216/3108] (6%): ARENA-2: alignment and allocation type0.000 s: ARENA-2: alignment and allocation type

[217/3108] (6%): ARENA-3: oversize and exhaustion are separate, actionable errors0.000 s: ARENA-3: oversize and exhaustion are separate, actionable errors

[218/3108] (7%): ARENA-4: zero-length, unknown, and double release are rejected0.000 s: ARENA-4: zero-length, unknown, and double release are rejected

[219/3108] (7%): ARENA-5: require(nullptr) names the configuration knob0.000 s: ARENA-5: require(nullptr) names the configuration knob

[220/3108] (7%): ARENA-6: from_env honours the byte-suffix parser0.000 s: ARENA-6: from_env honours the byte-suffix parser

[221/3108] (7%): ARENA-7: a stuck lease does not pin the space above it0.000 s: ARENA-7: a stuck lease does not pin the space above it

[222/3108] (7%): ARENA-8: free + live == capacity at every step0.000 s: ARENA-8: free + live == capacity at every step

[223/3108] (7%): ARENA-9: neighbouring released blocks merge0.000 s: ARENA-9: neighbouring released blocks merge

[224/3108] (7%): ARENA-10: out-of-order lease/release never drifts0.003 s: ARENA-10: out-of-order lease/release never drifts

[225/3108] (7%): ARENA-11: concurrent leases address disjoint device memory0.001 s: ARENA-11: concurrent leases address disjoint device memory

[226/3108] (7%): ARENA-12: concurrent lease/release keeps its invariants0.083 s: ARENA-12: concurrent lease/release keeps its invariants

[227/3108] (7%): ARENA-13: align_up overflow cannot alias a live lease0.000 s: ARENA-13: align_up overflow cannot alias a live lease

[228/3108] (7%): inspectable_mpsc basic push and pop0.000 s: inspectable_mpsc basic push and pop

[229/3108] (7%): inspectable_mpsc push and pop with custom type0.000 s: inspectable_mpsc push and pop with custom type

[230/3108] (7%): inspectable_mpsc try_pop returns nullptr on empty queue0.000 s: inspectable_mpsc try_pop returns nullptr on empty queue

[231/3108] (7%): inspectable_mpsc multiple items FIFO order0.000 s: inspectable_mpsc multiple items FIFO order

[232/3108] (7%): inspectable_mpsc default ordering is FIFO0.000 s: inspectable_mpsc default ordering is FIFO

[233/3108] (7%): inspectable_mpsc explicit LIFO ordering pops newest first0.000 s: inspectable_mpsc explicit LIFO ordering pops newest first

[234/3108] (7%): inspectable_mpsc LIFO blocking pop also pops newest first0.000 s: inspectable_mpsc LIFO blocking pop also pops newest first

[235/3108] (7%): inspectable_mpsc emplace constructs in-place0.000 s: inspectable_mpsc emplace constructs in-place

[236/3108] (7%): inspectable_mpsc emplace multiple items0.000 s: inspectable_mpsc emplace multiple items

[237/3108] (7%): inspectable_mpsc emplace fails after interrupt0.000 s: inspectable_mpsc emplace fails after interrupt

[238/3108] (7%): inspectable_mpsc interrupt closes queue0.000 s: inspectable_mpsc interrupt closes queue

[239/3108] (7%): inspectable_mpsc push fails after interrupt0.000 s: inspectable_mpsc push fails after interrupt

[240/3108] (7%): inspectable_mpsc blocking pop returns nullptr after interrupt0.060 s: inspectable_mpsc blocking pop returns nullptr after interrupt

[241/3108] (7%): inspectable_mpsc reactivate restores operation0.000 s: inspectable_mpsc reactivate restores operation

[242/3108] (7%): inspectable_mpsc drain removes all items0.000 s: inspectable_mpsc drain removes all items

[243/3108] (7%): inspectable_mpsc is_empty and size track state0.000 s: inspectable_mpsc is_empty and size track state

[244/3108] (7%): inspectable_mpsc blocking pop receives pushed item0.060 s: inspectable_mpsc blocking pop receives pushed item

[245/3108] (7%): inspectable_mpsc concurrent producers single consumer0.011 s: inspectable_mpsc concurrent producers single consumer

[246/3108] (7%): inspectable_mpsc concurrent emplace single consumer0.000 s: inspectable_mpsc concurrent emplace single consumer

[247/3108] (7%): inspectable_mpsc blocking pop with concurrent producers0.000 s: inspectable_mpsc blocking pop with concurrent producers

[248/3108] (7%): inspectable_mpsc interrupt unblocks concurrent pop0.061 s: inspectable_mpsc interrupt unblocks concurrent pop

[249/3108] (8%): inspectable_mpsc pop_if front_to_back finds and removes match0.000 s: inspectable_mpsc pop_if front_to_back finds and removes match

[250/3108] (8%): inspectable_mpsc pop_if back_to_front finds and removes match0.000 s: inspectable_mpsc pop_if back_to_front finds and removes match

[251/3108] (8%): inspectable_mpsc pop_if front_to_back returns first of duplicates0.000 s: inspectable_mpsc pop_if front_to_back returns first of duplicates

[252/3108] (8%): inspectable_mpsc pop_if back_to_front returns last of duplicates0.000 s: inspectable_mpsc pop_if back_to_front returns last of duplicates

[253/3108] (8%): inspectable_mpsc pop_if no match returns nullptr0.000 s: inspectable_mpsc pop_if no match returns nullptr

[254/3108] (8%): inspectable_mpsc pop_if empty queue returns nullptr0.000 s: inspectable_mpsc pop_if empty queue returns nullptr

[255/3108] (8%): inspectable_mpsc mutable_pop_if removes matching element0.000 s: inspectable_mpsc mutable_pop_if removes matching element

[256/3108] (8%): inspectable_mpsc mutable_pop_if respects search direction0.000 s: inspectable_mpsc mutable_pop_if respects search direction

[257/3108] (8%): inspectable_mpsc pop_if preserves remaining element order0.000 s: inspectable_mpsc pop_if preserves remaining element order

[258/3108] (8%): interruptible_mpmc basic push and pop with unique_ptr0.000 s: interruptible_mpmc basic push and pop with unique_ptr

[259/3108] (8%): interruptible_mpmc push and pop with unique_ptr custom type0.000 s: interruptible_mpmc push and pop with unique_ptr custom type

[260/3108] (8%): interruptible_mpmc try_pop returns nullptr on empty queue0.000 s: interruptible_mpmc try_pop returns nullptr on empty queue

[261/3108] (8%): interruptible_mpmc multiple items FIFO order0.000 s: interruptible_mpmc multiple items FIFO order

[262/3108] (8%): interruptible_mpmc basic push and pop with shared_ptr0.000 s: interruptible_mpmc basic push and pop with shared_ptr

[263/3108] (8%): interruptible_mpmc push and pop with shared_ptr custom type0.000 s: interruptible_mpmc push and pop with shared_ptr custom type

[264/3108] (8%): interruptible_mpmc shared_ptr maintains reference count0.000 s: interruptible_mpmc shared_ptr maintains reference count

[265/3108] (8%): interruptible_mpmc emplace constructs in-place0.000 s: interruptible_mpmc emplace constructs in-place

[266/3108] (8%): interruptible_mpmc emplace multiple items0.000 s: interruptible_mpmc emplace multiple items

[267/3108] (8%): interruptible_mpmc emplace fails after interrupt0.000 s: interruptible_mpmc emplace fails after interrupt

[268/3108] (8%): interruptible_mpmc interrupt closes queue0.000 s: interruptible_mpmc interrupt closes queue

[269/3108] (8%): interruptible_mpmc push fails after interrupt0.000 s: interruptible_mpmc push fails after interrupt

[270/3108] (8%): interruptible_mpmc blocking pop returns nullptr after interrupt0.060 s: interruptible_mpmc blocking pop returns nullptr after interrupt

[271/3108] (8%): interruptible_mpmc interrupt wakes up multiple blocked consumers0.070 s: interruptible_mpmc interrupt wakes up multiple blocked consumers

[272/3108] (8%): interruptible_mpmc reset after interrupt re-enables queue0.000 s: interruptible_mpmc reset after interrupt re-enables queue

[273/3108] (8%): interruptible_mpmc reactivate discards every sentinel when work remains0.000 s: interruptible_mpmc reactivate discards every sentinel when work remains

[274/3108] (8%): interruptible_mpmc try_pop skips sentinels to reach queued work0.000 s: interruptible_mpmc try_pop skips sentinels to reach queued work

[275/3108] (8%): interruptible_mpmc concurrent producers and consumers0.001 s: interruptible_mpmc concurrent producers and consumers

[276/3108] (8%): interruptible_mpmc concurrent emplace and pop0.000 s: interruptible_mpmc concurrent emplace and pop

[277/3108] (8%): interruptible_mpmc blocking pop receives pushed items0.060 s: interruptible_mpmc blocking pop receives pushed items

[278/3108] (8%): multi_index pops lowest priority first0.000 s: multi_index pops lowest priority first

[279/3108] (8%): multi_index equal priorities preserve FIFO order0.000 s: multi_index equal priorities preserve FIFO order

[280/3108] (9%): multi_index pop and pop_back walk from both ends0.000 s: multi_index pop and pop_back walk from both ends

[281/3108] (9%): multi_index supports negative priorities0.000 s: multi_index supports negative priorities

[282/3108] (9%): multi_index try_pop variants return nullopt when empty0.000 s: multi_index try_pop variants return nullopt when empty

[283/3108] (9%): multi_index reports per-bucket task counts0.000 s: multi_index reports per-bucket task counts

[284/3108] (9%): multi_index try_pop_from operator selects lowest-priority match0.000 s: multi_index try_pop_from operator selects lowest-priority match

[285/3108] (9%): multi_index try_pop_from returns nullopt for an absent operator0.000 s: multi_index try_pop_from returns nullopt for an absent operator

[286/3108] (9%): multi_index query index spans its levels0.000 s: multi_index query index spans its levels

[287/3108] (9%): multi_index removal keeps every index consistent0.000 s: multi_index removal keeps every index consistent

[288/3108] (9%): multi_index refills a level after it drains to empty0.000 s: multi_index refills a level after it drains to empty

[289/3108] (9%): multi_index gpu_index pops per preferred device across levels0.000 s: multi_index gpu_index pops per preferred device across levels

[290/3108] (9%): multi_index gpu_index{-1} routes tasks with no preferred device0.000 s: multi_index gpu_index{-1} routes tasks with no preferred device

[291/3108] (9%): multi_index device index stays consistent across other-index pops0.000 s: multi_index device index stays consistent across other-index pops

[292/3108] (9%): multi_index try_pop_if pops the lowest-priority match globally0.000 s: multi_index try_pop_if pops the lowest-priority match globally

[293/3108] (9%): multi_index try_pop_if honors FIFO within a level0.000 s: multi_index try_pop_if honors FIFO within a level

[294/3108] (9%): multi_index try_pop_if scoped to an operator bucket0.000 s: multi_index try_pop_if scoped to an operator bucket

[295/3108] (9%): multi_index try_pop_if scoped to a device bucket0.000 s: multi_index try_pop_if scoped to a device bucket

[296/3108] (9%): multi_index mutable_pop_if scans in the requested direction0.000 s: multi_index mutable_pop_if scans in the requested direction

[297/3108] (9%): multi_index mutable_pop_if honors direction within a level0.000 s: multi_index mutable_pop_if honors direction within a level

[298/3108] (9%): multi_index blocking pop wakes when a task is pushed0.020 s: multi_index blocking pop wakes when a task is pushed

[299/3108] (9%): multi_index interrupt wakes a blocked pop with nullptr0.020 s: multi_index interrupt wakes a blocked pop with nullptr

[300/3108] (9%): multi_index drain drops all tasks and clears every index0.000 s: multi_index drain drops all tasks and clears every index

[301/3108] (9%): multi_index drain(query_index) drops only that query's tasks0.000 s: multi_index drain(query_index) drops only that query's tasks

[302/3108] (9%): multi_index survives concurrent producers and consumers0.003 s: multi_index survives concurrent producers and consumers

[303/3108] (9%): semi_future untimed get wakes and does not issue raw futex wake0.010 s: semi_future untimed get wakes and does not issue raw futex wake

[304/3108] (9%): semi_future timed get wakes promptly before its deadline0.021 s: semi_future timed get wakes promptly before its deadline

[305/3108] (9%): semi_future timed get times out when the promise is not fulfilled0.040 s: semi_future timed get times out when the promise is not fulfilled

[306/3108] (9%): semi_future timed and untimed waiters on one core both wake0.020 s: semi_future timed and untimed waiters on one core both wake

[307/3108] (9%): semi_future raw futex wake is gated to parked timed waiters0.000 s: no waiter
0.000 s: semi_future raw futex wake is gated to parked timed waiters
0.000 s: callback waiter
0.000 s: semi_future raw futex wake is gated to parked timed waiters
0.020 s: parked timed waiter
0.020 s: semi_future raw futex wake is gated to parked timed waiters

[308/3108] (9%): Fragment::build() failure during resolve_inputs() rolls back cleanly0.131 s: Fragment::build() failure during resolve_inputs() rolls back cleanly

[309/3108] (9%): Fragment destroyed between a failed build() and reuse also closes the lifecycle cleanly0.159 s: Fragment destroyed between a failed build() and reuse also closes the lifecycle cleanly

[310/3108] (9%): Fragment::set_query_label() rejects an empty label and leaves a failed build() clean0.122 s: Fragment::set_query_label() rejects an empty label and leaves a failed build() clean

[311/3108] (10%): stream_bind_catalog CAT-1: a declared stream resolves its schema0.000 s: stream_bind_catalog CAT-1: a declared stream resolves its schema

[312/3108] (10%): stream_bind_catalog CAT-2: an undeclared id throws0.000 s: stream_bind_catalog CAT-2: an undeclared id throws

[313/3108] (10%): stream_bind_catalog CAT-3: a malformed declaration is rejected0.000 s: stream_bind_catalog CAT-3: a malformed declaration is rejected

[314/3108] (10%): stream_bind_catalog CAT-4: the built operator is recorded0.000 s: stream_bind_catalog CAT-4: the built operator is recorded

[315/3108] (10%): stream_bind_catalog CAT-5: clear drops every declaration0.000 s: stream_bind_catalog CAT-5: clear drops every declaration

[316/3108] (10%): stream_bind_catalog CAT-5b: erase drops only the named stream0.000 s: stream_bind_catalog CAT-5b: erase drops only the named stream

[317/3108] (10%): stream_bind_catalog CAT-6: a redeclared id is replaced0.000 s: stream_bind_catalog CAT-6: a redeclared id is replaced

[318/3108] (10%): stream_bind_catalog CAT-7: sirius_stream_source binds a declared stream0.030 s: stream_bind_catalog CAT-7: sirius_stream_source binds a declared stream

[319/3108] (10%): stream_bind_catalog CAT-8: an undeclared stream is a bind error0.032 s: stream_bind_catalog CAT-8: an undeclared stream is a bind error

[320/3108] (10%): stream_bind_catalog CAT-9: no catalog on the connection is an error0.027 s: stream_bind_catalog CAT-9: no catalog on the connection is an error

[321/3108] (10%): stream_bind_catalog CAT-10: estimated_rows is optional and non-throwing0.000 s: stream_bind_catalog CAT-10: estimated_rows is optional and non-throwing

[322/3108] (10%): stream_session SESS-1: input and output ids are separate namespaces0.000 s: stream_session SESS-1: input and output ids are separate namespaces

[323/3108] (10%): stream_session SESS-2: push reaches only the addressed source0.032 s: stream_session SESS-2: push reaches only the addressed source

[324/3108] (10%): stream_session SESS-3: close_input is scoped to its stream and sender0.000 s: stream_session SESS-3: close_input is scoped to its stream and sender

[325/3108] (10%): stream_session SESS-4: output calls resolve to one sink partition0.032 s: stream_session SESS-4: output calls resolve to one sink partition

[326/3108] (10%): stream_session SESS-5: each sink partition gets its own stream id0.035 s: stream_session SESS-5: each sink partition gets its own stream id

[327/3108] (10%): stream_session SESS-6: unknown ids are rejected0.000 s: stream_session SESS-6: unknown ids are rejected

[328/3108] (10%): stream_session SESS-7: registration is validated0.000 s: stream_session SESS-7: registration is validated

[329/3108] (10%): stream_session SESS-7b: a rejected registration inserts nothing0.000 s: stream_session SESS-7b: a rejected registration inserts nothing

[330/3108] (10%): stream_session SESS-8: a fragment round-trips native batches by id0.039 s: stream_session SESS-8: a fragment round-trips native batches by id

[331/3108] (10%): stream_session SESS-9: a leaf fragment registers only output streams0.123 s: stream_session SESS-9: a leaf fragment registers only output streams

[332/3108] (10%): stream_session SESS-10: a root fragment ends only after every sender closes0.034 s: stream_session SESS-10: a root fragment ends only after every sender closes

[333/3108] (10%): stream_session SESS-11: a moved session still routes0.034 s: stream_session SESS-11: a moved session still routes

[334/3108] (10%): FRAG-1: a leaf fragment runs and its output survives the window cleanup0.005 s: FRAG-1: a leaf fragment runs and its output survives the window cleanup

[335/3108] (10%): FRAG-2: a two-fragment chain matches the equivalent single query0.005 s: FRAG-2: a two-fragment chain matches the equivalent single query

[336/3108] (10%): FRAG-3: a malformed fragment spec is rejected0.001 s: no output stream
0.001 s: FRAG-3: a malformed fragment spec is rejected
0.000 s: fan-out without a partition spec
0.000 s: FRAG-3: a malformed fragment spec is rejected
0.000 s: duplicate output id
0.000 s: FRAG-3: a malformed fragment spec is rejected
0.001 s: a declared input the plan never reads
0.001 s: FRAG-3: a malformed fragment spec is rejected

[337/3108] (10%): FRAG-CONTROL: which queries actually materialize rows on the direct path0.001 s: VALUES leaf
0.002 s: FRAG-CONTROL: which queries actually materialize rows on the direct path
0.022 s: table scan
0.023 s: FRAG-CONTROL: which queries actually materialize rows on the direct path
0.002 s: filtered table scan
0.002 s: FRAG-CONTROL: which queries actually materialize rows on the direct path

[338/3108] (10%): FRAG-4: a parquet scan crosses a fragment boundary0.025 s: FRAG-4: a parquet scan crosses a fragment boundary

[339/3108] (10%): FRAG-5: a multi-batch stream drains completely0.003 s: FRAG-5: a multi-batch stream drains completely

[340/3108] (10%): FRAG-6: a join whose input stream closes empty before run() completes0.000 s: build side closes empty
0.003 s: FRAG-6: a join whose input stream closes empty before run() completes
0.000 s: probe side closes empty
0.003 s: FRAG-6: a join whose input stream closes empty before run() completes

[341/3108] (10%): FRAG-7: a join cascade completes when an upper build stream closes empty0.004 s: FRAG-7: a join cascade completes when an upper build stream closes empty

[342/3108] (11%): FRAG-8: the q07 fragment shape completes when the lower build stream is empty0.005 s: FRAG-8: the q07 fragment shape completes when the lower build stream is empty

[343/3108] (11%): FRAG-9: the faithful q07 fragment completes when a probe stream closes empty0.060 s: FRAG-9: the faithful q07 fragment completes when a probe stream closes empty

[344/3108] (11%): FRAG-10: declared stream cardinalities pick the hash-join build side0.000 s: stream 1 declared tiny -> stream 1 builds
0.007 s: FRAG-10: declared stream cardinalities pick the hash-join build side
0.000 s: stream 0 declared tiny -> stream 0 builds
0.004 s: FRAG-10: declared stream cardinalities pick the hash-join build side
0.000 s: no declared cardinality still plans and runs
0.004 s: FRAG-10: declared stream cardinalities pick the hash-join build side

[345/3108] (11%): FRAG-L: fragment_spec labels name the fragment's telemetry query0.003 s: FRAG-L: fragment_spec labels name the fragment's telemetry query

[346/3108] (11%): ast_aggregate - every supported aggregate name maps to its id0.000 s: ast_aggregate - every supported aggregate name maps to its id

[347/3108] (11%): ast_aggregate - unsupported aggregate name returns std::nullopt0.000 s: ast_aggregate - unsupported aggregate name returns std::nullopt

[348/3108] (11%): ast_aggregate - direct node construction reads back fields0.000 s: ast_aggregate - direct node construction reads back fields

[349/3108] (11%): ast_aggregate - sum over a single reference translates to aggregate node0.000 s: ast_aggregate - sum over a single reference translates to aggregate node

[350/3108] (11%): ast_aggregate - count_star with no children translates without throwing0.000 s: ast_aggregate - count_star with no children translates without throwing

[351/3108] (11%): ast_aggregate - COUNT(DISTINCT struct_pack(a, b)) recurses children and sets distinct0.000 s: ast_aggregate - COUNT(DISTINCT struct_pack(a, b)) recurses children and sets distinct

[352/3108] (11%): ast_aggregate - unsupported aggregate name yields nullptr fallback (no throw)0.000 s: ast_aggregate - unsupported aggregate name yields nullptr fallback (no throw)

[353/3108] (11%): ast_clone - cloning a reference yields an independent node with equal fields0.000 s: ast_clone - cloning a reference yields an independent node with equal fields

[354/3108] (11%): ast_clone - cloning an aggregate deep-clones its reference child0.000 s: ast_clone - cloning an aggregate deep-clones its reference child

[355/3108] (11%): ast_clone - cloning a struct_pack function_call deep-clones every child0.000 s: ast_clone - cloning a struct_pack function_call deep-clones every child

[356/3108] (11%): ast_substitute - remaps a reference through a reordering inner projection0.000 s: ast_substitute - remaps a reference through a reordering inner projection

[357/3108] (11%): ast_substitute - substitutes references inside a function call0.000 s: ast_substitute - substitutes references inside a function call

[358/3108] (11%): ast_substitute - clone and substitution preserve cast kind and try_cast0.000 s: ast_substitute - clone and substitution preserve cast kind and try_cast

[359/3108] (11%): ast_from_duckdb - BOUND_REF translates to reference node (column 0)0.000 s: ast_from_duckdb - BOUND_REF translates to reference node (column 0)

[360/3108] (11%): ast_from_duckdb - BOUND_REF translates to reference node (column 5)0.000 s: ast_from_duckdb - BOUND_REF translates to reference node (column 5)

[361/3108] (11%): ast_from_duckdb - BOUND_CONSTANT INTEGER translates to constant node0.000 s: ast_from_duckdb - BOUND_CONSTANT INTEGER translates to constant node

[362/3108] (11%): ast_from_duckdb - BOUND_CONSTANT VARCHAR translates to constant node0.000 s: ast_from_duckdb - BOUND_CONSTANT VARCHAR translates to constant node

[363/3108] (11%): ast_from_duckdb - BOUND_CONSTANT NULL of INTEGER preserves type0.000 s: ast_from_duckdb - BOUND_CONSTANT NULL of INTEGER preserves type

[364/3108] (11%): ast_from_duckdb - BOUND_COMPARISON EQUAL translates to comparison node0.000 s: ast_from_duckdb - BOUND_COMPARISON EQUAL translates to comparison node

[365/3108] (11%): ast_from_duckdb - BOUND_COMPARISON NOTEQUAL translates to comparison node0.000 s: ast_from_duckdb - BOUND_COMPARISON NOTEQUAL translates to comparison node

[366/3108] (11%): ast_from_duckdb - BOUND_COMPARISON LESSTHAN translates to comparison node0.000 s: ast_from_duckdb - BOUND_COMPARISON LESSTHAN translates to comparison node

[367/3108] (11%): ast_from_duckdb - BOUND_COMPARISON LESSTHANOREQUALTO translates to comparison node0.000 s: ast_from_duckdb - BOUND_COMPARISON LESSTHANOREQUALTO translates to comparison node

[368/3108] (11%): ast_from_duckdb - BOUND_COMPARISON GREATERTHAN translates to comparison node0.000 s: ast_from_duckdb - BOUND_COMPARISON GREATERTHAN translates to comparison node

[369/3108] (11%): ast_from_duckdb - BOUND_COMPARISON GREATERTHANOREQUALTO translates to comparison node0.000 s: ast_from_duckdb - BOUND_COMPARISON GREATERTHANOREQUALTO translates to comparison node

[370/3108] (11%): ast_from_duckdb - BOUND_COMPARISON DISTINCT_FROM translates to comparison node0.000 s: ast_from_duckdb - BOUND_COMPARISON DISTINCT_FROM translates to comparison node

[371/3108] (11%): ast_from_duckdb - BOUND_COMPARISON NOT_DISTINCT_FROM translates to comparison node0.000 s: ast_from_duckdb - BOUND_COMPARISON NOT_DISTINCT_FROM translates to comparison node

[372/3108] (11%): ast_from_duckdb - BOUND_CONJUNCTION AND translates to conjunction(op_and)0.000 s: ast_from_duckdb - BOUND_CONJUNCTION AND translates to conjunction(op_and)

[373/3108] (12%): ast_from_duckdb - BOUND_CONJUNCTION OR translates to conjunction(op_or)0.000 s: ast_from_duckdb - BOUND_CONJUNCTION OR translates to conjunction(op_or)

[374/3108] (12%): ast_from_duckdb - BOUND_BETWEEN translates to between node with inclusive bounds0.000 s: ast_from_duckdb - BOUND_BETWEEN translates to between node with inclusive bounds

[375/3108] (12%): ast_from_duckdb - BOUND_CASE WHEN/THEN/ELSE translates to case_expr0.000 s: ast_from_duckdb - BOUND_CASE WHEN/THEN/ELSE translates to case_expr

[376/3108] (12%): ast_from_duckdb - BOUND_CASE with unsupported WHEN propagates nullptr0.000 s: ast_from_duckdb - BOUND_CASE with unsupported WHEN propagates nullptr

[377/3108] (12%): ast_from_duckdb - BOUND_CAST INTEGER -> BIGINT translates to cast node0.000 s: ast_from_duckdb - BOUND_CAST INTEGER -> BIGINT translates to cast node

[378/3108] (12%): ast_from_duckdb - BOUND_CAST honors try_cast = true0.000 s: ast_from_duckdb - BOUND_CAST honors try_cast = true

[379/3108] (12%): ast_from_duckdb - BOUND_CAST between temporal and numeric returns nullptr0.000 s: DATE -> SMALLINT
0.000 s: ast_from_duckdb - BOUND_CAST between temporal and numeric returns nullptr
0.000 s: DATE -> SMALLINT with try_cast
0.000 s: ast_from_duckdb - BOUND_CAST between temporal and numeric returns nullptr
0.000 s: SMALLINT -> DATE
0.000 s: ast_from_duckdb - BOUND_CAST between temporal and numeric returns nullptr
0.000 s: legal pairs still translate
0.000 s: ast_from_duckdb - BOUND_CAST between temporal and numeric returns nullptr

[380/3108] (12%): ast_from_duckdb - BOUND_FUNCTION '+' resolves to function_id::add0.000 s: ast_from_duckdb - BOUND_FUNCTION '+' resolves to function_id::add

[381/3108] (12%): ast_from_duckdb - BOUND_FUNCTION 'substring' resolves to function_id::substring0.000 s: ast_from_duckdb - BOUND_FUNCTION 'substring' resolves to function_id::substring

[382/3108] (12%): ast_from_duckdb - BOUND_FUNCTION 'substr' alias resolves to function_id::substring0.000 s: ast_from_duckdb - BOUND_FUNCTION 'substr' alias resolves to function_id::substring

[383/3108] (12%): ast_from_duckdb - BOUND_FUNCTION unknown name returns nullptr0.000 s: ast_from_duckdb - BOUND_FUNCTION unknown name returns nullptr

[384/3108] (12%): ast_from_duckdb - BOUND_OPERATOR NOT translates to unary_op(op_not)0.000 s: ast_from_duckdb - BOUND_OPERATOR NOT translates to unary_op(op_not)

[385/3108] (12%): ast_from_duckdb - BOUND_OPERATOR IS_NULL translates to unary_op(op_is_null)0.000 s: ast_from_duckdb - BOUND_OPERATOR IS_NULL translates to unary_op(op_is_null)

[386/3108] (12%): ast_from_duckdb - BOUND_OPERATOR IS_NOT_NULL translates to unary_op(op_is_not_null)0.000 s: ast_from_duckdb - BOUND_OPERATOR IS_NOT_NULL translates to unary_op(op_is_not_null)

[387/3108] (12%): ast_from_duckdb - BOUND_OPERATOR TRY translates to unary_op(op_try)0.000 s: ast_from_duckdb - BOUND_OPERATOR TRY translates to unary_op(op_try)

[388/3108] (12%): ast_from_duckdb - BOUND_OPERATOR COALESCE translates to coalesce(N children)0.000 s: ast_from_duckdb - BOUND_OPERATOR COALESCE translates to coalesce(N children)

[389/3108] (12%): ast_from_duckdb - BOUND_OPERATOR COMPARE_IN translates to in_list(negated=false)0.000 s: ast_from_duckdb - BOUND_OPERATOR COMPARE_IN translates to in_list(negated=false)

[390/3108] (12%): ast_from_duckdb - BOUND_OPERATOR COMPARE_NOT_IN translates to in_list(negated=true)0.000 s: ast_from_duckdb - BOUND_OPERATOR COMPARE_NOT_IN translates to in_list(negated=true)

[391/3108] (12%): ast_from_duckdb - BOUND_OPERATOR unsupported ExpressionType returns nullptr0.000 s: ast_from_duckdb - BOUND_OPERATOR unsupported ExpressionType returns nullptr

[392/3108] (12%): ast_from_duckdb - BOUND_OPERATOR NOT with unsupported child propagates nullptr0.000 s: ast_from_duckdb - BOUND_OPERATOR NOT with unsupported child propagates nullptr

[393/3108] (12%): ast_from_duckdb - BOUND_OPERATOR COMPARE_IN with unsupported probe propagates nullptr0.000 s: ast_from_duckdb - BOUND_OPERATOR COMPARE_IN with unsupported probe propagates nullptr

[394/3108] (12%): ast_from_duckdb - BOUND_OPERATOR COALESCE with unsupported child propagates nullptr0.000 s: ast_from_duckdb - BOUND_OPERATOR COALESCE with unsupported child propagates nullptr

[395/3108] (12%): ast_from_duckdb - BOUND_PARAMETER returns nullptr0.000 s: ast_from_duckdb - BOUND_PARAMETER returns nullptr

[396/3108] (12%): ast_from_duckdb - real Binder output translates to non-null trees0.034 s: ast_from_duckdb - real Binder output translates to non-null trees

[397/3108] (12%): ast_scaffold - reference holds a column index0.000 s: ast_scaffold - reference holds a column index

[398/3108] (12%): ast_scaffold - constant default-constructs0.000 s: ast_scaffold - constant default-constructs

[399/3108] (12%): ast_scaffold - comparison holds recursive children0.000 s: ast_scaffold - comparison holds recursive children

[400/3108] (12%): ast_scaffold - conjunction holds N-ary children0.000 s: ast_scaffold - conjunction holds N-ary children

[401/3108] (12%): ast_scaffold - conjunction op defaults to invalid sentinel0.000 s: ast_scaffold - conjunction op defaults to invalid sentinel

[402/3108] (12%): ast_scaffold - between holds three children and inclusivity flags0.000 s: ast_scaffold - between holds three children and inclusivity flags

[403/3108] (12%): ast_scaffold - case_expr holds when/then pairs and an else clause0.000 s: ast_scaffold - case_expr holds when/then pairs and an else clause

[404/3108] (12%): ast_scaffold - cast holds child, target type, and try flag0.000 s: ast_scaffold - cast holds child, target type, and try flag

[405/3108] (13%): ast_scaffold - cast target_type defaults to SQLNULL placeholder0.000 s: ast_scaffold - cast target_type defaults to SQLNULL placeholder

[406/3108] (13%): ast_scaffold - unary_op wraps a single child0.000 s: ast_scaffold - unary_op wraps a single child

[407/3108] (13%): ast_scaffold - unary_op op defaults to invalid sentinel0.000 s: ast_scaffold - unary_op op defaults to invalid sentinel

[408/3108] (13%): ast_scaffold - coalesce holds N-ary children0.000 s: ast_scaffold - coalesce holds N-ary children

[409/3108] (13%): ast_scaffold - in_list holds a probe, values, and a negation flag0.000 s: ast_scaffold - in_list holds a probe, values, and a negation flag

[410/3108] (13%): ast_scaffold - function_call holds arguments and a return type0.000 s: ast_scaffold - function_call holds arguments and a return type

[411/3108] (13%): ast_scaffold - comparison tree with reference children round-trips via variant0.000 s: ast_scaffold - comparison tree with reference children round-trips via variant

[412/3108] (13%): ast_scaffold - deeper tree (conjunction of comparisons) destructs cleanly0.000 s: ast_scaffold - deeper tree (conjunction of comparisons) destructs cleanly

[413/3108] (13%): ast_to_duckdb - reference translates to BoundReferenceExpression (column 3)0.000 s: ast_to_duckdb - reference translates to BoundReferenceExpression (column 3)

[414/3108] (13%): ast_to_duckdb - constant INTEGER round-trips to BoundConstantExpression0.000 s: ast_to_duckdb - constant INTEGER round-trips to BoundConstantExpression

[415/3108] (13%): ast_to_duckdb - constant VARCHAR round-trips to BoundConstantExpression0.000 s: ast_to_duckdb - constant VARCHAR round-trips to BoundConstantExpression

[416/3108] (13%): ast_to_duckdb - constant typed NULL (INTEGER) round-trips to BoundConstantExpression0.000 s: ast_to_duckdb - constant typed NULL (INTEGER) round-trips to BoundConstantExpression

[417/3108] (13%): ast_to_duckdb - constant DECIMAL64 round-trips to BoundConstantExpression0.000 s: ast_to_duckdb - constant DECIMAL64 round-trips to BoundConstantExpression

[418/3108] (13%): ast_to_duckdb - comparison EQUAL translates to COMPARE_EQUAL0.000 s: ast_to_duckdb - comparison EQUAL translates to COMPARE_EQUAL

[419/3108] (13%): ast_to_duckdb - comparison NOT_EQUAL translates to COMPARE_NOTEQUAL0.000 s: ast_to_duckdb - comparison NOT_EQUAL translates to COMPARE_NOTEQUAL

[420/3108] (13%): ast_to_duckdb - comparison LT translates to COMPARE_LESSTHAN0.000 s: ast_to_duckdb - comparison LT translates to COMPARE_LESSTHAN

[421/3108] (13%): ast_to_duckdb - comparison LE translates to COMPARE_LESSTHANOREQUALTO0.000 s: ast_to_duckdb - comparison LE translates to COMPARE_LESSTHANOREQUALTO

[422/3108] (13%): ast_to_duckdb - comparison GT translates to COMPARE_GREATERTHAN0.000 s: ast_to_duckdb - comparison GT translates to COMPARE_GREATERTHAN

[423/3108] (13%): ast_to_duckdb - comparison GE translates to COMPARE_GREATERTHANOREQUALTO0.000 s: ast_to_duckdb - comparison GE translates to COMPARE_GREATERTHANOREQUALTO

[424/3108] (13%): ast_to_duckdb - conjunction AND translates to BoundConjunctionExpression (AND)0.000 s: ast_to_duckdb - conjunction AND translates to BoundConjunctionExpression (AND)

[425/3108] (13%): ast_to_duckdb - conjunction OR (3 children) translates to BoundConjunctionExpression0.000 s: ast_to_duckdb - conjunction OR (3 children) translates to BoundConjunctionExpression

[426/3108] (13%): ast_to_duckdb - between translates to BoundBetweenExpression (inclusive bounds)0.000 s: ast_to_duckdb - between translates to BoundBetweenExpression (inclusive bounds)

[427/3108] (13%): ast_to_duckdb - case_expr (single WHEN/THEN + ELSE) translates to BoundCaseExpression0.000 s: ast_to_duckdb - case_expr (single WHEN/THEN + ELSE) translates to BoundCaseExpression

[428/3108] (13%): ast_to_duckdb - case_expr (two WHEN/THEN + ELSE) translates to BoundCaseExpression0.000 s: ast_to_duckdb - case_expr (two WHEN/THEN + ELSE) translates to BoundCaseExpression

[429/3108] (13%): ast_to_duckdb - cast INTEGER->BIGINT (default) translates to BoundCastExpression0.000 s: ast_to_duckdb - cast INTEGER->BIGINT (default) translates to BoundCastExpression

[430/3108] (13%): ast_to_duckdb - cast INTEGER->BIGINT (try_cast=true) translates to BoundCastExpression0.000 s: ast_to_duckdb - cast INTEGER->BIGINT (try_cast=true) translates to BoundCastExpression

[431/3108] (13%): ast_to_duckdb - unary_op op_not translates to OPERATOR_NOT0.000 s: ast_to_duckdb - unary_op op_not translates to OPERATOR_NOT

[432/3108] (13%): ast_to_duckdb - unary_op op_is_null translates to OPERATOR_IS_NULL0.000 s: ast_to_duckdb - unary_op op_is_null translates to OPERATOR_IS_NULL

[433/3108] (13%): ast_to_duckdb - unary_op op_is_not_null translates to OPERATOR_IS_NOT_NULL0.000 s: ast_to_duckdb - unary_op op_is_not_null translates to OPERATOR_IS_NOT_NULL

[434/3108] (13%): ast_to_duckdb - unary_op op_try translates to OPERATOR_TRY0.000 s: ast_to_duckdb - unary_op op_try translates to OPERATOR_TRY

[435/3108] (13%): ast_to_duckdb - coalesce (3 args) translates to OPERATOR_COALESCE0.000 s: ast_to_duckdb - coalesce (3 args) translates to OPERATOR_COALESCE

[436/3108] (14%): ast_to_duckdb - in_list (negated=false) translates to COMPARE_IN0.000 s: ast_to_duckdb - in_list (negated=false) translates to COMPARE_IN

[437/3108] (14%): ast_to_duckdb - in_list (negated=true) translates to COMPARE_NOT_IN0.000 s: ast_to_duckdb - in_list (negated=true) translates to COMPARE_NOT_IN

[438/3108] (14%): ast_to_duckdb - function_call add translates to BoundFunctionExpression0.000 s: ast_to_duckdb - function_call add translates to BoundFunctionExpression

[439/3108] (14%): ast_to_duckdb - function_call substring translates to BoundFunctionExpression0.000 s: ast_to_duckdb - function_call substring translates to BoundFunctionExpression

[440/3108] (14%): ast_to_duckdb - function_call like translates to BoundFunctionExpression0.000 s: ast_to_duckdb - function_call like translates to BoundFunctionExpression

[441/3108] (14%): ast_to_duckdb - function_call regexp_replace translates to BoundFunctionExpression0.000 s: ast_to_duckdb - function_call regexp_replace translates to BoundFunctionExpression

[442/3108] (14%): ast_to_duckdb - function_call year translates to BoundFunctionExpression0.000 s: ast_to_duckdb - function_call year translates to BoundFunctionExpression

[443/3108] (14%): ast_to_duckdb - case_expr preserves non-INTEGER (DECIMAL) return_type0.000 s: ast_to_duckdb - case_expr preserves non-INTEGER (DECIMAL) return_type

[444/3108] (14%): ast_to_duckdb - coalesce preserves non-INTEGER (DECIMAL) return_type0.000 s: ast_to_duckdb - coalesce preserves non-INTEGER (DECIMAL) return_type

[445/3108] (14%): ast_to_duckdb - reference self-equivalence via from_duckdb0.000 s: ast_to_duckdb - reference self-equivalence via from_duckdb

[446/3108] (14%): ast_to_duckdb - constant self-equivalence via from_duckdb0.000 s: ast_to_duckdb - constant self-equivalence via from_duckdb

[447/3108] (14%): ast_to_duckdb - comparison self-equivalence via from_duckdb0.000 s: ast_to_duckdb - comparison self-equivalence via from_duckdb

[448/3108] (14%): ast_to_duckdb - conjunction self-equivalence via from_duckdb0.000 s: ast_to_duckdb - conjunction self-equivalence via from_duckdb

[449/3108] (14%): ast_to_duckdb - between self-equivalence via from_duckdb0.000 s: ast_to_duckdb - between self-equivalence via from_duckdb

[450/3108] (14%): ast_to_duckdb - case_expr self-equivalence via from_duckdb0.000 s: ast_to_duckdb - case_expr self-equivalence via from_duckdb

[451/3108] (14%): ast_to_duckdb - cast self-equivalence via from_duckdb0.000 s: ast_to_duckdb - cast self-equivalence via from_duckdb

[452/3108] (14%): ast_to_duckdb - unary_op self-equivalence via from_duckdb0.000 s: ast_to_duckdb - unary_op self-equivalence via from_duckdb

[453/3108] (14%): ast_to_duckdb - coalesce self-equivalence via from_duckdb0.000 s: ast_to_duckdb - coalesce self-equivalence via from_duckdb

[454/3108] (14%): ast_to_duckdb - in_list self-equivalence via from_duckdb0.000 s: ast_to_duckdb - in_list self-equivalence via from_duckdb

[455/3108] (14%): ast_to_duckdb - function_call self-equivalence via from_duckdb0.000 s: ast_to_duckdb - function_call self-equivalence via from_duckdb

[456/3108] (14%): comparison_type - to_duckdb then from_duckdb round-trips every comparison_type0.000 s: comparison_type - to_duckdb then from_duckdb round-trips every comparison_type

[457/3108] (14%): comparison_type - from_duckdb throws on an unsupported ExpressionType0.000 s: comparison_type - from_duckdb throws on an unsupported ExpressionType

[458/3108] (14%): wrap_join_conditions transfers expressions and maps comparisons0.000 s: wrap_join_conditions transfers expressions and maps comparisons

[459/3108] (14%): wrap_join_conditions on empty input returns empty vector0.000 s: wrap_join_conditions on empty input returns empty vector

[460/3108] (14%): wrap_join_conditions propagates from_duckdb throws0.000 s: wrap_join_conditions propagates from_duckdb throws

[461/3108] (14%): ast_function_id - add round-trips through name mappers0.000 s: ast_function_id - add round-trips through name mappers

[462/3108] (14%): ast_function_id - sub round-trips through name mappers0.000 s: ast_function_id - sub round-trips through name mappers

[463/3108] (14%): ast_function_id - mul round-trips through name mappers0.000 s: ast_function_id - mul round-trips through name mappers

[464/3108] (14%): ast_function_id - div round-trips through name mappers0.000 s: ast_function_id - div round-trips through name mappers

[465/3108] (14%): ast_function_id - int_div round-trips through name mappers0.000 s: ast_function_id - int_div round-trips through name mappers

[466/3108] (14%): ast_function_id - mod round-trips through name mappers0.000 s: ast_function_id - mod round-trips through name mappers

[467/3108] (15%): ast_function_id - Substrait arithmetic names resolve to arithmetic ids0.000 s: ast_function_id - Substrait arithmetic names resolve to arithmetic ids

[468/3108] (15%): ast_function_id - substring round-trips through name mappers0.000 s: ast_function_id - substring round-trips through name mappers

[469/3108] (15%): ast_function_id - like round-trips through name mappers0.000 s: ast_function_id - like round-trips through name mappers

[470/3108] (15%): ast_function_id - not_like round-trips through name mappers0.000 s: ast_function_id - not_like round-trips through name mappers

[471/3108] (15%): ast_function_id - contains round-trips through name mappers0.000 s: ast_function_id - contains round-trips through name mappers

[472/3108] (15%): ast_function_id - prefix round-trips through name mappers0.000 s: ast_function_id - prefix round-trips through name mappers

[473/3108] (15%): ast_function_id - suffix round-trips through name mappers0.000 s: ast_function_id - suffix round-trips through name mappers

[474/3108] (15%): ast_function_id - strlen round-trips through name mappers0.000 s: ast_function_id - strlen round-trips through name mappers

[475/3108] (15%): ast_function_id - length round-trips through name mappers0.000 s: ast_function_id - length round-trips through name mappers

[476/3108] (15%): ast_function_id - regexp_replace round-trips through name mappers0.000 s: ast_function_id - regexp_replace round-trips through name mappers

[477/3108] (15%): ast_function_id - concat round-trips through name mappers0.000 s: ast_function_id - concat round-trips through name mappers

[478/3108] (15%): ast_function_id - concat_operator round-trips through name mappers0.000 s: ast_function_id - concat_operator round-trips through name mappers

[479/3108] (15%): ast_function_id - concat() and || resolve to distinct ids (different NULL semantics)0.000 s: ast_function_id - concat() and || resolve to distinct ids (different NULL semantics)

[480/3108] (15%): ast_function_id - year round-trips through name mappers0.000 s: ast_function_id - year round-trips through name mappers

[481/3108] (15%): ast_function_id - month round-trips through name mappers0.000 s: ast_function_id - month round-trips through name mappers

[482/3108] (15%): ast_function_id - day round-trips through name mappers0.000 s: ast_function_id - day round-trips through name mappers

[483/3108] (15%): ast_function_id - hour round-trips through name mappers0.000 s: ast_function_id - hour round-trips through name mappers

[484/3108] (15%): ast_function_id - minute round-trips through name mappers0.000 s: ast_function_id - minute round-trips through name mappers

[485/3108] (15%): ast_function_id - second round-trips through name mappers0.000 s: ast_function_id - second round-trips through name mappers

[486/3108] (15%): ast_function_id - millisecond round-trips through name mappers0.000 s: ast_function_id - millisecond round-trips through name mappers

[487/3108] (15%): ast_function_id - microsecond round-trips through name mappers0.000 s: ast_function_id - microsecond round-trips through name mappers

[488/3108] (15%): ast_function_id - date_trunc round-trips through name mappers0.000 s: ast_function_id - date_trunc round-trips through name mappers

[489/3108] (15%): ast_function_id - row round-trips through name mappers0.000 s: ast_function_id - row round-trips through name mappers

[490/3108] (15%): ast_function_id - struct_pack round-trips through name mappers0.000 s: ast_function_id - struct_pack round-trips through name mappers

[491/3108] (15%): ast_function_id - error round-trips through name mappers0.000 s: ast_function_id - error round-trips through name mappers

[492/3108] (15%): ast_function_id - substring and substr both resolve to function_id::substring0.000 s: ast_function_id - substring and substr both resolve to function_id::substring

[493/3108] (15%): ast_function_id - to_duckdb_function_name(substring) returns the canonical "substring"0.000 s: ast_function_id - to_duckdb_function_name(substring) returns the canonical "substring"

[494/3108] (15%): ast_function_id - unknown function name returns std::nullopt0.000 s: ast_function_id - unknown function name returns std::nullopt

[495/3108] (15%): ast_function_id - empty function name returns std::nullopt0.000 s: ast_function_id - empty function name returns std::nullopt

[496/3108] (15%): ast_value - BOOLEAN round-trips through from_duckdb / to_duckdb0.000 s: ast_value - BOOLEAN round-trips through from_duckdb / to_duckdb

[497/3108] (15%): ast_value - TINYINT round-trips through from_duckdb / to_duckdb0.000 s: ast_value - TINYINT round-trips through from_duckdb / to_duckdb

[498/3108] (16%): ast_value - SMALLINT round-trips through from_duckdb / to_duckdb0.000 s: ast_value - SMALLINT round-trips through from_duckdb / to_duckdb

[499/3108] (16%): ast_value - INTEGER round-trips through from_duckdb / to_duckdb0.000 s: ast_value - INTEGER round-trips through from_duckdb / to_duckdb

[500/3108] (16%): ast_value - BIGINT round-trips through from_duckdb / to_duckdb0.000 s: ast_value - BIGINT round-trips through from_duckdb / to_duckdb

[501/3108] (16%): ast_value - HUGEINT narrows to int64_t (D-03) and round-trips0.000 s: ast_value - HUGEINT narrows to int64_t (D-03) and round-trips

[502/3108] (16%): ast_value - UTINYINT round-trips through from_duckdb / to_duckdb0.000 s: ast_value - UTINYINT round-trips through from_duckdb / to_duckdb

[503/3108] (16%): ast_value - USMALLINT round-trips through from_duckdb / to_duckdb0.000 s: ast_value - USMALLINT round-trips through from_duckdb / to_duckdb

[504/3108] (16%): ast_value - UINTEGER round-trips through from_duckdb / to_duckdb0.000 s: ast_value - UINTEGER round-trips through from_duckdb / to_duckdb

[505/3108] (16%): ast_value - UBIGINT round-trips through from_duckdb / to_duckdb0.000 s: ast_value - UBIGINT round-trips through from_duckdb / to_duckdb

[506/3108] (16%): ast_value - UHUGEINT narrows to uint64_t (D-03) and round-trips0.000 s: ast_value - UHUGEINT narrows to uint64_t (D-03) and round-trips

[507/3108] (16%): ast_value - FLOAT round-trips through from_duckdb / to_duckdb0.000 s: ast_value - FLOAT round-trips through from_duckdb / to_duckdb

[508/3108] (16%): ast_value - DOUBLE round-trips through from_duckdb / to_duckdb0.000 s: ast_value - DOUBLE round-trips through from_duckdb / to_duckdb

[509/3108] (16%): ast_value - DATE round-trips through from_duckdb / to_duckdb0.000 s: ast_value - DATE round-trips through from_duckdb / to_duckdb

[510/3108] (16%): ast_value - TIMESTAMP_SEC round-trips through from_duckdb / to_duckdb0.000 s: ast_value - TIMESTAMP_SEC round-trips through from_duckdb / to_duckdb

[511/3108] (16%): ast_value - TIMESTAMP_MS round-trips through from_duckdb / to_duckdb0.000 s: ast_value - TIMESTAMP_MS round-trips through from_duckdb / to_duckdb

[512/3108] (16%): ast_value - TIMESTAMP (microsecond) round-trips through from_duckdb / to_duckdb0.000 s: ast_value - TIMESTAMP (microsecond) round-trips through from_duckdb / to_duckdb

[513/3108] (16%): ast_value - TIMESTAMP_NS round-trips through from_duckdb / to_duckdb0.000 s: ast_value - TIMESTAMP_NS round-trips through from_duckdb / to_duckdb

[514/3108] (16%): ast_value - VARCHAR round-trips through from_duckdb / to_duckdb0.000 s: ast_value - VARCHAR round-trips through from_duckdb / to_duckdb

[515/3108] (16%): ast_value - DECIMAL(4,2) maps to decimal32 (precision <= 4 width class)0.000 s: ast_value - DECIMAL(4,2) maps to decimal32 (precision <= 4 width class)

[516/3108] (16%): ast_value - DECIMAL(18,4) maps to decimal64 (precision 10..18 width class)0.000 s: ast_value - DECIMAL(18,4) maps to decimal64 (precision 10..18 width class)

[517/3108] (16%): ast_value - DECIMAL(38,10) maps to decimal128 (precision 19..38 width class)0.000 s: ast_value - DECIMAL(38,10) maps to decimal128 (precision 19..38 width class)

[518/3108] (16%): ast_value - typed NULL round-trips for INTEGER0.000 s: ast_value - typed NULL round-trips for INTEGER

[519/3108] (16%): ast_value - typed NULL round-trips for DECIMAL(10,2)0.000 s: ast_value - typed NULL round-trips for DECIMAL(10,2)

[520/3108] (16%): ast_value - typed NULL round-trips for VARCHAR0.000 s: ast_value - typed NULL round-trips for VARCHAR

[521/3108] (16%): ast_value - from_duckdb throws on unsupported logical_type0.000 s: ast_value - from_duckdb throws on unsupported logical_type

[522/3108] (16%): ast_value - to_duckdb throws on unsupported logical_type0.000 s: ast_value - to_duckdb throws on unsupported logical_type

[523/3108] (16%): restored numeric references are memoized per evaluate call0.034 s: restored numeric references are memoized per evaluate call

[524/3108] (16%): narrow-domain comparisons evaluate on the narrowed carrier without restoration0.000 s: narrow-domain comparisons evaluate on the narrowed carrier without restoration

[525/3108] (16%): narrow-domain comparison engages on the MATERIALIZE binary-op path0.001 s: narrow-domain comparison engages on the MATERIALIZE binary-op path

[526/3108] (16%): narrow-domain comparison falls back when the constant does not fit the carrier0.000 s: narrow-domain comparison falls back when the constant does not fit the carrier

[527/3108] (16%): narrow-domain DECIMAL comparison requires a matching scale0.000 s: narrow-domain DECIMAL comparison requires a matching scale

[528/3108] (16%): narrow-domain DECIMAL comparison matches restored results0.000 s: narrow-domain DECIMAL comparison matches restored results

[529/3108] (17%): narrow-domain BETWEEN evaluates on the narrowed carrier0.000 s: narrow-domain BETWEEN evaluates on the narrowed carrier

[530/3108] (17%): narrow-domain reference pairs evaluate on their shared carrier0.000 s: two BIGINT references on one carrier compare narrow, neither side restored
0.000 s: narrow-domain reference pairs evaluate on their shared carrier
0.000 s: two BIGINT references on different carriers restore both sides
0.000 s: narrow-domain reference pairs evaluate on their shared carrier
0.000 s: two DATE references on one carrier compare narrow, neither side restored
0.000 s: narrow-domain reference pairs evaluate on their shared carrier
0.000 s: a DATE reference and a DATE literal compare narrow
0.000 s: narrow-domain reference pairs evaluate on their shared carrier
0.000 s: a DATE reference against a typed NULL yields NULL at the narrow width
0.000 s: narrow-domain reference pairs evaluate on their shared carrier

[531/3108] (17%): constant_range - a DATE literal folds to its epoch-day signed range0.000 s: constant_range - a DATE literal folds to its epoch-day signed range

[532/3108] (17%): constant_range - a DATE literal is representable only inside the carrier0.000 s: constant_range - a DATE literal is representable only inside the carrier

[533/3108] (17%): narrow_domain_carrier_eligible - epoch days never pair with a plain integer literal0.000 s: a literal of the column's own domain engages
0.000 s: narrow_domain_carrier_eligible - epoch days never pair with a plain integer literal
0.000 s: a literal of the other domain declines in both directions
0.000 s: narrow_domain_carrier_eligible - epoch days never pair with a plain integer literal
0.000 s: a typed NULL is admitted whatever domain it declares
0.000 s: narrow_domain_carrier_eligible - epoch days never pair with a plain integer literal
0.000 s: a DATE literal outside the carrier declines
0.000 s: narrow_domain_carrier_eligible - epoch days never pair with a plain integer literal
0.000 s: a natively carried DATE column declines
0.000 s: narrow_domain_carrier_eligible - epoch days never pair with a plain integer literal
0.000 s: a missing or non-constant operand declines
0.000 s: narrow_domain_carrier_eligible - epoch days never pair with a plain integer literal

[534/3108] (17%): narrow_domain_reference_pair_eligible - one shared carrier and one shared domain0.000 s: both sides narrowed onto one carrier engage
0.000 s: narrow_domain_reference_pair_eligible - one shared carrier and one shared domain
0.000 s: different carriers decline even within one domain
0.000 s: narrow_domain_reference_pair_eligible - one shared carrier and one shared domain
0.000 s: a side that is not carried narrow declines
0.000 s: narrow_domain_reference_pair_eligible - one shared carrier and one shared domain
0.000 s: epoch days and plain integers decline at one carrier, in both orders
0.000 s: narrow_domain_reference_pair_eligible - one shared carrier and one shared domain
0.000 s: crossing the signedness family declines
0.000 s: narrow_domain_reference_pair_eligible - one shared carrier and one shared domain

[535/3108] (17%): evaluate projects references, constants, and comparisons - mat_strategy0.001 s: INT32
0.001 s: evaluate projects references, constants, and comparisons - mat_strategy
0.000 s: DECIMAL64
0.000 s: evaluate projects references, constants, and comparisons - mat_strategy
0.001 s: STRING
0.001 s: evaluate projects references, constants, and comparisons - mat_strategy

[536/3108] (17%): evaluate projects references, constants, and comparisons - ast_interpret_strategy0.000 s: INT32
0.000 s: evaluate projects references, constants, and comparisons - ast_interpret_strategy
0.000 s: DECIMAL64
0.000 s: evaluate projects references, constants, and comparisons - ast_interpret_strategy
0.000 s: STRING
0.000 s: evaluate projects references, constants, and comparisons - ast_interpret_strategy

[537/3108] (17%): evaluate projects references, constants, and comparisons - ast_jit_strategy0.000 s: INT32
0.000 s: evaluate projects references, constants, and comparisons - ast_jit_strategy
0.000 s: DECIMAL64
0.000 s: evaluate projects references, constants, and comparisons - ast_jit_strategy
0.000 s: STRING
0.000 s: evaluate projects references, constants, and comparisons - ast_jit_strategy

[538/3108] (17%): select filters rows and handles edge cases - mat_strategy0.000 s: basic INT32 filter
0.000 s: select filters rows and handles edge cases - mat_strategy
0.000 s: empty result
0.000 s: select filters rows and handles edge cases - mat_strategy
0.000 s: DECIMAL64 filter
0.000 s: select filters rows and handles edge cases - mat_strategy
0.000 s: STRING equality filter
0.000 s: select filters rows and handles edge cases - mat_strategy

[539/3108] (17%): select filters rows and handles edge cases - ast_interpret_strategy0.000 s: basic INT32 filter
0.000 s: select filters rows and handles edge cases - ast_interpret_strategy
0.000 s: empty result
0.000 s: select filters rows and handles edge cases - ast_interpret_strategy
0.000 s: DECIMAL64 filter
0.000 s: select filters rows and handles edge cases - ast_interpret_strategy
0.000 s: STRING equality filter
0.000 s: select filters rows and handles edge cases - ast_interpret_strategy

[540/3108] (17%): select filters rows and handles edge cases - ast_jit_strategy0.000 s: basic INT32 filter
0.000 s: select filters rows and handles edge cases - ast_jit_strategy
0.000 s: empty result
0.000 s: select filters rows and handles edge cases - ast_jit_strategy
0.000 s: DECIMAL64 filter
0.000 s: select filters rows and handles edge cases - ast_jit_strategy
0.000 s: STRING equality filter
0.000 s: select filters rows and handles edge cases - ast_jit_strategy

[541/3108] (17%): evaluate arithmetic functions - mat_strategy0.002 s: col0 + 10
0.002 s: evaluate arithmetic functions - mat_strategy
0.002 s: col0 * col1
0.003 s: evaluate arithmetic functions - mat_strategy
0.000 s: col0 % 3
0.000 s: evaluate arithmetic functions - mat_strategy

[542/3108] (17%): evaluate arithmetic functions - ast_interpret_strategy0.000 s: col0 + 10
0.000 s: evaluate arithmetic functions - ast_interpret_strategy
0.000 s: col0 * col1
0.000 s: evaluate arithmetic functions - ast_interpret_strategy
0.000 s: col0 % 3
0.000 s: evaluate arithmetic functions - ast_interpret_strategy

[543/3108] (17%): evaluate arithmetic functions - ast_jit_strategy0.000 s: col0 + 10
0.000 s: evaluate arithmetic functions - ast_jit_strategy
0.000 s: col0 * col1
0.000 s: evaluate arithmetic functions - ast_jit_strategy
0.000 s: col0 % 3
0.000 s: evaluate arithmetic functions - ast_jit_strategy

[544/3108] (17%): evaluate decimal arithmetic (DECIMAL64) - mat_strategy0.000 s: col + literal (col + 1.25)
0.000 s: evaluate decimal arithmetic (DECIMAL64) - mat_strategy
0.001 s: col - col (two-column batch)
0.001 s: evaluate decimal arithmetic (DECIMAL64) - mat_strategy
0.000 s: col * integer literal (decimal with scale 0)
0.000 s: evaluate decimal arithmetic (DECIMAL64) - mat_strategy

[545/3108] (17%): evaluate decimal arithmetic (DECIMAL64) - ast_interpret_strategy0.000 s: col + literal (col + 1.25)
0.000 s: evaluate decimal arithmetic (DECIMAL64) - ast_interpret_strategy
0.000 s: col - col (two-column batch)
0.000 s: evaluate decimal arithmetic (DECIMAL64) - ast_interpret_strategy
0.000 s: col * integer literal (decimal with scale 0)
0.000 s: evaluate decimal arithmetic (DECIMAL64) - ast_interpret_strategy

[546/3108] (17%): evaluate decimal arithmetic (DECIMAL64) - ast_jit_strategy0.000 s: col + literal (col + 1.25)
0.000 s: evaluate decimal arithmetic (DECIMAL64) - ast_jit_strategy
0.000 s: col - col (two-column batch)
0.000 s: evaluate decimal arithmetic (DECIMAL64) - ast_jit_strategy
0.000 s: col * integer literal (decimal with scale 0)
0.000 s: evaluate decimal arithmetic (DECIMAL64) - ast_jit_strategy

[547/3108] (17%): evaluate decimal arithmetic (DECIMAL32) - mat_strategy0.000 s: evaluate decimal arithmetic (DECIMAL32) - mat_strategy

[548/3108] (17%): evaluate decimal arithmetic (DECIMAL32) - ast_interpret_strategy0.000 s: evaluate decimal arithmetic (DECIMAL32) - ast_interpret_strategy

[549/3108] (17%): evaluate decimal arithmetic (DECIMAL32) - ast_jit_strategy0.000 s: evaluate decimal arithmetic (DECIMAL32) - ast_jit_strategy

[550/3108] (17%): evaluate nested decimal arithmetic (col + 1.00) * 2 - mat_strategy0.000 s: evaluate nested decimal arithmetic (col + 1.00) * 2 - mat_strategy

[551/3108] (17%): evaluate nested decimal arithmetic (col + 1.00) * 2 - ast_interpret_strategy0.000 s: evaluate nested decimal arithmetic (col + 1.00) * 2 - ast_interpret_strategy

[552/3108] (17%): evaluate nested decimal arithmetic (col + 1.00) * 2 - ast_jit_strategy0.000 s: evaluate nested decimal arithmetic (col + 1.00) * 2 - ast_jit_strategy

[553/3108] (17%): evaluate decimal arithmetic (DECIMAL128) - mat_strategy0.000 s: evaluate decimal arithmetic (DECIMAL128) - mat_strategy

[554/3108] (17%): evaluate decimal arithmetic (DECIMAL128) - ast_interpret_strategy0.000 s: evaluate decimal arithmetic (DECIMAL128) - ast_interpret_strategy

[555/3108] (17%): evaluate decimal arithmetic (DECIMAL128) - ast_jit_strategy0.000 s: evaluate decimal arithmetic (DECIMAL128) - ast_jit_strategy

[556/3108] (17%): evaluate decimal DIV (DECIMAL64) - mat_strategy0.002 s: evaluate decimal DIV (DECIMAL64) - mat_strategy

[557/3108] (17%): evaluate decimal DIV (DECIMAL64) - ast_interpret_strategy0.000 s: evaluate decimal DIV (DECIMAL64) - ast_interpret_strategy

[558/3108] (17%): evaluate decimal DIV (DECIMAL64) - ast_jit_strategy0.000 s: evaluate decimal DIV (DECIMAL64) - ast_jit_strategy

[559/3108] (17%): evaluate decimal TPC-H Q1 shape price * (1 - discount) - mat_strategy0.000 s: evaluate decimal TPC-H Q1 shape price * (1 - discount) - mat_strategy

[560/3108] (18%): evaluate decimal TPC-H Q1 shape price * (1 - discount) - ast_interpret_strategy0.000 s: evaluate decimal TPC-H Q1 shape price * (1 - discount) - ast_interpret_strategy

[561/3108] (18%): evaluate decimal TPC-H Q1 shape price * (1 - discount) - ast_jit_strategy0.000 s: evaluate decimal TPC-H Q1 shape price * (1 - discount) - ast_jit_strategy

[562/3108] (18%): select LIKE and NOT LIKE - mat_strategy0.001 s: LIKE 'str_2'
0.001 s: select LIKE and NOT LIKE - mat_strategy
0.000 s: LIKE 'str_%' — wildcard
0.000 s: select LIKE and NOT LIKE - mat_strategy
0.009 s: NOT LIKE 'str_1'
0.009 s: select LIKE and NOT LIKE - mat_strategy
0.000 s: LIKE '%tr%1%' — multi-literal SWAR fast path
0.000 s: select LIKE and NOT LIKE - mat_strategy
0.000 s: LIKE fast-path classification is shared by pattern value across evaluators
0.001 s: select LIKE and NOT LIKE - mat_strategy
0.001 s: NOT LIKE fallback classification is memoized across evaluator batches
0.001 s: select LIKE and NOT LIKE - mat_strategy
0.000 s: NOT LIKE '%tr%1%' — fast path agrees with the cudf path (fast path disabled)
0.000 s: select LIKE and NOT LIKE - mat_strategy

[563/3108] (18%): select LIKE and NOT LIKE - ast_interpret_strategy0.001 s: LIKE 'str_2'
0.001 s: select LIKE and NOT LIKE - ast_interpret_strategy
0.000 s: LIKE 'str_%' — wildcard
0.000 s: select LIKE and NOT LIKE - ast_interpret_strategy
0.000 s: NOT LIKE 'str_1'
0.000 s: select LIKE and NOT LIKE - ast_interpret_strategy
0.000 s: LIKE '%tr%1%' — multi-literal SWAR fast path
0.000 s: select LIKE and NOT LIKE - ast_interpret_strategy
0.000 s: LIKE fast-path classification is shared by pattern value across evaluators
0.001 s: select LIKE and NOT LIKE - ast_interpret_strategy
0.001 s: NOT LIKE fallback classification is memoized across evaluator batches
0.001 s: select LIKE and NOT LIKE - ast_interpret_strategy
0.000 s: NOT LIKE '%tr%1%' — fast path agrees with the cudf path (fast path disabled)
0.000 s: select LIKE and NOT LIKE - ast_interpret_strategy

[564/3108] (18%): select LIKE and NOT LIKE - ast_jit_strategy0.000 s: LIKE 'str_2'
0.000 s: select LIKE and NOT LIKE - ast_jit_strategy
0.000 s: LIKE 'str_%' — wildcard
0.000 s: select LIKE and NOT LIKE - ast_jit_strategy
0.000 s: NOT LIKE 'str_1'
0.000 s: select LIKE and NOT LIKE - ast_jit_strategy
0.000 s: LIKE '%tr%1%' — multi-literal SWAR fast path
0.000 s: select LIKE and NOT LIKE - ast_jit_strategy
0.000 s: LIKE fast-path classification is shared by pattern value across evaluators
0.001 s: select LIKE and NOT LIKE - ast_jit_strategy
0.000 s: NOT LIKE fallback classification is memoized across evaluator batches
0.001 s: select LIKE and NOT LIKE - ast_jit_strategy
0.000 s: NOT LIKE '%tr%1%' — fast path agrees with the cudf path (fast path disabled)
0.000 s: select LIKE and NOT LIKE - ast_jit_strategy

[565/3108] (18%): evaluate CASE expression - mat_strategy0.005 s: evaluate CASE expression - mat_strategy

[566/3108] (18%): evaluate CASE expression - ast_interpret_strategy0.000 s: evaluate CASE expression - ast_interpret_strategy

[567/3108] (18%): evaluate CASE expression - ast_jit_strategy0.000 s: evaluate CASE expression - ast_jit_strategy

[568/3108] (18%): evaluate CASE with multiple WHEN branches - mat_strategy0.000 s: evaluate CASE with multiple WHEN branches - mat_strategy

[569/3108] (18%): evaluate CASE with multiple WHEN branches - ast_interpret_strategy0.000 s: evaluate CASE with multiple WHEN branches - ast_interpret_strategy

[570/3108] (18%): evaluate CASE with multiple WHEN branches - ast_jit_strategy0.000 s: evaluate CASE with multiple WHEN branches - ast_jit_strategy

[571/3108] (18%): select BETWEEN - mat_strategy0.004 s: select BETWEEN - mat_strategy

[572/3108] (18%): select BETWEEN - ast_interpret_strategy0.000 s: select BETWEEN - ast_interpret_strategy

[573/3108] (18%): select BETWEEN - ast_jit_strategy0.105 s: select BETWEEN - ast_jit_strategy

[574/3108] (18%): select IN and NOT IN - mat_strategy0.004 s: IN (2, 4, 6)
0.004 s: select IN and NOT IN - mat_strategy
0.000 s: NOT IN (0, 1, 2, 3)
0.000 s: select IN and NOT IN - mat_strategy

[575/3108] (18%): select IN and NOT IN - ast_interpret_strategy0.000 s: IN (2, 4, 6)
0.000 s: select IN and NOT IN - ast_interpret_strategy
0.000 s: NOT IN (0, 1, 2, 3)
0.000 s: select IN and NOT IN - ast_interpret_strategy

[576/3108] (18%): select IN and NOT IN - ast_jit_strategy0.007 s: IN (2, 4, 6)
0.007 s: select IN and NOT IN - ast_jit_strategy
0.007 s: NOT IN (0, 1, 2, 3)
0.007 s: select IN and NOT IN - ast_jit_strategy

[577/3108] (18%): select IS NULL and IS NOT NULL - mat_strategy0.001 s: IS NULL
0.001 s: select IS NULL and IS NOT NULL - mat_strategy
0.000 s: IS NOT NULL
0.000 s: select IS NULL and IS NOT NULL - mat_strategy

[578/3108] (18%): select IS NULL and IS NOT NULL - ast_interpret_strategy0.000 s: IS NULL
0.000 s: select IS NULL and IS NOT NULL - ast_interpret_strategy
0.001 s: IS NOT NULL
0.001 s: select IS NULL and IS NOT NULL - ast_interpret_strategy

[579/3108] (18%): select IS NULL and IS NOT NULL - ast_jit_strategy0.000 s: IS NULL
0.000 s: select IS NULL and IS NOT NULL - ast_jit_strategy
0.007 s: IS NOT NULL
0.007 s: select IS NULL and IS NOT NULL - ast_jit_strategy

[580/3108] (18%): evaluate COALESCE - mat_strategy0.002 s: col + scalar fallback fills every null
0.002 s: evaluate COALESCE - mat_strategy
0.001 s: col + col leaves residual nulls where both are null
0.001 s: evaluate COALESCE - mat_strategy
0.000 s: col + col + scalar chain fills every null
0.000 s: evaluate COALESCE - mat_strategy
0.000 s: col + col + col leaves residual nulls where all three are null
0.000 s: evaluate COALESCE - mat_strategy
0.000 s: short-circuits once result has no nulls
0.000 s: evaluate COALESCE - mat_strategy
0.001 s: does not short-circuit when nulls remain — poison child fires
0.001 s: evaluate COALESCE - mat_strategy

[581/3108] (18%): evaluate COALESCE - ast_interpret_strategy0.000 s: col + scalar fallback fills every null
0.000 s: evaluate COALESCE - ast_interpret_strategy
0.000 s: col + col leaves residual nulls where both are null
0.000 s: evaluate COALESCE - ast_interpret_strategy
0.000 s: col + col + scalar chain fills every null
0.000 s: evaluate COALESCE - ast_interpret_strategy
0.000 s: col + col + col leaves residual nulls where all three are null
0.000 s: evaluate COALESCE - ast_interpret_strategy
0.000 s: short-circuits once result has no nulls
0.000 s: evaluate COALESCE - ast_interpret_strategy
0.000 s: does not short-circuit when nulls remain — poison child fires
0.000 s: evaluate COALESCE - ast_interpret_strategy

[582/3108] (18%): evaluate COALESCE - ast_jit_strategy0.000 s: col + scalar fallback fills every null
0.000 s: evaluate COALESCE - ast_jit_strategy
0.000 s: col + col leaves residual nulls where both are null
0.000 s: evaluate COALESCE - ast_jit_strategy
0.000 s: col + col + scalar chain fills every null
0.000 s: evaluate COALESCE - ast_jit_strategy
0.000 s: col + col + col leaves residual nulls where all three are null
0.000 s: evaluate COALESCE - ast_jit_strategy
0.000 s: short-circuits once result has no nulls
0.000 s: evaluate COALESCE - ast_jit_strategy
0.000 s: does not short-circuit when nulls remain — poison child fires
0.000 s: evaluate COALESCE - ast_jit_strategy

[583/3108] (18%): select COALESCE nested in predicate - mat_strategy0.000 s: select COALESCE nested in predicate - mat_strategy

[584/3108] (18%): select COALESCE nested in predicate - ast_interpret_strategy0.000 s: select COALESCE nested in predicate - ast_interpret_strategy

[585/3108] (18%): select COALESCE nested in predicate - ast_jit_strategy0.000 s: select COALESCE nested in predicate - ast_jit_strategy

[586/3108] (18%): select respects null mask under plain comparison - mat_strategy0.000 s: select respects null mask under plain comparison - mat_strategy

[587/3108] (18%): select respects null mask under plain comparison - ast_interpret_strategy0.000 s: select respects null mask under plain comparison - ast_interpret_strategy

[588/3108] (18%): select respects null mask under plain comparison - ast_jit_strategy0.000 s: select respects null mask under plain comparison - ast_jit_strategy

[589/3108] (18%): select COMPARE_NOT_DISTINCT_FROM - mat_strategy0.001 s: select COMPARE_NOT_DISTINCT_FROM - mat_strategy

[590/3108] (18%): select COMPARE_NOT_DISTINCT_FROM - ast_interpret_strategy0.000 s: select COMPARE_NOT_DISTINCT_FROM - ast_interpret_strategy

[591/3108] (19%): select COMPARE_DISTINCT_FROM - mat_strategy0.002 s: select COMPARE_DISTINCT_FROM - mat_strategy

[592/3108] (19%): select COMPARE_DISTINCT_FROM - ast_interpret_strategy0.000 s: select COMPARE_DISTINCT_FROM - ast_interpret_strategy

[593/3108] (19%): select NOT operator - mat_strategy0.000 s: select NOT operator - mat_strategy

[594/3108] (19%): select NOT operator - ast_interpret_strategy0.000 s: select NOT operator - ast_interpret_strategy

[595/3108] (19%): select NOT operator - ast_jit_strategy0.007 s: select NOT operator - ast_jit_strategy

[596/3108] (19%): select conjunction with AST breaker - mat_strategy0.001 s: select conjunction with AST breaker - mat_strategy

[597/3108] (19%): select conjunction with AST breaker - ast_interpret_strategy0.000 s: select conjunction with AST breaker - ast_interpret_strategy

[598/3108] (19%): select conjunction with AST breaker - ast_jit_strategy0.007 s: select conjunction with AST breaker - ast_jit_strategy

[599/3108] (19%): select OR conjunction - mat_strategy0.001 s: select OR conjunction - mat_strategy

[600/3108] (19%): select OR conjunction - ast_interpret_strategy0.000 s: select OR conjunction - ast_interpret_strategy

[601/3108] (19%): select OR conjunction - ast_jit_strategy0.008 s: select OR conjunction - ast_jit_strategy

[602/3108] (19%): select with nested CASE in predicate - mat_strategy0.000 s: select with nested CASE in predicate - mat_strategy

[603/3108] (19%): select with nested CASE in predicate - ast_interpret_strategy0.000 s: select with nested CASE in predicate - ast_interpret_strategy

[604/3108] (19%): select with nested CASE in predicate - ast_jit_strategy0.000 s: select with nested CASE in predicate - ast_jit_strategy

[605/3108] (19%): select IN with conjunction multi-column - mat_strategy0.000 s: select IN with conjunction multi-column - mat_strategy

[606/3108] (19%): select IN with conjunction multi-column - ast_interpret_strategy0.000 s: select IN with conjunction multi-column - ast_interpret_strategy

[607/3108] (19%): select IN with conjunction multi-column - ast_jit_strategy0.008 s: select IN with conjunction multi-column - ast_jit_strategy

[608/3108] (19%): evaluate mixed arithmetic and CASE projection - mat_strategy0.000 s: evaluate mixed arithmetic and CASE projection - mat_strategy

[609/3108] (19%): evaluate mixed arithmetic and CASE projection - ast_interpret_strategy0.000 s: evaluate mixed arithmetic and CASE projection - ast_interpret_strategy

[610/3108] (19%): evaluate mixed arithmetic and CASE projection - ast_jit_strategy0.000 s: evaluate mixed arithmetic and CASE projection - ast_jit_strategy

[611/3108] (19%): native_ast - reference identity0.000 s: native_ast - reference identity

[612/3108] (19%): native_ast - constant INTEGER0.000 s: native_ast - constant INTEGER

[613/3108] (19%): native_ast - constant VARCHAR0.000 s: native_ast - constant VARCHAR

[614/3108] (19%): native_ast - comparison EQUAL (MATERIALIZE)0.000 s: native_ast - comparison EQUAL (MATERIALIZE)

[615/3108] (19%): native_ast - comparison LESS_THAN (AST_INTERPRET)0.000 s: native_ast - comparison LESS_THAN (AST_INTERPRET)

[616/3108] (19%): native_ast - conjunction AND (MATERIALIZE)0.000 s: native_ast - conjunction AND (MATERIALIZE)

[617/3108] (19%): native_ast - between (MATERIALIZE)0.000 s: native_ast - between (MATERIALIZE)

[618/3108] (19%): native_ast - unary_op NOT (MATERIALIZE)0.000 s: native_ast - unary_op NOT (MATERIALIZE)

[619/3108] (19%): native_ast - unary_op IS_NULL (MATERIALIZE)0.000 s: native_ast - unary_op IS_NULL (MATERIALIZE)

[620/3108] (19%): native_ast - unary_op IS_NOT_NULL (MATERIALIZE)0.000 s: native_ast - unary_op IS_NOT_NULL (MATERIALIZE)

[621/3108] (19%): native_ast - in_list IN (MATERIALIZE)0.000 s: native_ast - in_list IN (MATERIALIZE)

[622/3108] (20%): native_ast - coalesce (MATERIALIZE)0.000 s: native_ast - coalesce (MATERIALIZE)

[623/3108] (20%): native_ast - cast INTEGER->BIGINT (MATERIALIZE)0.000 s: native_ast - cast INTEGER->BIGINT (MATERIALIZE)

[624/3108] (20%): native_ast - function_call add (MATERIALIZE)0.000 s: native_ast - function_call add (MATERIALIZE)

[625/3108] (20%): native_ast - function_call add (AST_INTERPRET)0.000 s: native_ast - function_call add (AST_INTERPRET)

[626/3108] (20%): native_ast - case_expr WHEN/THEN/ELSE (MATERIALIZE)0.000 s: native_ast - case_expr WHEN/THEN/ELSE (MATERIALIZE)

[627/3108] (20%): native_ast - comparison DISTINCT_FROM / NOT_DISTINCT_FROM executes0.000 s: native_ast - comparison DISTINCT_FROM / NOT_DISTINCT_FROM executes

[628/3108] (20%): ast_equivalence - reference identity round-trip0.035 s: ast_equivalence - reference identity round-trip

[629/3108] (20%): ast_equivalence - constant INTEGER0.000 s: ast_equivalence - constant INTEGER

[630/3108] (20%): ast_equivalence - constant VARCHAR0.000 s: ast_equivalence - constant VARCHAR

[631/3108] (20%): ast_equivalence - comparison EQUAL (MATERIALIZE)0.000 s: ast_equivalence - comparison EQUAL (MATERIALIZE)

[632/3108] (20%): ast_equivalence - comparison EQUAL (AST_INTERPRET)0.000 s: ast_equivalence - comparison EQUAL (AST_INTERPRET)

[633/3108] (20%): ast_equivalence - comparison LESSTHAN (MATERIALIZE)0.000 s: ast_equivalence - comparison LESSTHAN (MATERIALIZE)

[634/3108] (20%): ast_equivalence - conjunction AND (MATERIALIZE)0.000 s: ast_equivalence - conjunction AND (MATERIALIZE)

[635/3108] (20%): ast_equivalence - conjunction AND (AST_INTERPRET)0.000 s: ast_equivalence - conjunction AND (AST_INTERPRET)

[636/3108] (20%): ast_equivalence - between (MATERIALIZE)0.000 s: ast_equivalence - between (MATERIALIZE)

[637/3108] (20%): ast_equivalence - case_expr WHEN/THEN/ELSE (MATERIALIZE)0.000 s: ast_equivalence - case_expr WHEN/THEN/ELSE (MATERIALIZE)

[638/3108] (20%): ast_equivalence - cast INTEGER->BIGINT (MATERIALIZE)0.000 s: ast_equivalence - cast INTEGER->BIGINT (MATERIALIZE)

[639/3108] (20%): ast_equivalence - unary_op NOT (MATERIALIZE)0.000 s: ast_equivalence - unary_op NOT (MATERIALIZE)

[640/3108] (20%): ast_equivalence - unary_op IS_NULL (MATERIALIZE)0.000 s: ast_equivalence - unary_op IS_NULL (MATERIALIZE)

[641/3108] (20%): ast_equivalence - unary_op IS_NOT_NULL (MATERIALIZE)0.000 s: ast_equivalence - unary_op IS_NOT_NULL (MATERIALIZE)

[642/3108] (20%): ast_equivalence - unary_op TRY translation (no exec)0.000 s: ast_equivalence - unary_op TRY translation (no exec)

[643/3108] (20%): ast_equivalence - coalesce (MATERIALIZE)0.000 s: ast_equivalence - coalesce (MATERIALIZE)

[644/3108] (20%): ast_equivalence - in_list IN (MATERIALIZE)0.000 s: ast_equivalence - in_list IN (MATERIALIZE)

[645/3108] (20%): ast_equivalence - in_list IN (AST_INTERPRET)0.000 s: ast_equivalence - in_list IN (AST_INTERPRET)

[646/3108] (20%): ast_equivalence - function_call add (MATERIALIZE)0.000 s: ast_equivalence - function_call add (MATERIALIZE)

[647/3108] (20%): ast_equivalence - function_call add (AST_INTERPRET)0.000 s: ast_equivalence - function_call add (AST_INTERPRET)

[648/3108] (20%): translator: column reference produces identity0.001 s: translator: column reference produces identity

[649/3108] (20%): translator: comparison EQUAL0.001 s: translator: comparison EQUAL

[650/3108] (20%): translator: comparison NOT EQUAL0.000 s: translator: comparison NOT EQUAL

[651/3108] (20%): translator: comparison LESS THAN0.000 s: translator: comparison LESS THAN

[652/3108] (20%): translator: comparison GREATER THAN0.000 s: translator: comparison GREATER THAN

[653/3108] (21%): translator: comparison LESS THAN OR EQUAL0.000 s: translator: comparison LESS THAN OR EQUAL

[654/3108] (21%): translator: comparison GREATER THAN OR EQUAL0.000 s: translator: comparison GREATER THAN OR EQUAL

[655/3108] (21%): translator: comparison between two columns0.000 s: translator: comparison between two columns

[656/3108] (21%): translator: DISTINCT FROM returns nullopt0.000 s: translator: DISTINCT FROM returns nullopt

[657/3108] (21%): translator: NULL constant returns nullopt0.000 s: translator: NULL constant returns nullopt

[658/3108] (21%): translator: join condition uses requested comparison operator0.000 s: translator: join condition uses requested comparison operator

[659/3108] (21%): translator: join condition unsupported comparison returns nullopt0.000 s: translator: join condition unsupported comparison returns nullopt

[660/3108] (21%): translator: addition col(0) + 100.000 s: translator: addition col(0) + 10

[661/3108] (21%): translator: subtraction col(0) - 30.000 s: translator: subtraction col(0) - 3

[662/3108] (21%): translator: multiplication col(0) * 20.000 s: translator: multiplication col(0) * 2

[663/3108] (21%): translator: division col(0) / 30.000 s: translator: division col(0) / 3

[664/3108] (21%): translator: integer division col(0) // 30.000 s: translator: integer division col(0) // 3

[665/3108] (21%): translator: modulo col(0) % 30.000 s: translator: modulo col(0) % 3

[666/3108] (21%): translator: col(0) + col(1)0.000 s: translator: col(0) + col(1)

[667/3108] (21%): translator: unsupported function returns nullopt0.000 s: translator: unsupported function returns nullopt

[668/3108] (21%): translator: conjunction with unsupported first child returns nullopt0.000 s: translator: conjunction with unsupported first child returns nullopt

[669/3108] (21%): translator: conjunction AND0.000 s: translator: conjunction AND

[670/3108] (21%): translator: conjunction OR0.000 s: translator: conjunction OR

[671/3108] (21%): translator: conjunction with three children0.000 s: translator: conjunction with three children

[672/3108] (21%): translator: empty conjunction returns nullopt0.000 s: translator: empty conjunction returns nullopt

[673/3108] (21%): translator: BETWEEN expression0.000 s: translator: BETWEEN expression

[674/3108] (21%): translator: BETWEEN with tight range0.000 s: translator: BETWEEN with tight range

[675/3108] (21%): translator: CAST to INT640.000 s: translator: CAST to INT64

[676/3108] (21%): translator: CAST to FLOAT640.000 s: translator: CAST to FLOAT64

[677/3108] (21%): translator: unsupported CAST returns nullopt0.000 s: translator: unsupported CAST returns nullopt

[678/3108] (21%): translator: IN operator0.000 s: translator: IN operator

[679/3108] (21%): translator: NOT IN operator0.000 s: translator: NOT IN operator

[680/3108] (21%): translator: IN with single comparator0.000 s: translator: IN with single comparator

[681/3108] (21%): translator: NOT operator0.000 s: translator: NOT operator

[682/3108] (21%): translator: IS NULL operator0.000 s: translator: IS NULL operator

[683/3108] (21%): translator: IS NOT NULL operator0.000 s: translator: IS NOT NULL operator

[684/3108] (22%): translator: CASE expression returns nullopt0.000 s: translator: CASE expression returns nullopt

[685/3108] (22%): translator: COALESCE operator returns nullopt0.000 s: translator: COALESCE operator returns nullopt

[686/3108] (22%): translator: TRY operator returns nullopt0.000 s: translator: TRY operator returns nullopt

[687/3108] (22%): translator: nested arithmetic (col(0) + 1) * (col(1) - 2)0.000 s: translator: nested arithmetic (col(0) + 1) * (col(1) - 2)

[688/3108] (22%): translator: comparison with arithmetic col(0)*2 > col(1)+30.000 s: translator: comparison with arithmetic col(0)*2 > col(1)+3

[689/3108] (22%): translator: IN combined with AND/OR and comparison0.001 s: translator: IN combined with AND/OR and comparison

[690/3108] (22%): translator: deeply nested NOT(col(0) BETWEEN 3 AND 7)0.000 s: translator: deeply nested NOT(col(0) BETWEEN 3 AND 7)

[691/3108] (22%): translator: float64 arithmetic col(0) + 0.50.000 s: translator: float64 arithmetic col(0) + 0.5

[692/3108] (22%): translator: float64 comparison col(0) < 3.50.000 s: translator: float64 comparison col(0) < 3.5

[693/3108] (22%): translator: reuse translator for multiple expressions0.000 s: translator: reuse translator for multiple expressions

[694/3108] (22%): translator: CAST(col(0) AS BIGINT) + 1000.000 s: translator: CAST(col(0) AS BIGINT) + 100

[695/3108] (22%): translator: single-row table0.000 s: translator: single-row table

[696/3108] (22%): translator: 100-row table with complex expression0.000 s: translator: 100-row table with complex expression

[697/3108] (22%): translator: decimal32 column EQUAL decimal literal0.000 s: translator: decimal32 column EQUAL decimal literal

[698/3108] (22%): translator: decimal64 column LESS decimal literal0.000 s: translator: decimal64 column LESS decimal literal

[699/3108] (22%): translator: nested decimal comparison col(0) >= 2.00 AND col(0) <= 4.000.000 s: translator: nested decimal comparison col(0) >= 2.00 AND col(0) <= 4.00

[700/3108] (22%): translator: nested decimal arithmetic returns nullopt0.000 s: translator: nested decimal arithmetic returns nullopt

[701/3108] (22%): translator: direct decimal column arithmetic returns nullopt0.000 s: translator: direct decimal column arithmetic returns nullopt

[702/3108] (22%): translator: string column EQUAL string literal0.000 s: translator: string column EQUAL string literal

[703/3108] (22%): translator: string column NOT EQUAL string literal0.000 s: translator: string column NOT EQUAL string literal

[704/3108] (22%): like_multiliteral classifier accepts %lit...% shapes0.000 s: like_multiliteral classifier accepts %lit...% shapes

[705/3108] (22%): like_multiliteral classifier refuses everything else0.000 s: like_multiliteral classifier refuses everything else

[706/3108] (22%): like_multiliteral cache classifies a pattern once under concurrency0.001 s: like_multiliteral cache classifies a pattern once under concurrency

[707/3108] (22%): like_multiliteral matches cudf on adversarial fixed rows0.002 s: null rows: mask copied, semantics identical
0.004 s: like_multiliteral matches cudf on adversarial fixed rows
0.002 s: sliced views: offsets/positions stay buffer-absolute
0.003 s: like_multiliteral matches cudf on adversarial fixed rows

[708/3108] (22%): like_multiliteral matches cudf on seeded random near-miss data0.025 s: like_multiliteral matches cudf on seeded random near-miss data

[709/3108] (22%): like_multiliteral handles column-layout edges0.001 s: INT64 offsets (large-strings layout) execute the int64 kernel instantiation
0.001 s: like_multiliteral handles column-layout edges
0.005 s: tail words use bounded loads for every remainder and offset width
0.005 s: like_multiliteral handles column-layout edges
0.000 s: misaligned chars base returns nullptr and the cudf fallback still works
0.000 s: like_multiliteral handles column-layout edges
0.000 s: empty column returns an empty BOOL8 column
0.000 s: like_multiliteral handles column-layout edges
0.000 s: all-null column: zero-byte chars buffer, validity gate does all the work
0.000 s: like_multiliteral handles column-layout edges
0.000 s: embedded NUL bytes in data rows (literals cannot contain NUL, data can)
0.000 s: like_multiliteral handles column-layout edges

[710/3108] (22%): nonduckdb proof - hand-built AST projection executes end-to-end0.000 s: nonduckdb proof - hand-built AST projection executes end-to-end

[711/3108] (22%): nonduckdb proof - test source includes no duckdb headers0.001 s: nonduckdb proof - test source includes no duckdb headers

[712/3108] (22%): estimate_referenced_column_bytes: fixed vs. single variable-width column0.000 s: fixed-width columns are sized exactly
0.000 s: estimate_referenced_column_bytes: fixed vs. single variable-width column
0.000 s: variable-width column gets the non-fixed remainder
0.000 s: estimate_referenced_column_bytes: fixed vs. single variable-width column
0.000 s: referencing every column reconstructs the total
0.000 s: estimate_referenced_column_bytes: fixed vs. single variable-width column
0.000 s: duplicate indices are counted once
0.000 s: estimate_referenced_column_bytes: fixed vs. single variable-width column
0.000 s: total smaller than the fixed total clamps the variable remainder to zero
0.000 s: estimate_referenced_column_bytes: fixed vs. single variable-width column

[713/3108] (22%): estimate_referenced_column_bytes: averages across multiple variable-width columns0.000 s: estimate_referenced_column_bytes: averages across multiple variable-width columns

[714/3108] (22%): get_cudf_type - ARRAY maps to cuDF LIST0.000 s: get_cudf_type - ARRAY maps to cuDF LIST

[715/3108] (23%): get_cudf_type - ARRAY mapping ignores child type and size0.000 s: get_cudf_type - ARRAY mapping ignores child type and size

[716/3108] (23%): GetCudfType - duckdb ARRAY maps to cuDF LIST0.000 s: GetCudfType - duckdb ARRAY maps to cuDF LIST

[717/3108] (23%): GetCudfType - duckdb ARRAY mapping is independent of child and size0.000 s: GetCudfType - duckdb ARRAY mapping is independent of child and size

[718/3108] (23%): make_empty_table - the cudf-type overload reproduces the given carriers0.000 s: make_empty_table - the cudf-type overload reproduces the given carriers

[719/3108] (23%): make_empty_table - the logical-type overload derives native carriers0.000 s: make_empty_table - the logical-type overload derives native carriers

[720/3108] (23%): make_empty_table - the logical-type overload builds nested-safe ARRAY columns0.000 s: make_empty_table - the logical-type overload builds nested-safe ARRAY columns

[721/3108] (23%): make_empty_table - the cudf-type overload refuses nested carriers0.000 s: make_empty_table - the cudf-type overload refuses nested carriers

[722/3108] (23%): make_empty_like reproduces nested LIST columns0.000 s: make_empty_like reproduces nested LIST columns

[723/3108] (23%): logical_type - default constructor yields SQLNULL0.000 s: logical_type - default constructor yields SQLNULL

[724/3108] (23%): logical_type - make() preserves type_id for every non-decimal type0.000 s: logical_type - make() preserves type_id for every non-decimal type

[725/3108] (23%): logical_type - make_decimal() stores precision and scale0.000 s: logical_type - make_decimal() stores precision and scale

[726/3108] (23%): logical_type - make_decimal precision and scale boundary values0.000 s: logical_type - make_decimal precision and scale boundary values

[727/3108] (23%): logical_type - is_decimal()0.000 s: logical_type - is_decimal()

[728/3108] (23%): logical_type - is_varchar()0.000 s: logical_type - is_varchar()

[729/3108] (23%): logical_type - is_integer()0.000 s: logical_type - is_integer()

[730/3108] (23%): logical_type - is_numeric()0.000 s: logical_type - is_numeric()

[731/3108] (23%): logical_type - is_temporal()0.000 s: logical_type - is_temporal()

[732/3108] (23%): logical_type - is_fixed_width()0.000 s: logical_type - is_fixed_width()

[733/3108] (23%): logical_type - fixed_width_byte_size() returns correct sizes0.000 s: logical_type - fixed_width_byte_size() returns correct sizes

[734/3108] (23%): logical_type - fixed_width_byte_size() throws for non-scalar types0.000 s: logical_type - fixed_width_byte_size() throws for non-scalar types

[735/3108] (23%): logical_type - to_string() returns expected names0.000 s: logical_type - to_string() returns expected names

[736/3108] (23%): logical_type - operator== and operator!=0.000 s: logical_type - operator== and operator!=

[737/3108] (23%): logical_type - make_array() stores child type and size0.000 s: logical_type - make_array() stores child type and size

[738/3108] (23%): logical_type - make_array() with size 0 means any size0.000 s: logical_type - make_array() with size 0 means any size

[739/3108] (23%): logical_type - make_array() supports nesting0.000 s: logical_type - make_array() supports nesting

[740/3108] (23%): logical_type - is_array() is false for every non-array type0.000 s: logical_type - is_array() is false for every non-array type

[741/3108] (23%): logical_type - ARRAY is not fixed-width0.000 s: logical_type - ARRAY is not fixed-width

[742/3108] (23%): logical_type - fixed_width_byte_size() throws for ARRAY0.000 s: logical_type - fixed_width_byte_size() throws for ARRAY

[743/3108] (23%): logical_type - array_child() throws when ARRAY has no child metadata0.000 s: logical_type - array_child() throws when ARRAY has no child metadata

[744/3108] (23%): logical_type - to_string() formats ARRAY with size and child0.000 s: logical_type - to_string() formats ARRAY with size and child

[745/3108] (23%): logical_type - ARRAY equality compares size and child recursively0.000 s: logical_type - ARRAY equality compares size and child recursively

[746/3108] (24%): type_conversions - from_duckdb covers all supported DuckDB types0.000 s: type_conversions - from_duckdb covers all supported DuckDB types

[747/3108] (24%): type_conversions - from_duckdb throws for unsupported DuckDB types0.000 s: type_conversions - from_duckdb throws for unsupported DuckDB types

[748/3108] (24%): type_conversions - to_duckdb round-trip for all GPU-processable types0.000 s: type_conversions - to_duckdb round-trip for all GPU-processable types

[749/3108] (24%): type_conversions - to_duckdb throws for non-GPU types0.000 s: type_conversions - to_duckdb throws for non-GPU types

[750/3108] (24%): type_conversions - from_duckdb_vec / to_duckdb_vec round-trip0.000 s: type_conversions - from_duckdb_vec / to_duckdb_vec round-trip

[751/3108] (24%): type_conversions - from_duckdb maps ARRAY to sirius ARRAY0.000 s: type_conversions - from_duckdb maps ARRAY to sirius ARRAY

[752/3108] (24%): type_conversions - ARRAY round-trips through to_duckdb / from_duckdb0.000 s: type_conversions - ARRAY round-trips through to_duckdb / from_duckdb

[753/3108] (24%): type_conversions - to_duckdb throws for ARRAY without child metadata0.000 s: type_conversions - to_duckdb throws for ARRAY without child metadata

[754/3108] (24%): numeric narrowing selects the narrowest exact signed carrier0.000 s: BIGINT traverses every narrower carrier boundary
0.000 s: numeric narrowing selects the narrowest exact signed carrier
0.000 s: INTEGER never selects its native INT32 carrier
0.000 s: numeric narrowing selects the narrowest exact signed carrier
0.000 s: SMALLINT narrows only to INT8
0.000 s: numeric narrowing selects the narrowest exact signed carrier

[755/3108] (24%): numeric narrowing selects the narrowest exact unsigned carrier0.000 s: UBIGINT traverses every narrower carrier boundary
0.000 s: numeric narrowing selects the narrowest exact unsigned carrier
0.000 s: UINTEGER and USMALLINT require a strict reduction
0.000 s: numeric narrowing selects the narrowest exact unsigned carrier

[756/3108] (24%): numeric narrowing preserves decimal semantics while reducing carrier width0.000 s: DECIMAL32 is already the narrowest supported decimal carrier
0.000 s: numeric narrowing preserves decimal semantics while reducing carrier width
0.000 s: DECIMAL64 narrows to DECIMAL32 only when raw values fit
0.000 s: numeric narrowing preserves decimal semantics while reducing carrier width
0.000 s: DECIMAL128 chooses DECIMAL32, DECIMAL64, or no reduction from raw bounds
0.000 s: numeric narrowing preserves decimal semantics while reducing carrier width

[757/3108] (24%): numeric narrowing rejects incompatible or malformed requests0.000 s: invalid ranges
0.000 s: numeric narrowing rejects incompatible or malformed requests
0.000 s: range domains must match the logical family
0.000 s: numeric narrowing rejects incompatible or malformed requests
0.000 s: decimal scale must match exactly
0.000 s: numeric narrowing rejects incompatible or malformed requests
0.000 s: excluded, sub-day temporal, and already-minimal logical types never narrow
0.000 s: numeric narrowing rejects incompatible or malformed requests

[758/3108] (24%): numeric carrier conversions are family, scale, and direction explicit0.000 s: numeric carrier conversions are family, scale, and direction explicit

[759/3108] (24%): decimal narrowing eligibility follows cuDF carrier boundaries0.000 s: decimal narrowing eligibility follows cuDF carrier boundaries

[760/3108] (24%): numeric narrowing admits DATE through its int32 representation0.000 s: narrowing_rep_type maps only TIMESTAMP_DAYS
0.000 s: numeric narrowing admits DATE through its int32 representation
0.000 s: DATE is narrowable and every other temporal type is not
0.000 s: numeric narrowing admits DATE through its int32 representation
0.000 s: DATE picks the narrowest signed carrier that holds its epoch days
0.000 s: numeric narrowing admits DATE through its int32 representation
0.000 s: DATE carriers convert as int32 in both directions
0.000 s: numeric narrowing admits DATE through its int32 representation

[761/3108] (24%): narrowing domains keep the narrowable types apart0.000 s: narrowing domains keep the narrowable types apart

[762/3108] (24%): narrowing_rep_view aliases the source buffers0.000 s: a DATE view is retagged in place
0.000 s: narrowing_rep_view aliases the source buffers
0.000 s: a sliced DATE view keeps its offset
0.000 s: narrowing_rep_view aliases the source buffers
0.000 s: carriers that are already their own representation are returned unchanged
0.000 s: narrowing_rep_view aliases the source buffers

[763/3108] (24%): cast_through_rep converts carriers cuDF refuses and defers every other cast0.003 s: cuDF refuses the direct temporal conversion
0.003 s: cast_through_rep converts carriers cuDF refuses and defers every other cast
0.000 s: DATE narrows to INT16 preserving values and nulls
0.000 s: cast_through_rep converts carriers cuDF refuses and defers every other cast
0.000 s: INT16 restores to DATE preserving values and nulls
0.000 s: cast_through_rep converts carriers cuDF refuses and defers every other cast
0.000 s: an all-null DATE column keeps its null count in both directions
0.000 s: cast_through_rep converts carriers cuDF refuses and defers every other cast
0.000 s: an empty column converts to an empty column of the target
0.000 s: cast_through_rep converts carriers cuDF refuses and defers every other cast
0.000 s: conversions needing no representation match cudf::cast exactly
0.000 s: cast_through_rep converts carriers cuDF refuses and defers every other cast
0.001 s: a conversion outside the carrier families keeps cuDF's own semantics
0.001 s: cast_through_rep converts carriers cuDF refuses and defers every other cast

[764/3108] (24%): exact numeric ranges validate target carriers0.000 s: exact numeric ranges validate target carriers

[765/3108] (24%): exact numeric minmax handles nulls and wide decimals0.000 s: signed values ignore interleaved nulls
0.000 s: exact numeric minmax handles nulls and wide decimals
0.000 s: empty and all-null columns have no exact bounds
0.000 s: exact numeric minmax handles nulls and wide decimals
0.000 s: logical overload rejects a non-native carrier
0.000 s: exact numeric minmax handles nulls and wide decimals
0.000 s: DECIMAL64 retains raw values and scale
0.000 s: exact numeric minmax handles nulls and wide decimals
0.000 s: DECIMAL128 retains values outside INT64
0.000 s: exact numeric minmax handles nulls and wide decimals
0.000 s: DATE reduces over its int32 representation
0.000 s: exact numeric minmax handles nulls and wide decimals

[766/3108] (24%): pin-time native type records the declared mapping, not the decoded carrier0.000 s: pin-time native type records the declared mapping, not the decoded carrier

[767/3108] (24%): get_query_start_time matches DuckTransaction::start_time on the default catalog0.031 s: get_query_start_time matches DuckTransaction::start_time on the default catalog

[768/3108] (24%): get_query_start_time is monotonic across committed transactions0.029 s: get_query_start_time is monotonic across committed transactions

[769/3108] (24%): compressed materialization is enabled by default0.000 s: compressed materialization is enabled by default

[770/3108] (24%): gpu_execution - compressed materialization residency gate states end to end0.064 s: tier = gpu
0.064 s: pinned-narrow serve is cast-free wherever the plan stays narrow
0.618 s: gpu_execution - compressed materialization residency gate states end to end
0.052 s: tier = host
0.052 s: pinned-narrow serve is cast-free wherever the plan stays narrow
0.479 s: gpu_execution - compressed materialization residency gate states end to end
0.030 s: pinned-native installs no narrow targets
0.476 s: gpu_execution - compressed materialization residency gate states end to end
0.013 s: a SET on one connection decides only that connection
0.432 s: gpu_execution - compressed materialization residency gate states end to end
0.027 s: unpinned installs nothing
0.445 s: gpu_execution - compressed materialization residency gate states end to end
0.036 s: cols-subset pin gates per serve-ability
0.483 s: gpu_execution - compressed materialization residency gate states end to end

[771/3108] (24%): gpu_execution - multi-file pinned-narrow serve installs the residency sidecar0.069 s: tier = gpu
0.535 s: gpu_execution - multi-file pinned-narrow serve installs the residency sidecar
0.057 s: tier = host
0.505 s: gpu_execution - multi-file pinned-narrow serve installs the residency sidecar

[772/3108] (24%): gpu_execution - tier policy retracts restore-only columns on GPU tier only0.019 s: tier = gpu
0.423 s: gpu_execution - tier policy retracts restore-only columns on GPU tier only
0.017 s: tier = host
0.508 s: gpu_execution - tier policy retracts restore-only columns on GPU tier only

[773/3108] (24%): gpu_execution - zero-benefit pruning stays discriminating on pinned-backed sidecars0.015 s: aggregate-only pinned scan ends native at the scan
0.434 s: gpu_execution - zero-benefit pruning stays discriminating on pinned-backed sidecars
0.021 s: join-key-only pinned scans end native at both scans
0.436 s: gpu_execution - zero-benefit pruning stays discriminating on pinned-backed sidecars

[774/3108] (24%): gpu_execution - a pinned DATE column narrows only with the flag on0.439 s: gpu_execution - a pinned DATE column narrows only with the flag on

[775/3108] (24%): gpu_execution - a pinned narrow DATE column round-trips through its restore boundaries0.077 s: tier = gpu
0.499 s: gpu_execution - a pinned narrow DATE column round-trips through its restore boundaries
0.064 s: tier = host
0.459 s: gpu_execution - a pinned narrow DATE column round-trips through its restore boundaries

[776/3108] (24%): gpu_execution - narrow payloads cross a partitioned exchange with a wired dynamic filter0.086 s: tier = gpu
0.552 s: gpu_execution - narrow payloads cross a partitioned exchange with a wired dynamic filter
0.085 s: tier = host
0.535 s: gpu_execution - narrow payloads cross a partitioned exchange with a wired dynamic filter

[777/3108] (25%): gpu_execution - outer joins over narrow carriers match the CPU0.002 s: the join's per-side input schema is the narrow one
0.527 s: gpu_execution - outer joins over narrow carriers match the CPU
0.032 s: results match the CPU when one side yields no row
0.597 s: gpu_execution - outer joins over narrow carriers match the CPU

[778/3108] (25%): plan shape - dynamic-filter-wired scan keeps narrow payload carriers0.482 s: plan shape - dynamic-filter-wired scan keeps narrow payload carriers

[779/3108] (25%): gpu_execution - narrow group keys cross the aggregate exchange0.578 s: gpu_execution - narrow group keys cross the aggregate exchange

[780/3108] (25%): gpu_execution COUNT(*) vs COUNT(col) with NULLs0.010 s: gpu_execution COUNT(*) vs COUNT(col) with NULLs

[781/3108] (25%): gpu_execution ungrouped SUM/MIN/MAX skip NULLs0.017 s: gpu_execution ungrouped SUM/MIN/MAX skip NULLs

[782/3108] (25%): gpu_execution GROUP BY groups NULL keys together0.008 s: gpu_execution GROUP BY groups NULL keys together

[783/3108] (25%): gpu_execution grouped SUM/AVG over NULL values0.010 s: gpu_execution grouped SUM/AVG over NULL values

[784/3108] (25%): gpu_execution grouped COUNT(DISTINCT) ignores NULLs0.027 s: gpu_execution grouped COUNT(DISTINCT) ignores NULLs

[785/3108] (25%): gpu_execution ungrouped COUNT(DISTINCT) falls back to CPU=============================================
Error in Sirius GPU execution, fallback to DuckDB
=============================================
0.008 s: gpu_execution ungrouped COUNT(DISTINCT) falls back to CPU

[786/3108] (25%): gpu_execution ungrouped AVG skips NULLs (non-null denominator)0.008 s: gpu_execution ungrouped AVG skips NULLs (non-null denominator)

[787/3108] (25%): gpu_execution ungrouped aggregates over a wholly-NULL column0.010 s: gpu_execution ungrouped aggregates over a wholly-NULL column

[788/3108] (25%): gpu_execution grouped aggregates over a wholly-NULL column0.008 s: gpu_execution grouped aggregates over a wholly-NULL column

[789/3108] (25%): gpu_execution wholly-NULL column projection preserves NULLs0.007 s: gpu_execution wholly-NULL column projection preserves NULLs

[790/3108] (25%): gpu_execution wholly-NULL column IS [NOT] NULL filters0.013 s: gpu_execution wholly-NULL column IS [NOT] NULL filters

[791/3108] (25%): gpu_execution partially-NULL column keeps its valid rows0.015 s: gpu_execution partially-NULL column keeps its valid rows

[792/3108] (25%): gpu_execution constant-valued run then all-NULL run in one row group0.014 s: gpu_execution constant-valued run then all-NULL run in one row group

[793/3108] (25%): gpu_execution large NULL-run then valid-run column0.016 s: gpu_execution large NULL-run then valid-run column

[794/3108] (25%): gpu_execution wholly-NULL column spanning multiple row groups0.011 s: gpu_execution wholly-NULL column spanning multiple row groups

[795/3108] (25%): gpu_execution wholly-NULL VARCHAR column0.014 s: gpu_execution wholly-NULL VARCHAR column

[796/3108] (25%): gpu_execution array - scan INTEGER[3] passthrough0.009 s: gpu_execution array - scan INTEGER[3] passthrough

[797/3108] (25%): gpu_execution array - fully NULL array column0.017 s: gpu_execution array - fully NULL array column

[798/3108] (25%): gpu_execution array - arrays of all-NULL elements0.024 s: gpu_execution array - arrays of all-NULL elements

[799/3108] (25%): gpu_execution array - element types DOUBLE and BIGINT0.014 s: gpu_execution array - element types DOUBLE and BIGINT

[800/3108] (25%): gpu_execution array - signed integer element widths 1/2/4/8 bytes0.023 s: gpu_execution array - signed integer element widths 1/2/4/8 bytes

[801/3108] (25%): gpu_execution array - unsigned integer element widths 1/2/4/8 bytes0.024 s: gpu_execution array - unsigned integer element widths 1/2/4/8 bytes

[802/3108] (25%): gpu_execution array - FLOAT elements (embedding-style vectors)0.040 s: gpu_execution array - FLOAT elements (embedding-style vectors)

[803/3108] (25%): gpu_execution array - single-element arrays (array_size == 1)0.030 s: gpu_execution array - single-element arrays (array_size == 1)

[804/3108] (25%): gpu_execution array - multiple ARRAY columns in one table0.050 s: gpu_execution array - multiple ARRAY columns in one table

[805/3108] (25%): gpu_execution array - rowid projected alongside an ARRAY column0.030 s: gpu_execution array - rowid projected alongside an ARRAY column

[806/3108] (25%): gpu_execution array - NULL arrays carry list-level validity0.007 s: gpu_execution array - NULL arrays carry list-level validity

[807/3108] (25%): gpu_execution array - NULL elements carry child-level validity0.007 s: gpu_execution array - NULL elements carry child-level validity

[808/3108] (25%): gpu_execution array - NULL arrays and elements span multiple scan batches0.029 s: gpu_execution array - NULL arrays and elements span multiple scan batches

[809/3108] (26%): gpu_execution array - NULL arrays survive an ORDER BY0.009 s: gpu_execution array - NULL arrays survive an ORDER BY

[810/3108] (26%): gpu_execution array - NULL arrays survive an ORDER BY across scan batches0.032 s: gpu_execution array - NULL arrays survive an ORDER BY across scan batches

[811/3108] (26%): gpu_execution array - CONSTANT-compressed child data0.023 s: gpu_execution array - CONSTANT-compressed child data

[812/3108] (26%): gpu_execution array - compressed child data codecs (RLE/BitPacking/ALP)0.095 s: gpu_execution array - compressed child data codecs (RLE/BitPacking/ALP)

[813/3108] (26%): gpu_execution array - array column survives a filter0.008 s: gpu_execution array - array column survives a filter

[814/3108] (26%): gpu_execution array - array projected while a filter prunes a row group0.250 s: gpu_execution array - array projected while a filter prunes a row group

[815/3108] (26%): gpu_execution array - fully pruned ARRAY scan through ORDER BY LIMIT0.016 s: gpu_execution array - fully pruned ARRAY scan through ORDER BY LIMIT

[816/3108] (26%): gpu_execution array - join against a fully pruned ARRAY side0.016 s: gpu_execution array - join against a fully pruned ARRAY side

[817/3108] (26%): gpu_execution array - many rows span multiple scan batches0.029 s: gpu_execution array - many rows span multiple scan batches

[818/3108] (26%): gpu_execution dense count-join: COUNT(col) grouped by the LEFT-join key0.014 s: gpu_execution dense count-join: COUNT(col) grouped by the LEFT-join key

[819/3108] (26%): gpu_execution dense count-join: COUNT(*) and nullable COUNT(col) semantics0.017 s: gpu_execution dense count-join: COUNT(*) and nullable COUNT(col) semantics

[820/3108] (26%): gpu_execution dense count-join: RIGHT-join orientation0.013 s: gpu_execution dense count-join: RIGHT-join orientation

[821/3108] (26%): gpu_execution dense count-join: full q13 distribution shape with ORDER BY0.016 s: gpu_execution dense count-join: full q13 distribution shape with ORDER BY

[822/3108] (26%): gpu_execution dense count-join: sparse strategy under a tiny histogram budget0.021 s: gpu_execution dense count-join: sparse strategy under a tiny histogram budget

[823/3108] (26%): gpu_execution dense count-join: disabled knob keeps the join plan correct0.013 s: gpu_execution dense count-join: disabled knob keeps the join plan correct

[824/3108] (26%): gpu_execution dense count-join: scoped settings restore during unwinding0.010 s: gpu_execution dense count-join: scoped settings restore during unwinding

[825/3108] (26%): gpu_execution dense count-join: runtime-empty sides0.019 s: gpu_execution dense count-join: runtime-empty sides

[826/3108] (26%): gpu_execution dense count-join: nested hash join on the counted side0.039 s: gpu_execution dense count-join: nested hash join on the counted side

[827/3108] (26%): gpu_execution dense count-join: nested hash join on the preserved side0.038 s: gpu_execution dense count-join: nested hash join on the preserved side

[828/3108] (26%): gpu_execution dense count-join: GROUP BY + HAVING subquery on the counted side0.035 s: gpu_execution dense count-join: GROUP BY + HAVING subquery on the counted side

[829/3108] (26%): gpu_execution dense count-join: merge fusion under a streaming root feeding the join0.024 s: gpu_execution dense count-join: merge fusion under a streaming root feeding the join

[830/3108] (26%): gpu_execution dense count-join: RIGHT-join orientation with a nested preserved input0.025 s: gpu_execution dense count-join: RIGHT-join orientation with a nested preserved input

[831/3108] (26%): gpu_execution dense count-join: nested inputs that are empty at runtime0.024 s: gpu_execution dense count-join: nested inputs that are empty at runtime

[832/3108] (26%): gpu_execution dense count-join: delim join below the preserved input's root0.045 s: gpu_execution dense count-join: delim join below the preserved input's root

[833/3108] (26%): gpu_execution dense count-join: matched key with only NULL COUNT arguments0.041 s: gpu_execution dense count-join: matched key with only NULL COUNT arguments

[834/3108] (26%): gpu_execution - dynamic filters over duckdb-native tables0.008 s: selective membership filter on the probe scan
0.010 s: gpu_execution - dynamic filters over duckdb-native tables
0.008 s: membership filter composed with a probe-side static filter
0.009 s: gpu_execution - dynamic filters over duckdb-native tables
0.008 s: opt-in zone map rides the post-decode AST row-mask path
0.009 s: gpu_execution - dynamic filters over duckdb-native tables

[835/3108] (26%): gpu_execution - dynamic-filter domain-coverage gate0.008 s: a domain-covering build publishes nothing
0.009 s: gpu_execution - dynamic-filter domain-coverage gate
0.008 s: a selective build publishes normally
0.008 s: gpu_execution - dynamic-filter domain-coverage gate
0.014 s: threshold 2.0 disables the gate and restores publish-always behavior
0.015 s: gpu_execution - dynamic-filter domain-coverage gate
0.031 s: Invariant N holds across the suite's join shapes at the default threshold
0.031 s: gpu_execution - dynamic-filter domain-coverage gate

[836/3108] (26%): gpu_execution - opaque-build and build-block routes preserve results0.014 s: a key on the inner join's build side, reached by build-block descent
0.014 s: gpu_execution - opaque-build and build-block routes preserve results
0.013 s: a LEFT join in the query keeps results identical while SIP is active
0.014 s: gpu_execution - opaque-build and build-block routes preserve results
0.013 s: a RIGHT join admits build-block descent
0.014 s: gpu_execution - opaque-build and build-block routes preserve results
0.014 s: a FULL OUTER join admits build-block descent under equality semantics
0.014 s: gpu_execution - opaque-build and build-block routes preserve results
0.040 s: RIGHT, FULL OUTER, and ANTI joins admit probe-block descent
0.040 s: gpu_execution - opaque-build and build-block routes preserve results
0.013 s: a null-equal producing condition still returns identical results
0.014 s: gpu_execution - opaque-build and build-block routes preserve results
0.014 s: an endpoint whose channel receives no filter passes rows through
0.014 s: gpu_execution - opaque-build and build-block routes preserve results
0.016 s: a single-partition MIXED_JOIN publishes through the partition fold
0.017 s: gpu_execution - opaque-build and build-block routes preserve results
0.034 s: a multi-partition build publishes nothing
0.035 s: gpu_execution - opaque-build and build-block routes preserve results
0.010 s: an unfiltered aggregate build supplies no publication evidence
0.011 s: gpu_execution - opaque-build and build-block routes preserve results
0.018 s: TPC-H q17: a delim-scan build wires only through opaque-build evidence
0.018 s: gpu_execution - opaque-build and build-block routes preserve results

[837/3108] (26%): gpu_execution IS NULL / IS NOT NULL per column type0.004 s: i IS NULL
0.010 s: gpu_execution IS NULL / IS NOT NULL per column type
0.003 s: i IS NOT NULL
0.008 s: gpu_execution IS NULL / IS NOT NULL per column type
0.003 s: b IS NULL
0.007 s: gpu_execution IS NULL / IS NOT NULL per column type
0.003 s: b IS NOT NULL
0.009 s: gpu_execution IS NULL / IS NOT NULL per column type
0.003 s: dec IS NULL
0.007 s: gpu_execution IS NULL / IS NOT NULL per column type
0.004 s: dec IS NOT NULL
0.008 s: gpu_execution IS NULL / IS NOT NULL per column type
0.003 s: dbl IS NULL
0.008 s: gpu_execution IS NULL / IS NOT NULL per column type
0.003 s: dbl IS NOT NULL
0.007 s: gpu_execution IS NULL / IS NOT NULL per column type
0.003 s: s IS NULL
0.008 s: gpu_execution IS NULL / IS NOT NULL per column type
0.003 s: s IS NOT NULL
0.008 s: gpu_execution IS NULL / IS NOT NULL per column type
0.002 s: dt IS NULL
0.007 s: gpu_execution IS NULL / IS NOT NULL per column type
0.003 s: dt IS NOT NULL
0.008 s: gpu_execution IS NULL / IS NOT NULL per column type

[838/3108] (26%): gpu_execution comparison predicates filter NULL results (three-valued)0.003 s: i = 10
0.007 s: gpu_execution comparison predicates filter NULL results (three-valued)
0.003 s: dec = 10.50
0.008 s: gpu_execution comparison predicates filter NULL results (three-valued)
0.003 s: i <> 10
0.009 s: gpu_execution comparison predicates filter NULL results (three-valued)
0.003 s: dec <> 10.50
0.007 s: gpu_execution comparison predicates filter NULL results (three-valued)
0.003 s: i < 10
0.009 s: gpu_execution comparison predicates filter NULL results (three-valued)
0.003 s: dec < 10.50
0.007 s: gpu_execution comparison predicates filter NULL results (three-valued)
0.003 s: i <= 10
0.007 s: gpu_execution comparison predicates filter NULL results (three-valued)
0.003 s: dec <= 10.50
0.009 s: gpu_execution comparison predicates filter NULL results (three-valued)
0.003 s: i > 10
0.008 s: gpu_execution comparison predicates filter NULL results (three-valued)
0.003 s: dec > 10.50
0.007 s: gpu_execution comparison predicates filter NULL results (three-valued)
0.003 s: i >= 10
0.008 s: gpu_execution comparison predicates filter NULL results (three-valued)
0.003 s: dec >= 10.50
0.007 s: gpu_execution comparison predicates filter NULL results (three-valued)

[839/3108] (26%): gpu_execution IS [NOT] DISTINCT FROM treats NULL as a value0.021 s: gpu_execution IS [NOT] DISTINCT FROM treats NULL as a value

[840/3108] (27%): gpu_execution three-valued AND / NOT0.011 s: gpu_execution three-valued AND / NOT

[841/3108] (27%): gpu_execution three-valued OR, TRUE-OR-NULL branch0.007 s: gpu_execution three-valued OR, TRUE-OR-NULL branch

[842/3108] (27%): gpu_execution three-valued OR, IS-NULL-OR-match branch0.007 s: gpu_execution three-valued OR, IS-NULL-OR-match branch

[843/3108] (27%): gpu_execution BETWEEN and IN with NULLs0.017 s: gpu_execution BETWEEN and IN with NULLs

[844/3108] (27%): gpu_execution COALESCE / NULLIF / CASE projections propagate NULL0.022 s: gpu_execution COALESCE / NULLIF / CASE projections propagate NULL

[845/3108] (27%): gpu_execution arithmetic propagates NULL0.018 s: gpu_execution arithmetic propagates NULL

[846/3108] (27%): gpu_execution CAST propagates NULL0.012 s: gpu_execution CAST propagates NULL

[847/3108] (27%): gpu_execution string functions propagate NULL0.014 s: gpu_execution string functions propagate NULL

[848/3108] (27%): gpu_execution concat() ignores NULL arguments0.014 s: gpu_execution concat() ignores NULL arguments

[849/3108] (27%): gpu_execution || operator propagates NULL0.012 s: gpu_execution || operator propagates NULL

[850/3108] (27%): gpu_execution date functions propagate NULL0.016 s: gpu_execution date functions propagate NULL

[851/3108] (27%): gpu_execution INNER join does not match NULL keys0.016 s: gpu_execution INNER join does not match NULL keys

[852/3108] (27%): gpu_execution LEFT join NULL-pads unmatched (including NULL-key) rows0.009 s: gpu_execution LEFT join NULL-pads unmatched (including NULL-key) rows

[853/3108] (27%): gpu_execution RIGHT join NULL-pads unmatched (including NULL-key) rows0.009 s: gpu_execution RIGHT join NULL-pads unmatched (including NULL-key) rows

[854/3108] (27%): gpu_execution FULL OUTER join NULL-pads both sides0.010 s: gpu_execution FULL OUTER join NULL-pads both sides

[855/3108] (27%): gpu_execution SEMI / ANTI join (EXISTS / NOT EXISTS) with NULL keys0.014 s: gpu_execution SEMI / ANTI join (EXISTS / NOT EXISTS) with NULL keys

[856/3108] (27%): gpu_execution MARK join (IN) emits TRUE/FALSE/NULL0.017 s: gpu_execution MARK join (IN) emits TRUE/FALSE/NULL

[857/3108] (27%): preferred_device_id defaults to nullopt0.000 s: preferred_device_id defaults to nullopt

[858/3108] (27%): preferred_device_id can be set and retrieved0.000 s: preferred_device_id can be set and retrieved

[859/3108] (27%): pipeline tasks can have different preferred_device_ids0.000 s: pipeline tasks can have different preferred_device_ids

[860/3108] (27%): global state preferred_device_id serves as pipeline default0.000 s: global state preferred_device_id serves as pipeline default

[861/3108] (27%): local state preferred_device_id takes precedence over global0.000 s: local state preferred_device_id takes precedence over global

[862/3108] (27%): NUMA-to-GPU mapping selects first GPU per NUMA node0.000 s: NUMA-to-GPU mapping selects first GPU per NUMA node

[863/3108] (27%): locality score selects GPU with most bytes0.000 s: locality score selects GPU with most bytes

[864/3108] (27%): locality score falls back to NUMA when data only on HOST0.000 s: locality score falls back to NUMA when data only on HOST

[865/3108] (27%): adaptive scan + P2P path distributes asymmetric preload (MGPU-07)-------------------------------------------------------------------------------
adaptive scan + P2P path distributes asymmetric preload (MGPU-07)
-------------------------------------------------------------------------------
/home/prestouser/aocsa/sirius-stacks-wt/fix-oom-failfast/test/cpp/integration/test_gpu_execution_locality.cpp:254
...............................................................................

/home/prestouser/aocsa/sirius-stacks-wt/fix-oom-failfast/test/cpp/integration/test_gpu_execution_locality.cpp:260: warning:
  requires 2+ GPUs for MGPU-07 adaptive scan + P2P scenario -- skipping

0.000 s: adaptive scan + P2P path distributes asymmetric preload (MGPU-07)

[866/3108] (27%): proportional distribution algorithm distributes by memory0.000 s: proportional distribution algorithm distributes by memory

[867/3108] (27%): proportional distribution falls back to round-robin when all full0.000 s: proportional distribution falls back to round-robin when all full

[868/3108] (27%): gpu_execution hive partition count star completes under watchdogFilters: gpu_execution hive partition watchdog child runner

[0/1] (0%): gpu_execution hive partition watchdog child runner
[1/1] (100%): gpu_execution hive partition watchdog child runner
===============================================================================
All tests passed (3 assertions in 1 test case)

2.428 s: hive count star
2.433 s: gpu_execution hive partition count star completes under watchdog
Filters: gpu_execution hive partition watchdog child runner

[0/1] (0%): gpu_execution hive partition watchdog child runner
[1/1] (100%): gpu_execution hive partition watchdog child runner
===============================================================================
All tests passed (3 assertions in 1 test case)

2.424 s: flat count star control
2.428 s: gpu_execution hive partition count star completes under watchdog
Filters: gpu_execution hive partition watchdog child runner

[0/1] (0%): gpu_execution hive partition watchdog child runner
[1/1] (100%): gpu_execution hive partition watchdog child runner
===============================================================================
All tests passed (3 assertions in 1 test case)

2.525 s: partition-filtered count star
2.528 s: gpu_execution hive partition count star completes under watchdog
Filters: gpu_execution hive partition watchdog child runner

[0/1] (0%): gpu_execution hive partition watchdog child runner
[1/1] (100%): gpu_execution hive partition watchdog child runner
===============================================================================
All tests passed (3 assertions in 1 test case)

2.476 s: partition column select
2.478 s: gpu_execution hive partition count star completes under watchdog

[869/3108] (27%): gpu_execution hive partition - unescapes varchar partition values0.007 s: projects a space-escaped partition column
0.009 s: gpu_execution hive partition - unescapes varchar partition values
0.005 s: projects data and a space-escaped partition column
0.006 s: gpu_execution hive partition - unescapes varchar partition values
0.005 s: unescapes a slash
0.006 s: gpu_execution hive partition - unescapes varchar partition values
0.005 s: unescapes a percent sign
0.006 s: gpu_execution hive partition - unescapes varchar partition values
0.004 s: unescapes multiple sequences in one value
0.005 s: gpu_execution hive partition - unescapes varchar partition values
0.004 s: unescapes every partition column
0.005 s: gpu_execution hive partition - unescapes varchar partition values
0.004 s: preserves an unescaped partition value
0.005 s: gpu_execution hive partition - unescapes varchar partition values

[870/3108] (27%): gpu_execution null-safe join matches NULL to NULL (IS NOT DISTINCT FROM)0.015 s: gpu_execution null-safe join matches NULL to NULL (IS NOT DISTINCT FROM)

[871/3108] (28%): gpu_execution plain '=' join still drops NULL keys0.014 s: gpu_execution plain '=' join still drops NULL keys

[872/3108] (28%): gpu_execution null-safe LEFT join matches NULL and pads unmatched0.009 s: gpu_execution null-safe LEFT join matches NULL and pads unmatched

[873/3108] (28%): gpu_execution null-safe FULL OUTER join matches NULL to NULL0.011 s: gpu_execution null-safe FULL OUTER join matches NULL to NULL

[874/3108] (28%): gpu_execution null-safe RIGHT join hits the right-family path (no swap)0.010 s: gpu_execution null-safe RIGHT join hits the right-family path (no swap)

[875/3108] (28%): gpu_execution mixed '=' and IS NOT DISTINCT FROM join runs on GPU0.013 s: gpu_execution mixed '=' and IS NOT DISTINCT FROM join runs on GPU

[876/3108] (28%): gpu_execution mixed '=' + null-safe INNER join matches NULL to NULL0.016 s: gpu_execution mixed '=' + null-safe INNER join matches NULL to NULL

[877/3108] (28%): gpu_execution mixed '=' + null-safe LEFT join matches NULL and pads unmatched0.012 s: gpu_execution mixed '=' + null-safe LEFT join matches NULL and pads unmatched

[878/3108] (28%): gpu_execution mixed '=' + null-safe SEMI and ANTI joins0.024 s: gpu_execution mixed '=' + null-safe SEMI and ANTI joins

[879/3108] (28%): gpu_execution mixed '=' + null-safe FULL OUTER join matches NULL to NULL0.010 s: gpu_execution mixed '=' + null-safe FULL OUTER join matches NULL to NULL

[880/3108] (28%): gpu_execution mixed '=' + null-safe RIGHT join hits the right-family path (no swap)0.010 s: gpu_execution mixed '=' + null-safe RIGHT join hits the right-family path (no swap)

[881/3108] (28%): gpu_execution mixed '=' + null-safe join with an AST-untranslatable cast0.016 s: gpu_execution mixed '=' + null-safe join with an AST-untranslatable cast

[882/3108] (28%): gpu_execution mixed '=' + null-safe join with a cast and no NULLs0.011 s: gpu_execution mixed '=' + null-safe join with a cast and no NULLs

[883/3108] (28%): gpu_execution mixed '=' + null-safe join with an AST-translatable cast0.010 s: gpu_execution mixed '=' + null-safe join with an AST-translatable cast

[884/3108] (28%): gpu_execution mixed-type null-safe join does not leak the materialized key0.016 s: gpu_execution mixed-type null-safe join does not leak the materialized key

[885/3108] (28%): gpu_execution mixed plain + null-safe MARK join falls back at plan time0.008 s: gpu_execution mixed plain + null-safe MARK join falls back at plan time

[886/3108] (28%): gpu_execution all-null-safe MARK join runs on GPU with definite marks0.014 s: gpu_execution all-null-safe MARK join runs on GPU with definite marks

[887/3108] (28%): gpu_execution correlated projected EXISTS keeps definite marks on GPU0.016 s: gpu_execution correlated projected EXISTS keeps definite marks on GPU

[888/3108] (28%): gpu_execution null-safe MARK rejection does not spill onto plain IN/EXISTS0.015 s: gpu_execution null-safe MARK rejection does not spill onto plain IN/EXISTS

[889/3108] (28%): gpu_execution ORDER BY places NULLs correctly for ASC and DESC0.049 s: ASC NULLS FIRST
0.056 s: gpu_execution ORDER BY places NULLs correctly for ASC and DESC
0.046 s: ASC NULLS LAST
0.052 s: gpu_execution ORDER BY places NULLs correctly for ASC and DESC
0.046 s: DESC NULLS FIRST
0.052 s: gpu_execution ORDER BY places NULLs correctly for ASC and DESC
0.046 s: DESC NULLS LAST
0.052 s: gpu_execution ORDER BY places NULLs correctly for ASC and DESC

[890/3108] (28%): gpu_execution TOP-N single-key places NULLs correctly for ASC and DESC0.003 s: ASC NULLS FIRST
0.008 s: gpu_execution TOP-N single-key places NULLs correctly for ASC and DESC
0.003 s: ASC NULLS LAST
0.008 s: gpu_execution TOP-N single-key places NULLs correctly for ASC and DESC
0.004 s: DESC NULLS FIRST
0.009 s: gpu_execution TOP-N single-key places NULLs correctly for ASC and DESC
0.004 s: DESC NULLS LAST
0.008 s: gpu_execution TOP-N single-key places NULLs correctly for ASC and DESC

[891/3108] (28%): gpu_execution TOP-N multi-key places NULLs correctly for ASC and DESC0.004 s: ASC NULLS FIRST
0.009 s: gpu_execution TOP-N multi-key places NULLs correctly for ASC and DESC
0.004 s: ASC NULLS LAST
0.010 s: gpu_execution TOP-N multi-key places NULLs correctly for ASC and DESC
0.004 s: DESC NULLS FIRST
0.009 s: gpu_execution TOP-N multi-key places NULLs correctly for ASC and DESC
0.004 s: DESC NULLS LAST
0.009 s: gpu_execution TOP-N multi-key places NULLs correctly for ASC and DESC

[892/3108] (28%): parquet nulls — wholly-NULL column projection preserves NULLs0.090 s: parquet nulls — wholly-NULL column projection preserves NULLs

[893/3108] (28%): parquet nulls — COUNT(*) vs COUNT(col) on wholly-NULL columns0.093 s: parquet nulls — COUNT(*) vs COUNT(col) on wholly-NULL columns

[894/3108] (28%): parquet nulls — aggregates skip NULLs on wholly-NULL columns0.101 s: parquet nulls — aggregates skip NULLs on wholly-NULL columns

[895/3108] (28%): parquet nulls — IS NULL / IS NOT NULL on wholly-NULL column0.097 s: parquet nulls — IS NULL / IS NOT NULL on wholly-NULL column

[896/3108] (28%): parquet nulls — column-pruned scan projecting only a wholly-NULL column0.104 s: parquet nulls — column-pruned scan projecting only a wholly-NULL column

[897/3108] (28%): parquet nulls — column-pruned scan projecting only a partially-NULL column0.092 s: parquet nulls — column-pruned scan projecting only a partially-NULL column

[898/3108] (28%): parquet nulls — partially-NULL columns keep their valid rows across all types0.084 s: parquet nulls — partially-NULL columns keep their valid rows across all types

[899/3108] (28%): parquet nulls — aggregates over partially-NULL columns across all types0.114 s: parquet nulls — aggregates over partially-NULL columns across all types

[900/3108] (28%): parquet nulls — floating-point aggregates over partially-NULL columns0.086 s: parquet nulls — floating-point aggregates over partially-NULL columns

[901/3108] (28%): parquet nulls — IS NULL / IS NOT NULL across partially-NULL types0.142 s: parquet nulls — IS NULL / IS NOT NULL across partially-NULL types

[902/3108] (29%): parquet nulls — COALESCE on partially-NULL column0.090 s: parquet nulls — COALESCE on partially-NULL column

[903/3108] (29%): parquet nulls — CASE expression over partially-NULL column0.086 s: parquet nulls — CASE expression over partially-NULL column

[904/3108] (29%): parquet nulls — dictionary-encoded string column with nulls projection0.043 s: parquet nulls — dictionary-encoded string column with nulls projection

[905/3108] (29%): parquet nulls — IS NULL on dictionary-encoded column0.049 s: parquet nulls — IS NULL on dictionary-encoded column

[906/3108] (29%): parquet nulls — GROUP BY dictionary-encoded column with nulls0.045 s: parquet nulls — GROUP BY dictionary-encoded column with nulls

[907/3108] (29%): parquet nulls — numeric column with nulls aggregates0.041 s: parquet nulls — numeric column with nulls aggregates

[908/3108] (29%): parquet nulls — filter on nullable numeric column0.049 s: parquet nulls — filter on nullable numeric column

[909/3108] (29%): parquet nulls — wholly-NULL column across multiple row groups0.062 s: parquet nulls — wholly-NULL column across multiple row groups

[910/3108] (29%): parquet nulls — partially-NULL column across multiple row groups0.099 s: parquet nulls — partially-NULL column across multiple row groups

[911/3108] (29%): parquet nulls — dense zero-NULL columns produce no spurious NULLs0.059 s: parquet nulls — dense zero-NULL columns produce no spurious NULLs

[912/3108] (29%): parquet nulls — constant-valid run followed by an all-NULL run0.079 s: parquet nulls — constant-valid run followed by an all-NULL run

[913/3108] (29%): parquet nulls — long NULL prefix followed by a valid suffix0.076 s: parquet nulls — long NULL prefix followed by a valid suffix

[914/3108] (29%): parquet nulls — run-shaped columns projected alone0.049 s: parquet nulls — run-shaped columns projected alone

[915/3108] (29%): parquet nulls — FLBA decimal projection preserves NULLs0.047 s: parquet nulls — FLBA decimal projection preserves NULLs

[916/3108] (29%): parquet nulls — FLBA decimal aggregates skip NULLs0.053 s: parquet nulls — FLBA decimal aggregates skip NULLs

[917/3108] (29%): parquet nulls — filter on FLBA decimal with NULLs (post-decode path)0.076 s: parquet nulls — filter on FLBA decimal with NULLs (post-decode path)

[918/3108] (29%): parquet nulls — FLBA decimal projected alone0.057 s: parquet nulls — FLBA decimal projected alone

[919/3108] (29%): semantic cast - TRY_CAST(DATE AS SMALLINT) falls back and returns NULLs0.007 s: semantic cast - TRY_CAST(DATE AS SMALLINT) falls back and returns NULLs

[920/3108] (29%): semantic cast - TRY_CAST(SMALLINT AS DATE) falls back and returns NULLs0.006 s: semantic cast - TRY_CAST(SMALLINT AS DATE) falls back and returns NULLs

[921/3108] (29%): semantic cast - CAST(SMALLINT AS DATE) falls back and errors like the CPU0.010 s: semantic cast - CAST(SMALLINT AS DATE) falls back and errors like the CPU

[922/3108] (29%): semantic cast - CAST(DATE AS SMALLINT) falls back and errors like the CPU0.006 s: semantic cast - CAST(DATE AS SMALLINT) falls back and errors like the CPU

[923/3108] (29%): semantic cast - a filter over TRY_CAST(DATE AS SMALLINT) falls back0.008 s: semantic cast - a filter over TRY_CAST(DATE AS SMALLINT) falls back

[924/3108] (29%): semantic cast - with fallback disabled the plan is rejected, never tunneled0.010 s: semantic cast - with fallback disabled the plan is rejected, never tunneled

[925/3108] (29%): semantic cast - positive control: cast_t stays GPU-plannable0.013 s: semantic cast - positive control: cast_t stays GPU-plannable

[926/3108] (29%): semantic cast - the gate covers every temporal/numeric family pair, not VARCHAR0.002 s: TIMESTAMP <-> BIGINT is rejected
0.006 s: semantic cast - the gate covers every temporal/numeric family pair, not VARCHAR
0.001 s: DECIMAL <-> temporal is rejected
0.006 s: semantic cast - the gate covers every temporal/numeric family pair, not VARCHAR
=============================================
Error in Sirius GPU execution, fallback to DuckDB
=============================================
0.003 s: temporal -> VARCHAR is not gated at translation
0.008 s: semantic cast - the gate covers every temporal/numeric family pair, not VARCHAR

[927/3108] (29%): parquet IS NULL predicate does not crash row-group pruning0.060 s: parquet IS NULL predicate does not crash row-group pruning

[928/3108] (29%): parquet partially-pushed conjunction still applies the null predicate0.080 s: parquet partially-pushed conjunction still applies the null predicate

[929/3108] (29%): parquet un-splittable OR with a null predicate0.051 s: parquet un-splittable OR with a null predicate

[930/3108] (29%): parquet nested IS NOT NULL does not crash0.057 s: parquet nested IS NOT NULL does not crash

[931/3108] (29%): parquet null predicates return correct rows without pushdown0.069 s: parquet null predicates return correct rows without pushdown

[932/3108] (29%): parquet hive scan applies the null predicate after a partial push0.056 s: parquet hive scan applies the null predicate after a partial push

[933/3108] (30%): parquet hive scan with a bare null predicate0.059 s: parquet hive scan with a bare null predicate

[934/3108] (30%): parquet hive scan combining partition column and null predicate0.068 s: parquet hive scan combining partition column and null predicate

[935/3108] (30%): parquet bare boolean column predicate does not crash0.060 s: parquet bare boolean column predicate does not crash

[936/3108] (30%): parquet predicate shapes that remain pushable0.064 s: parquet predicate shapes that remain pushable

[937/3108] (30%): query lifecycle slot is released for an unconsumed resultFilters: query lifecycle slot watchdog child runner

[0/1] (0%): query lifecycle slot watchdog child runner
[1/1] (100%): query lifecycle slot watchdog child runner
===============================================================================
All tests passed (2 assertions in 1 test case)

3.280 s: unconsumed streaming result (cross-connection)
3.281 s: query lifecycle slot is released for an unconsumed result
Filters: query lifecycle slot watchdog child runner

[0/1] (0%): query lifecycle slot watchdog child runner
[1/1] (100%): query lifecycle slot watchdog child runner
===============================================================================
test cases: 1 | 1 passed
assertions: - none -

3.578 s: unexecuted pending result
3.578 s: query lifecycle slot is released for an unconsumed result
Filters: query lifecycle slot watchdog child runner

[0/1] (0%): query lifecycle slot watchdog child runner
[1/1] (100%): query lifecycle slot watchdog child runner
===============================================================================
test cases: 1 | 1 passed
assertions: - none -

3.128 s: cached prepared, no rebind
3.128 s: query lifecycle slot is released for an unconsumed result

[938/3108] (30%): pending result releases the slot before a GPU follow-upFilters: query lifecycle slot watchdog child runner

[0/1] (0%): query lifecycle slot watchdog child runner
[1/1] (100%): query lifecycle slot watchdog child runner
===============================================================================
All tests passed (3 assertions in 1 test case)

2.979 s: pending result releases the slot before a GPU follow-up

[939/3108] (30%): concurrent transparent GPU queries both complete correctlyFilters: query lifecycle slot watchdog child runner

[0/1] (0%): query lifecycle slot watchdog child runner
[1/1] (100%): query lifecycle slot watchdog child runner
===============================================================================
All tests passed (1 assertion in 1 test case)

3.328 s: concurrent transparent GPU queries both complete correctly

[940/3108] (30%): a CPU query completes before an in-flight GPU queryFilters: query lifecycle slot watchdog child runner

[0/1] (0%): query lifecycle slot watchdog child runner
[1/1] (100%): query lifecycle slot watchdog child runner
===============================================================================
All tests passed (1 assertion in 1 test case)

3.781 s: a CPU query completes before an in-flight GPU query

[941/3108] (30%): concurrent prepared planning preserves query ownershipFilters: query lifecycle slot watchdog child runner

[0/1] (0%): query lifecycle slot watchdog child runner
[1/1] (100%): query lifecycle slot watchdog child runner
===============================================================================
test cases: 1 | 1 passed
assertions: - none -

3.229 s: concurrent prepared planning preserves query ownership

[942/3108] (30%): explicit prepared execution observes a pin-state changeFilters: query lifecycle slot watchdog child runner

[0/1] (0%): query lifecycle slot watchdog child runner
[1/1] (100%): query lifecycle slot watchdog child runner
===============================================================================
test cases: 1 | 1 passed
assertions: - none -

3.128 s: explicit prepared execution observes a pin-state change

[943/3108] (30%): stale capture is not consumed after a planning generation changeFilters: query lifecycle slot watchdog child runner

[0/1] (0%): query lifecycle slot watchdog child runner
[1/1] (100%): query lifecycle slot watchdog child runner
===============================================================================
All tests passed (2 assertions in 1 test case)

3.078 s: stale capture is not consumed after a planning generation change

[944/3108] (30%): extension load unions optimizer masks with the user settingFilters: query lifecycle slot watchdog child runner

[0/1] (0%): query lifecycle slot watchdog child runner
[1/1] (100%): query lifecycle slot watchdog child runner
===============================================================================
test cases: 1 | 1 passed
assertions: - none -

3.129 s: extension load unions optimizer masks with the user setting

[945/3108] (30%): an unavailable runtime keeps CPU paths usable and rejects shared-runtime settingsFilters: query lifecycle slot watchdog child runner

[0/1] (0%): query lifecycle slot watchdog child runner
[1/1] (100%): query lifecycle slot watchdog child runner
===============================================================================
All tests passed (1 assertion in 1 test case)

3.228 s: an unavailable runtime keeps CPU paths usable and rejects shared-runtime settings

[946/3108] (30%): a binding error does not retain lifecycle stateFilters: query lifecycle slot watchdog child runner

[0/1] (0%): query lifecycle slot watchdog child runner
[1/1] (100%): query lifecycle slot watchdog child runner
===============================================================================
All tests passed (1 assertion in 1 test case)

3.029 s: a binding error does not retain lifecycle state

[947/3108] (30%): operator ids restart for each repeated executionFilters: query lifecycle slot watchdog child runner

[0/1] (0%): query lifecycle slot watchdog child runner
[1/1] (100%): query lifecycle slot watchdog child runner
===============================================================================
All tests passed (1 assertion in 1 test case)

3.028 s: operator ids restart for each repeated execution

[948/3108] (30%): gpu_execution tpcds dataset precondition: relevant NULLs exist0.018 s: gpu_execution tpcds dataset precondition: relevant NULLs exist

[949/3108] (30%): gpu_execution tpcds NULL filters and three-valued logic0.035 s: gpu_execution tpcds NULL filters and three-valued logic

[950/3108] (30%): gpu_execution tpcds aggregates over nullable columns0.024 s: gpu_execution tpcds aggregates over nullable columns

[951/3108] (30%): gpu_execution tpcds float aggregates over nullable measures (approx)0.029 s: gpu_execution tpcds float aggregates over nullable measures (approx)

[952/3108] (30%): gpu_execution tpcds nullable columns across web_sales / catalog_sales0.021 s: gpu_execution tpcds nullable columns across web_sales / catalog_sales

[953/3108] (30%): gpu_execution tpcds LEFT JOIN NULL-pads unmatched rows0.035 s: gpu_execution tpcds LEFT JOIN NULL-pads unmatched rows

[954/3108] (30%): gpu_execution tpcds star joins with nullable filters/aggregates0.025 s: gpu_execution tpcds star joins with nullable filters/aggregates

[955/3108] (30%): gpu_execution tpcds string NULL semantics (concat vs ||)0.033 s: gpu_execution tpcds string NULL semantics (concat vs ||)

[956/3108] (30%): gpu_execution tpcds NULL propagation through expressions0.022 s: gpu_execution tpcds NULL propagation through expressions

[957/3108] (30%): gpu_execution tpcds ORDER BY NULLS FIRST/LAST and top-N0.020 s: gpu_execution tpcds ORDER BY NULLS FIRST/LAST and top-N

[958/3108] (30%): gpu_execution tpcds three-valued NOT IN with NULL0.006 s: gpu_execution tpcds three-valued NOT IN with NULL

[959/3108] (30%): gpu_execution tpcds three-valued NOT IN (subquery with NULL)0.008 s: gpu_execution tpcds three-valued NOT IN (subquery with NULL)

[960/3108] (30%): gpu_execution tpcds null-safe join (IS NOT DISTINCT FROM)0.010 s: gpu_execution tpcds null-safe join (IS NOT DISTINCT FROM)

[961/3108] (30%): gpu_execution tpcds date functions and returns tables with NULLs0.021 s: gpu_execution tpcds date functions and returns tables with NULLs

[962/3108] (30%): gpu_execution - scan single column0.006 s: gpu_execution - scan single column

[963/3108] (30%): gpu_execution - scan single column parquet0.013 s: gpu_execution - scan single column parquet

[964/3108] (31%): gpu_execution - scan multiple columns0.003 s: gpu_execution - scan multiple columns

[965/3108] (31%): gpu_execution - scan multiple columns parquet0.009 s: gpu_execution - scan multiple columns parquet

[966/3108] (31%): gpu_execution - scan region table0.003 s: gpu_execution - scan region table

[967/3108] (31%): gpu_execution - scan region table parquet0.009 s: gpu_execution - scan region table parquet

[968/3108] (31%): gpu_execution - projection add0.004 s: gpu_execution - projection add

[969/3108] (31%): gpu_execution - projection add parquet0.010 s: gpu_execution - projection add parquet

[970/3108] (31%): gpu_execution - projection multiply0.003 s: gpu_execution - projection multiply

[971/3108] (31%): gpu_execution - projection multiply parquet0.010 s: gpu_execution - projection multiply parquet

[972/3108] (31%): gpu_execution - filter equality0.004 s: gpu_execution - filter equality

[973/3108] (31%): gpu_execution - filter equality parquet0.012 s: gpu_execution - filter equality parquet

[974/3108] (31%): gpu_execution - filter greater than0.003 s: gpu_execution - filter greater than

[975/3108] (31%): gpu_execution - filter greater than parquet0.010 s: gpu_execution - filter greater than parquet

[976/3108] (31%): gpu_execution - filter not equal0.003 s: gpu_execution - filter not equal

[977/3108] (31%): gpu_execution - filter not equal parquet0.010 s: gpu_execution - filter not equal parquet

[978/3108] (31%): gpu_execution - filter with projection0.004 s: gpu_execution - filter with projection

[979/3108] (31%): gpu_execution - filter with projection parquet0.010 s: gpu_execution - filter with projection parquet

[980/3108] (31%): gpu_execution - ungrouped min max0.003 s: gpu_execution - ungrouped min max

[981/3108] (31%): gpu_execution - ungrouped min max parquet0.007 s: gpu_execution - ungrouped min max parquet

[982/3108] (31%): gpu_execution - ungrouped min with filter0.005 s: gpu_execution - ungrouped min with filter

[983/3108] (31%): gpu_execution - ungrouped min with filter parquet0.012 s: gpu_execution - ungrouped min with filter parquet

[984/3108] (31%): gpu_execution - ungrouped sum count0.004 s: gpu_execution - ungrouped sum count

[985/3108] (31%): gpu_execution - ungrouped sum count parquet0.011 s: gpu_execution - ungrouped sum count parquet

[986/3108] (31%): gpu_execution - ungrouped all agg functions0.005 s: gpu_execution - ungrouped all agg functions

[987/3108] (31%): gpu_execution - ungrouped all agg functions parquet0.011 s: gpu_execution - ungrouped all agg functions parquet

[988/3108] (31%): gpu_execution - ungrouped avg integer0.004 s: gpu_execution - ungrouped avg integer

[989/3108] (31%): gpu_execution - ungrouped avg integer parquet0.010 s: gpu_execution - ungrouped avg integer parquet

[990/3108] (31%): gpu_execution - ungrouped avg decimal0.005 s: gpu_execution - ungrouped avg decimal

[991/3108] (31%): gpu_execution - ungrouped avg decimal parquet0.016 s: gpu_execution - ungrouped avg decimal parquet

[992/3108] (31%): gpu_execution - single group by key: min max, sum, count(*)0.005 s: gpu_execution - single group by key: min max, sum, count(*)

[993/3108] (31%): gpu_execution - single group by key: min max, sum, count(*) parquet0.013 s: gpu_execution - single group by key: min max, sum, count(*) parquet

[994/3108] (31%): gpu_execution - single group by key: min max, count string 0.006 s: gpu_execution - single group by key: min max, count string 

[995/3108] (32%): gpu_execution - single group by key: min max, count string  parquet0.017 s: gpu_execution - single group by key: min max, count string  parquet

[996/3108] (32%): gpu_execution - two group by key: min max, but not showing the group by keys0.009 s: gpu_execution - two group by key: min max, but not showing the group by keys

[997/3108] (32%): gpu_execution - two group by key: min max, but not showing the group by keys parquet0.015 s: gpu_execution - two group by key: min max, but not showing the group by keys parquet

[998/3108] (32%): gpu_execution - two group keys and noaggregations0.006 s: gpu_execution - two group keys and noaggregations

[999/3108] (32%): gpu_execution - two group keys and noaggregations parquet0.013 s: gpu_execution - two group keys and noaggregations parquet

[1000/3108] (32%): gpu_execution - limit0.004 s: gpu_execution - limit

[1001/3108] (32%): gpu_execution - limit parquet0.010 s: gpu_execution - limit parquet

[1002/3108] (32%): gpu_execution - limit with filter0.004 s: gpu_execution - limit with filter

[1003/3108] (32%): gpu_execution - limit with filter parquet0.011 s: gpu_execution - limit with filter parquet

[1004/3108] (32%): gpu_execution - limit on large table0.004 s: gpu_execution - limit on large table

[1005/3108] (32%): gpu_execution - limit with offset on large table0.004 s: gpu_execution - limit with offset on large table

[1006/3108] (32%): gpu_execution - basic inner join 00.067 s: gpu_execution - basic inner join 0

[1007/3108] (32%): gpu_execution - basic inner join 0 parquet0.079 s: gpu_execution - basic inner join 0 parquet

[1008/3108] (32%): gpu_execution - basic inner join 10.055 s: gpu_execution - basic inner join 1

[1009/3108] (32%): gpu_execution - basic inner join 1 parquet0.071 s: gpu_execution - basic inner join 1 parquet

[1010/3108] (32%): gpu_execution - basic inner join 20.064 s: gpu_execution - basic inner join 2

[1011/3108] (32%): gpu_execution - basic inner join 2 parquet0.070 s: gpu_execution - basic inner join 2 parquet

[1012/3108] (32%): gpu_execution - basic inner join 30.041 s: gpu_execution - basic inner join 3

[1013/3108] (32%): gpu_execution - basic inner join 3 parquet0.055 s: gpu_execution - basic inner join 3 parquet

[1014/3108] (32%): gpu_execution - join with expression key on build side0.007 s: gpu_execution - join with expression key on build side

[1015/3108] (32%): gpu_execution - join with expression key on probe side0.021 s: gpu_execution - join with expression key on probe side

[1016/3108] (32%): gpu_execution - join with expressions on both sides0.034 s: gpu_execution - join with expressions on both sides

[1017/3108] (32%): gpu_execution - mixed join with expression equality key and inequality0.010 s: gpu_execution - mixed join with expression equality key and inequality

[1018/3108] (32%): gpu_execution - basic left join 00.070 s: gpu_execution - basic left join 0

[1019/3108] (32%): gpu_execution - basic left join 0 parquet0.084 s: gpu_execution - basic left join 0 parquet

[1020/3108] (32%): gpu_execution - basic left join 10.058 s: gpu_execution - basic left join 1

[1021/3108] (32%): gpu_execution - basic left join 1 parquet0.075 s: gpu_execution - basic left join 1 parquet

[1022/3108] (32%): gpu_execution - basic left join 20.059 s: gpu_execution - basic left join 2

[1023/3108] (32%): gpu_execution - basic left join 2 parquet0.078 s: gpu_execution - basic left join 2 parquet

[1024/3108] (32%): gpu_execution - basic left join 30.043 s: gpu_execution - basic left join 3

[1025/3108] (32%): gpu_execution - basic left join 3 parquet0.061 s: gpu_execution - basic left join 3 parquet

[1026/3108] (33%): gpu_execution - basic left join 0 making nulls0.008 s: gpu_execution - basic left join 0 making nulls

[1027/3108] (33%): gpu_execution - basic left join 0 making nulls parquet0.028 s: gpu_execution - basic left join 0 making nulls parquet

[1028/3108] (33%): gpu_execution - basic left join 1 making nulls0.007 s: gpu_execution - basic left join 1 making nulls

[1029/3108] (33%): gpu_execution - basic left join 1 making nulls parquet0.027 s: gpu_execution - basic left join 1 making nulls parquet

[1030/3108] (33%): gpu_execution - basic left join 2 making nulls0.008 s: gpu_execution - basic left join 2 making nulls

[1031/3108] (33%): gpu_execution - basic left join 2 making nulls parquet0.026 s: gpu_execution - basic left join 2 making nulls parquet

[1032/3108] (33%): gpu_execution - basic left join 3 making nulls0.008 s: gpu_execution - basic left join 3 making nulls

[1033/3108] (33%): gpu_execution - basic left join 3 making nulls parquet0.026 s: gpu_execution - basic left join 3 making nulls parquet

[1034/3108] (33%): gpu_execution - basic right join 00.070 s: gpu_execution - basic right join 0

[1035/3108] (33%): gpu_execution - basic right join 0 parquet0.088 s: gpu_execution - basic right join 0 parquet

[1036/3108] (33%): gpu_execution - basic right join 10.057 s: gpu_execution - basic right join 1

[1037/3108] (33%): gpu_execution - basic right join 1 parquet0.099 s: gpu_execution - basic right join 1 parquet

[1038/3108] (33%): gpu_execution - basic right join 20.061 s: gpu_execution - basic right join 2

[1039/3108] (33%): gpu_execution - basic right join 2 parquet0.082 s: gpu_execution - basic right join 2 parquet

[1040/3108] (33%): gpu_execution - basic right join 30.042 s: gpu_execution - basic right join 3

[1041/3108] (33%): gpu_execution - basic right join 3 parquet0.064 s: gpu_execution - basic right join 3 parquet

[1042/3108] (33%): gpu_execution - basic right join 0 making nulls0.060 s: gpu_execution - basic right join 0 making nulls

[1043/3108] (33%): gpu_execution - basic right join 0 making nulls parquet0.077 s: gpu_execution - basic right join 0 making nulls parquet

[1044/3108] (33%): gpu_execution - basic right join 1 making nulls0.039 s: gpu_execution - basic right join 1 making nulls

[1045/3108] (33%): gpu_execution - basic right join 1 making nulls parquet0.058 s: gpu_execution - basic right join 1 making nulls parquet

[1046/3108] (33%): gpu_execution - basic right join 2 making nulls0.048 s: gpu_execution - basic right join 2 making nulls

[1047/3108] (33%): gpu_execution - basic right join 2 making nulls parquet0.073 s: gpu_execution - basic right join 2 making nulls parquet

[1048/3108] (33%): gpu_execution - basic right join 3 making nulls0.034 s: gpu_execution - basic right join 3 making nulls

[1049/3108] (33%): gpu_execution - basic right join 3 making nulls parquet0.049 s: gpu_execution - basic right join 3 making nulls parquet

[1050/3108] (33%): gpu_execution - swapped inner join 00.091 s: gpu_execution - swapped inner join 0

[1051/3108] (33%): gpu_execution - swapped inner join 0 parquet0.094 s: gpu_execution - swapped inner join 0 parquet

[1052/3108] (33%): gpu_execution - swapped inner join 10.061 s: gpu_execution - swapped inner join 1

[1053/3108] (33%): gpu_execution - swapped inner join 1 parquet0.079 s: gpu_execution - swapped inner join 1 parquet

[1054/3108] (33%): gpu_execution - swapped inner join 20.060 s: gpu_execution - swapped inner join 2

[1055/3108] (33%): gpu_execution - swapped inner join 2 parquet0.082 s: gpu_execution - swapped inner join 2 parquet

[1056/3108] (33%): gpu_execution - swapped inner join 30.044 s: gpu_execution - swapped inner join 3

[1057/3108] (34%): gpu_execution - swapped inner join 3 parquet0.064 s: gpu_execution - swapped inner join 3 parquet

[1058/3108] (34%): gpu_execution - swapped left join 00.068 s: gpu_execution - swapped left join 0

[1059/3108] (34%): gpu_execution - swapped left join 0 parquet0.089 s: gpu_execution - swapped left join 0 parquet

[1060/3108] (34%): gpu_execution - swapped left join 10.072 s: gpu_execution - swapped left join 1

[1061/3108] (34%): gpu_execution - swapped left join 1 parquet0.093 s: gpu_execution - swapped left join 1 parquet

[1062/3108] (34%): gpu_execution - swapped left join 20.062 s: gpu_execution - swapped left join 2

[1063/3108] (34%): gpu_execution - swapped left join 2 parquet0.081 s: gpu_execution - swapped left join 2 parquet

[1064/3108] (34%): gpu_execution - swapped left join 30.043 s: gpu_execution - swapped left join 3

[1065/3108] (34%): gpu_execution - swapped left join 3 parquet0.061 s: gpu_execution - swapped left join 3 parquet

[1066/3108] (34%): gpu_execution - swapped left join 0 making nulls0.053 s: gpu_execution - swapped left join 0 making nulls

[1067/3108] (34%): gpu_execution - swapped left join 0 making nulls parquet0.072 s: gpu_execution - swapped left join 0 making nulls parquet

[1068/3108] (34%): gpu_execution - swapped left join 1 making nulls0.036 s: gpu_execution - swapped left join 1 making nulls

[1069/3108] (34%): gpu_execution - swapped left join 1 making nulls parquet0.055 s: gpu_execution - swapped left join 1 making nulls parquet

[1070/3108] (34%): gpu_execution - swapped left join 2 making nulls0.049 s: gpu_execution - swapped left join 2 making nulls

[1071/3108] (34%): gpu_execution - swapped left join 2 making nulls parquet0.070 s: gpu_execution - swapped left join 2 making nulls parquet

[1072/3108] (34%): gpu_execution - swapped left join 3 making nulls0.033 s: gpu_execution - swapped left join 3 making nulls

[1073/3108] (34%): gpu_execution - swapped left join 3 making nulls parquet0.054 s: gpu_execution - swapped left join 3 making nulls parquet

[1074/3108] (34%): gpu_execution - swapped right join 00.071 s: gpu_execution - swapped right join 0

[1075/3108] (34%): gpu_execution - swapped right join 0 parquet0.092 s: gpu_execution - swapped right join 0 parquet

[1076/3108] (34%): gpu_execution - swapped right join 10.060 s: gpu_execution - swapped right join 1

[1077/3108] (34%): gpu_execution - swapped right join 1 parquet0.081 s: gpu_execution - swapped right join 1 parquet

[1078/3108] (34%): gpu_execution - swapped right join 20.061 s: gpu_execution - swapped right join 2

[1079/3108] (34%): gpu_execution - swapped right join 2 parquet0.082 s: gpu_execution - swapped right join 2 parquet

[1080/3108] (34%): gpu_execution - swapped right join 30.044 s: gpu_execution - swapped right join 3

[1081/3108] (34%): gpu_execution - swapped right join 3 parquet0.061 s: gpu_execution - swapped right join 3 parquet

[1082/3108] (34%): gpu_execution - swapped right join 0 making nulls0.007 s: gpu_execution - swapped right join 0 making nulls

[1083/3108] (34%): gpu_execution - swapped right join 0 making nulls parquet0.026 s: gpu_execution - swapped right join 0 making nulls parquet

[1084/3108] (34%): gpu_execution - swapped right join 1 making nulls0.007 s: gpu_execution - swapped right join 1 making nulls

[1085/3108] (34%): gpu_execution - swapped right join 1 making nulls parquet0.052 s: gpu_execution - swapped right join 1 making nulls parquet

[1086/3108] (34%): gpu_execution - swapped right join 2 making nulls0.009 s: gpu_execution - swapped right join 2 making nulls

[1087/3108] (34%): gpu_execution - swapped right join 2 making nulls parquet0.034 s: gpu_execution - swapped right join 2 making nulls parquet

[1088/3108] (35%): gpu_execution - swapped right join 3 making nulls0.007 s: gpu_execution - swapped right join 3 making nulls

[1089/3108] (35%): gpu_execution - swapped right join 3 making nulls parquet0.026 s: gpu_execution - swapped right join 3 making nulls parquet

[1090/3108] (35%): gpu_execution - basic full outer join0.007 s: gpu_execution - basic full outer join

[1091/3108] (35%): gpu_execution - basic full outer join parquet0.020 s: gpu_execution - basic full outer join parquet

[1092/3108] (35%): gpu_execution - basic full outer join making nulls0.006 s: gpu_execution - basic full outer join making nulls

[1093/3108] (35%): gpu_execution - basic full outer join making nulls parquet0.021 s: gpu_execution - basic full outer join making nulls parquet

[1094/3108] (35%): gpu_execution - basic left semi join0.006 s: gpu_execution - basic left semi join

[1095/3108] (35%): gpu_execution - basic left semi join parquet0.020 s: gpu_execution - basic left semi join parquet

[1096/3108] (35%): gpu_execution - basic left semi join 20.006 s: gpu_execution - basic left semi join 2

[1097/3108] (35%): gpu_execution - basic left semi join 2 parquet0.021 s: gpu_execution - basic left semi join 2 parquet

[1098/3108] (35%): gpu_execution - basic right semi join0.007 s: gpu_execution - basic right semi join

[1099/3108] (35%): gpu_execution - basic right semi join parquet0.021 s: gpu_execution - basic right semi join parquet

[1100/3108] (35%): gpu_execution - basic right semi join 20.006 s: gpu_execution - basic right semi join 2

[1101/3108] (35%): gpu_execution - basic right semi join 2 parquet0.020 s: gpu_execution - basic right semi join 2 parquet

[1102/3108] (35%): gpu_execution - basic semi join 30.007 s: gpu_execution - basic semi join 3

[1103/3108] (35%): gpu_execution - basic semi join 3 parquet0.018 s: gpu_execution - basic semi join 3 parquet

[1104/3108] (35%): gpu_execution - basic semi join 40.005 s: gpu_execution - basic semi join 4

[1105/3108] (35%): gpu_execution - basic semi join 4 parquet0.018 s: gpu_execution - basic semi join 4 parquet

[1106/3108] (35%): gpu_execution - basic semi join 50.006 s: gpu_execution - basic semi join 5

[1107/3108] (35%): gpu_execution - basic semi join 5 parquet0.017 s: gpu_execution - basic semi join 5 parquet

[1108/3108] (35%): gpu_execution - semi join build_probe large probe parquet0.054 s: gpu_execution - semi join build_probe large probe parquet

[1109/3108] (35%): gpu_execution - mark join via OR + IN subquery parquet0.036 s: gpu_execution - mark join via OR + IN subquery parquet

[1110/3108] (35%): gpu_execution - mark join via projected IN subquery parquet0.032 s: gpu_execution - mark join via projected IN subquery parquet

[1111/3108] (35%): gpu_execution - basic semi join misfit 00.007 s: gpu_execution - basic semi join misfit 0

[1112/3108] (35%): gpu_execution - basic semi join misfit 0 parquet0.021 s: gpu_execution - basic semi join misfit 0 parquet

[1113/3108] (35%): gpu_execution - basic semi join mistit 10.006 s: gpu_execution - basic semi join mistit 1

[1114/3108] (35%): gpu_execution - basic semi join mistit 1 parquet0.020 s: gpu_execution - basic semi join mistit 1 parquet

[1115/3108] (35%): gpu_execution - swapped semi join 00.047 s: gpu_execution - swapped semi join 0

[1116/3108] (35%): gpu_execution - swapped semi join 0 parquet0.063 s: gpu_execution - swapped semi join 0 parquet

[1117/3108] (35%): gpu_execution - swapped semi join 10.030 s: gpu_execution - swapped semi join 1

[1118/3108] (35%): gpu_execution - swapped semi join 1 parquet0.048 s: gpu_execution - swapped semi join 1 parquet

[1119/3108] (36%): gpu_execution - swapped semi join misfit 00.007 s: gpu_execution - swapped semi join misfit 0

[1120/3108] (36%): gpu_execution - swapped semi join misfit 0 parquet0.025 s: gpu_execution - swapped semi join misfit 0 parquet

[1121/3108] (36%): gpu_execution - swapped semi join misfit 10.007 s: gpu_execution - swapped semi join misfit 1

[1122/3108] (36%): gpu_execution - swapped semi join misfit 1 parquet0.024 s: gpu_execution - swapped semi join misfit 1 parquet

[1123/3108] (36%): gpu_execution - left anti join0.005 s: gpu_execution - left anti join

[1124/3108] (36%): gpu_execution - left anti join parquet0.018 s: gpu_execution - left anti join parquet

[1125/3108] (36%): gpu_execution - left anti join 20.005 s: gpu_execution - left anti join 2

[1126/3108] (36%): gpu_execution - left anti join 2 parquet0.020 s: gpu_execution - left anti join 2 parquet

[1127/3108] (36%): gpu_execution - left anti join 30.007 s: gpu_execution - left anti join 3

[1128/3108] (36%): gpu_execution - left anti join 3 parquet0.024 s: gpu_execution - left anti join 3 parquet

[1129/3108] (36%): gpu_execution - left anti join 40.006 s: gpu_execution - left anti join 4

[1130/3108] (36%): gpu_execution - left anti join 4 parquet0.022 s: gpu_execution - left anti join 4 parquet

[1131/3108] (36%): gpu_execution - anti join build_probe large probe parquet0.025 s: gpu_execution - anti join build_probe large probe parquet

[1132/3108] (36%): gpu_execution - left anti join misfit 00.047 s: gpu_execution - left anti join misfit 0

[1133/3108] (36%): gpu_execution - left anti join misfit 0 parquet0.081 s: gpu_execution - left anti join misfit 0 parquet

[1134/3108] (36%): gpu_execution - left anti join misfit 10.031 s: gpu_execution - left anti join misfit 1

[1135/3108] (36%): gpu_execution - left anti join misfit 1 parquet0.049 s: gpu_execution - left anti join misfit 1 parquet

[1136/3108] (36%): gpu_execution - right anti join0.006 s: gpu_execution - right anti join

[1137/3108] (36%): gpu_execution - right anti join parquet0.021 s: gpu_execution - right anti join parquet

[1138/3108] (36%): gpu_execution - right anti join 20.007 s: gpu_execution - right anti join 2

[1139/3108] (36%): gpu_execution - right anti join 2 parquet0.023 s: gpu_execution - right anti join 2 parquet

[1140/3108] (36%): gpu_execution - right anti join 30.007 s: gpu_execution - right anti join 3

[1141/3108] (36%): gpu_execution - right anti join 3 parquet0.024 s: gpu_execution - right anti join 3 parquet

[1142/3108] (36%): gpu_execution - right anti join misfit0.006 s: gpu_execution - right anti join misfit

[1143/3108] (36%): gpu_execution - right anti join misfit parquet0.022 s: gpu_execution - right anti join misfit parquet

[1144/3108] (36%): gpu_execution - partitioned anti join (probe key not at col 0)0.007 s: gpu_execution - partitioned anti join (probe key not at col 0)

[1145/3108] (36%): gpu_execution - partitioned anti join (probe key not at col 0) parquet0.021 s: gpu_execution - partitioned anti join (probe key not at col 0) parquet

[1146/3108] (36%): gpu_execution - partitioned semi join (probe key not at col 0)0.006 s: gpu_execution - partitioned semi join (probe key not at col 0)

[1147/3108] (36%): gpu_execution - partitioned semi join (probe key not at col 0) parquet0.019 s: gpu_execution - partitioned semi join (probe key not at col 0) parquet

[1148/3108] (36%): gpu_execution - partitioned inner join (key not at col 0)0.007 s: gpu_execution - partitioned inner join (key not at col 0)

[1149/3108] (36%): gpu_execution - partitioned inner join (key not at col 0) parquet0.020 s: gpu_execution - partitioned inner join (key not at col 0) parquet

[1150/3108] (37%): gpu_execution - partitioned anti join (misfit key)0.064 s: gpu_execution - partitioned anti join (misfit key)

[1151/3108] (37%): gpu_execution - partitioned anti join (misfit key) parquet0.057 s: gpu_execution - partitioned anti join (misfit key) parquet

[1152/3108] (37%): gpu_execution - bigger inner join0.063 s: gpu_execution - bigger inner join

[1153/3108] (37%): gpu_execution - bigger inner join parquet0.170 s: gpu_execution - bigger inner join parquet

[1154/3108] (37%): gpu_execution - bigger left join0.067 s: gpu_execution - bigger left join

[1155/3108] (37%): gpu_execution - bigger left join parquet0.174 s: gpu_execution - bigger left join parquet

[1156/3108] (37%): gpu_execution - bigger right join0.070 s: gpu_execution - bigger right join

[1157/3108] (37%): gpu_execution - bigger right join parquet0.175 s: gpu_execution - bigger right join parquet

[1158/3108] (37%): gpu_execution - bigger full outer join0.067 s: gpu_execution - bigger full outer join

[1159/3108] (37%): gpu_execution - bigger full outer join parquet0.175 s: gpu_execution - bigger full outer join parquet

[1160/3108] (37%): gpu_execution - nested loop inner join single inequality condition0.014 s: gpu_execution - nested loop inner join single inequality condition

[1161/3108] (37%): gpu_execution - nested loop inner join single inequality condition parquet0.032 s: gpu_execution - nested loop inner join single inequality condition parquet

[1162/3108] (37%): gpu_execution - nested loop inner join double inequality condition0.016 s: gpu_execution - nested loop inner join double inequality condition

[1163/3108] (37%): gpu_execution - nested loop inner join double inequality condition parquet0.046 s: gpu_execution - nested loop inner join double inequality condition parquet

[1164/3108] (37%): gpu_execution - nested loop inner join double inequality condition, one condition needing casting0.010 s: gpu_execution - nested loop inner join double inequality condition, one condition needing casting

[1165/3108] (37%): gpu_execution - nested loop inner join double inequality condition, one  parquetcondition needing casting0.030 s: gpu_execution - nested loop inner join double inequality condition, one  parquetcondition needing casting

[1166/3108] (37%): gpu_execution - nested loop left join single inequality condition0.014 s: gpu_execution - nested loop left join single inequality condition

[1167/3108] (37%): gpu_execution - nested loop left join single inequality condition parquet0.052 s: gpu_execution - nested loop left join single inequality condition parquet

[1168/3108] (37%): gpu_execution - nested loop left join double inequality condition0.016 s: gpu_execution - nested loop left join double inequality condition

[1169/3108] (37%): gpu_execution - nested loop left join double inequality condition parquet0.049 s: gpu_execution - nested loop left join double inequality condition parquet

[1170/3108] (37%): gpu_execution - nested loop left join double inequality condition, one condition needing casting0.010 s: gpu_execution - nested loop left join double inequality condition, one condition needing casting

[1171/3108] (37%): gpu_execution - nested loop left join double inequality condition, one condition  parquetneeding casting0.043 s: gpu_execution - nested loop left join double inequality condition, one condition  parquetneeding casting

[1172/3108] (37%): gpu_execution - nested loop right join single inequality condition0.014 s: gpu_execution - nested loop right join single inequality condition

[1173/3108] (37%): gpu_execution - nested loop right join single inequality condition parquet0.033 s: gpu_execution - nested loop right join single inequality condition parquet

[1174/3108] (37%): gpu_execution - nested loop right join double inequality condition0.016 s: gpu_execution - nested loop right join double inequality condition

[1175/3108] (37%): gpu_execution - nested loop right join double inequality condition parquet0.044 s: gpu_execution - nested loop right join double inequality condition parquet

[1176/3108] (37%): gpu_execution - nested loop right join double inequality condition, one condition needing casting0.012 s: gpu_execution - nested loop right join double inequality condition, one condition needing casting

[1177/3108] (37%): gpu_execution - nested loop right join double inequality condition, one  parquetcondition needing casting0.053 s: gpu_execution - nested loop right join double inequality condition, one  parquetcondition needing casting

[1178/3108] (37%): gpu_execution - nested loop inner join one equality and one inequality condition0.013 s: gpu_execution - nested loop inner join one equality and one inequality condition

[1179/3108] (37%): gpu_execution - nested loop inner join one equality and one inequality condition parquet0.063 s: gpu_execution - nested loop inner join one equality and one inequality condition parquet

[1180/3108] (37%): gpu_execution - nested loop inner join two inequality condition0.019 s: gpu_execution - nested loop inner join two inequality condition

[1181/3108] (37%): gpu_execution - nested loop inner join two inequality condition parquet0.037 s: gpu_execution - nested loop inner join two inequality condition parquet

[1182/3108] (38%): gpu_execution - nested loop inner join two inequality condition and expression eval0.016 s: gpu_execution - nested loop inner join two inequality condition and expression eval

[1183/3108] (38%): gpu_execution - mixed inner join one equality and one inequality condition but equality column is shared (triggers nested join)0.010 s: gpu_execution - mixed inner join one equality and one inequality condition but equality column is shared (triggers nested join)

[1184/3108] (38%): gpu_execution - mixed inner join one equality and one inequality condition with cast needed0.013 s: gpu_execution - mixed inner join one equality and one inequality condition with cast needed

[1185/3108] (38%): gpu_execution - mixed right join one equality and one inequality condition0.008 s: gpu_execution - mixed right join one equality and one inequality condition

[1186/3108] (38%): gpu_execution - mixed left join one equality and two inequality condition0.009 s: gpu_execution - mixed left join one equality and two inequality condition

[1187/3108] (38%): gpu_execution - mixed inner join two equality and one inequality condition0.009 s: gpu_execution - mixed inner join two equality and one inequality condition

[1188/3108] (38%): gpu_execution - mixed semi join one equality and one inequality condition0.014 s: gpu_execution - mixed semi join one equality and one inequality condition

[1189/3108] (38%): gpu_execution - mixed right semi join one equality and one inequality condition0.012 s: gpu_execution - mixed right semi join one equality and one inequality condition

[1190/3108] (38%): gpu_execution - mixed anti join one equality and one inequality condition0.010 s: gpu_execution - mixed anti join one equality and one inequality condition

[1191/3108] (38%): gpu_execution - mixed anti semi join one equality and one inequality condition0.011 s: gpu_execution - mixed anti semi join one equality and one inequality condition

[1192/3108] (38%): gpu_execution - group by count0.004 s: gpu_execution - group by count

[1193/3108] (38%): gpu_execution - group by count parquet0.022 s: gpu_execution - group by count parquet

[1194/3108] (38%): gpu_execution - group by min max count0.005 s: gpu_execution - group by min max count

[1195/3108] (38%): gpu_execution - group by min max count parquet0.014 s: gpu_execution - group by min max count parquet

[1196/3108] (38%): gpu_execution - group by avg integer0.004 s: gpu_execution - group by avg integer

[1197/3108] (38%): gpu_execution - group by avg integer parquet0.018 s: gpu_execution - group by avg integer parquet

[1198/3108] (38%): gpu_execution - group by avg with other aggregates0.004 s: gpu_execution - group by avg with other aggregates

[1199/3108] (38%): gpu_execution - group by avg with other aggregates parquet0.018 s: gpu_execution - group by avg with other aggregates parquet

[1200/3108] (38%): gpu_execution - group by avg decimal0.007 s: gpu_execution - group by avg decimal

[1201/3108] (38%): gpu_execution - group by avg decimal parquet0.030 s: gpu_execution - group by avg decimal parquet

[1202/3108] (38%): gpu_execution - group by sum avg on lineitem0.009 s: gpu_execution - group by sum avg on lineitem

[1203/3108] (38%): gpu_execution - group by sum avg on lineitem parquet0.048 s: gpu_execution - group by sum avg on lineitem parquet

[1204/3108] (38%): gpu_execution - group by min, max, avg on decimal on lineitem0.006 s: gpu_execution - group by min, max, avg on decimal on lineitem

[1205/3108] (38%): gpu_execution - group by min, max, avg on decimal on lineitem parquet0.032 s: gpu_execution - group by min, max, avg on decimal on lineitem parquet

[1206/3108] (38%): gpu_execution - group by min, max, avg, sum on decimal on lineitem0.006 s: gpu_execution - group by min, max, avg, sum on decimal on lineitem

[1207/3108] (38%): gpu_execution - group by min, max, avg, sum on decimal on lineitem parquet0.035 s: gpu_execution - group by min, max, avg, sum on decimal on lineitem parquet

[1208/3108] (38%): gpu_execution - order by0.005 s: gpu_execution - order by

[1209/3108] (38%): gpu_execution - order by parquet0.012 s: gpu_execution - order by parquet

[1210/3108] (38%): gpu_execution - order by column not in select0.005 s: gpu_execution - order by column not in select

[1211/3108] (38%): gpu_execution - order by column not in select parquet0.016 s: gpu_execution - order by column not in select parquet

[1212/3108] (38%): gpu_execution - order by column not in select lineitemWARNING: Integration result num rows is: 600572. Please consider modifying test to make it smaller and run faster.
0.628 s: gpu_execution - order by column not in select lineitem

[1213/3108] (39%): gpu_execution - order by column not in select lineitem parquetWARNING: Integration result num rows is: 600572. Please consider modifying test to make it smaller and run faster.
0.683 s: gpu_execution - order by column not in select lineitem parquet

[1214/3108] (39%): gpu_execution - order by multipartitionWARNING: Integration result num rows is: 600572. Please consider modifying test to make it smaller and run faster.
2.328 s: gpu_execution - order by multipartition

[1215/3108] (39%): gpu_execution - order by multipartition parquetWARNING: Integration result num rows is: 600572. Please consider modifying test to make it smaller and run faster.
2.818 s: gpu_execution - order by multipartition parquet

[1216/3108] (39%): gpu_execution - order by multiple columnsWARNING: Integration result num rows is: 600572. Please consider modifying test to make it smaller and run faster.
3.612 s: gpu_execution - order by multiple columns

[1217/3108] (39%): gpu_execution - order by multiple columns parquetWARNING: Integration result num rows is: 600572. Please consider modifying test to make it smaller and run faster.
5.636 s: gpu_execution - order by multiple columns parquet

[1218/3108] (39%): gpu_execution - order by descWARNING: Integration result num rows is: 600572. Please consider modifying test to make it smaller and run faster.
4.004 s: gpu_execution - order by desc

[1219/3108] (39%): gpu_execution - order by desc parquetWARNING: Integration result num rows is: 600572. Please consider modifying test to make it smaller and run faster.
5.069 s: gpu_execution - order by desc parquet

[1220/3108] (39%): gpu_execution - order by many selected columnsWARNING: Integration result num rows is: 600572. Please consider modifying test to make it smaller and run faster.
3.242 s: gpu_execution - order by many selected columns

[1221/3108] (39%): gpu_execution - order by many selected columns parquetWARNING: Integration result num rows is: 600572. Please consider modifying test to make it smaller and run faster.
3.251 s: gpu_execution - order by many selected columns parquet

[1222/3108] (39%): gpu_execution - order by with decimal columnWARNING: Integration result num rows is: 150000. Please consider modifying test to make it smaller and run faster.
0.504 s: gpu_execution - order by with decimal column

[1223/3108] (39%): gpu_execution - order by with decimal column parquetWARNING: Integration result num rows is: 150000. Please consider modifying test to make it smaller and run faster.
0.562 s: gpu_execution - order by with decimal column parquet

[1224/3108] (39%): gpu_execution - scan lineitem with varchar columnWARNING: Integration result num rows is: 600572. Please consider modifying test to make it smaller and run faster.
1.003 s: gpu_execution - scan lineitem with varchar column

[1225/3108] (39%): gpu_execution - scan lineitem with varchar column parquetWARNING: Integration result num rows is: 600572. Please consider modifying test to make it smaller and run faster.
1.026 s: gpu_execution - scan lineitem with varchar column parquet

[1226/3108] (39%): gpu_execution - order by lineitem with short varchar columnWARNING: Integration result num rows is: 600572. Please consider modifying test to make it smaller and run faster.
9.550 s: gpu_execution - order by lineitem with short varchar column

[1227/3108] (39%): gpu_execution - order by lineitem with short varchar column parquetWARNING: Integration result num rows is: 600572. Please consider modifying test to make it smaller and run faster.
10.306 s: gpu_execution - order by lineitem with short varchar column parquet

[1228/3108] (39%): gpu_execution - order by lineitem with long varchar columnWARNING: Integration result num rows is: 600572. Please consider modifying test to make it smaller and run faster.
14.389 s: gpu_execution - order by lineitem with long varchar column

[1229/3108] (39%): gpu_execution - order by lineitem with long varchar column parquetWARNING: Integration result num rows is: 600572. Please consider modifying test to make it smaller and run faster.
15.168 s: gpu_execution - order by lineitem with long varchar column parquet

[1230/3108] (39%): gpu_execution - scan with varchar column0.005 s: gpu_execution - scan with varchar column

[1231/3108] (39%): gpu_execution - scan with varchar column parquet0.012 s: gpu_execution - scan with varchar column parquet

[1232/3108] (39%): gpu_execution - order by with varchar column0.005 s: gpu_execution - order by with varchar column

[1233/3108] (39%): gpu_execution - order by with varchar column parquet0.014 s: gpu_execution - order by with varchar column parquet

[1234/3108] (39%): gpu_execution - string concat || operator parquet0.030 s: gpu_execution - string concat || operator parquet

[1235/3108] (39%): gpu_execution - string concat() function parquet0.030 s: gpu_execution - string concat() function parquet

[1236/3108] (39%): gpu_execution - string concat column with longer varchar parquet0.019 s: gpu_execution - string concat column with longer varchar parquet

[1237/3108] (39%): gpu_execution - string concat in WHERE clause parquet0.030 s: gpu_execution - string concat in WHERE clause parquet

[1238/3108] (39%): gpu_execution - string concat with nested expression parquet0.091 s: gpu_execution - string concat with nested expression parquet

[1239/3108] (39%): gpu_execution - string concat NULL propagation parquet0.034 s: gpu_execution - string concat NULL propagation parquet

[1240/3108] (39%): gpu_execution - cast integer to decimal preserves scale0.004 s: gpu_execution - cast integer to decimal preserves scale

[1241/3108] (39%): gpu_execution - cast integer to decimal preserves scale parquet0.014 s: gpu_execution - cast integer to decimal preserves scale parquet

[1242/3108] (39%): gpu_execution - cast integer to decimal with aggregation0.005 s: gpu_execution - cast integer to decimal with aggregation

[1243/3108] (39%): gpu_execution - cast integer to decimal with aggregation parquet0.014 s: gpu_execution - cast integer to decimal with aggregation parquet

[1244/3108] (40%): gpu_execution - cast to decimal different scales0.003 s: gpu_execution - cast to decimal different scales

[1245/3108] (40%): gpu_execution - cast to decimal different scales parquet0.014 s: gpu_execution - cast to decimal different scales parquet

[1246/3108] (40%): gpu_execution - count distinct: single group key0.007 s: gpu_execution - count distinct: single group key

[1247/3108] (40%): gpu_execution - count distinct: single group key parquet0.016 s: gpu_execution - count distinct: single group key parquet

[1248/3108] (40%): gpu_execution - count distinct: string column0.006 s: gpu_execution - count distinct: string column

[1249/3108] (40%): gpu_execution - count distinct: string column parquet0.015 s: gpu_execution - count distinct: string column parquet

[1250/3108] (40%): gpu_execution - count distinct: mixed with min and count0.010 s: gpu_execution - count distinct: mixed with min and count

[1251/3108] (40%): gpu_execution - count distinct: mixed with min and count parquet0.016 s: gpu_execution - count distinct: mixed with min and count parquet

[1252/3108] (40%): gpu_execution - count distinct: larger table two group keys0.008 s: gpu_execution - count distinct: larger table two group keys

[1253/3108] (40%): gpu_execution - count distinct: larger table two group keys parquet0.017 s: gpu_execution - count distinct: larger table two group keys parquet

[1254/3108] (40%): gpu_execution - count distinct: multi-partition forced, single group key0.011 s: gpu_execution - count distinct: multi-partition forced, single group key

[1255/3108] (40%): gpu_execution - count distinct: multi-partition forced, single group key parquet0.025 s: gpu_execution - count distinct: multi-partition forced, single group key parquet

[1256/3108] (40%): gpu_execution - count distinct: multi-partition forced, customer table0.009 s: gpu_execution - count distinct: multi-partition forced, customer table

[1257/3108] (40%): gpu_execution - count distinct: multi-partition forced, customer table parquet0.019 s: gpu_execution - count distinct: multi-partition forced, customer table parquet

[1258/3108] (40%): gpu_execution - count distinct: multi-partition forced, mixed aggregations0.010 s: gpu_execution - count distinct: multi-partition forced, mixed aggregations

[1259/3108] (40%): gpu_execution - count distinct: multi-partition forced, mixed aggregations parquet0.022 s: gpu_execution - count distinct: multi-partition forced, mixed aggregations parquet

[1260/3108] (40%): gpu_execution - count distinct: multi-column struct0.007 s: gpu_execution - count distinct: multi-column struct

[1261/3108] (40%): gpu_execution - count distinct: multi-column struct parquet0.018 s: gpu_execution - count distinct: multi-column struct parquet

[1262/3108] (40%): gpu_execution - count distinct: multi-column struct, multi-partition forced0.014 s: gpu_execution - count distinct: multi-column struct, multi-partition forced

[1263/3108] (40%): gpu_execution - count distinct: multi-column struct, multi-partition forced parquet0.031 s: gpu_execution - count distinct: multi-column struct, multi-partition forced parquet

[1264/3108] (40%): gpu_execution - empty simple query0.005 s: gpu_execution - empty simple query

[1265/3108] (40%): gpu_execution - empty simple query parquet0.015 s: gpu_execution - empty simple query parquet

[1266/3108] (40%): gpu_execution - empty aggregation with group by query0.008 s: gpu_execution - empty aggregation with group by query

[1267/3108] (40%): gpu_execution - empty aggregation with group by query parquet0.016 s: gpu_execution - empty aggregation with group by query parquet

[1268/3108] (40%): gpu_execution - empty aggregation without group by query0.008 s: gpu_execution - empty aggregation without group by query

[1269/3108] (40%): gpu_execution - empty aggregation without group by query parquet0.016 s: gpu_execution - empty aggregation without group by query parquet

[1270/3108] (40%): gpu_execution - join with empty one side0.010 s: gpu_execution - join with empty one side

[1271/3108] (40%): gpu_execution - join with empty one side parquet0.034 s: gpu_execution - join with empty one side parquet

[1272/3108] (40%): gpu_execution - join with empty two sides0.016 s: gpu_execution - join with empty two sides

[1273/3108] (40%): gpu_execution - join with empty two sides parquet0.106 s: gpu_execution - join with empty two sides parquet

[1274/3108] (40%): gpu_execution - join with empty output and order by0.004 s: gpu_execution - join with empty output and order by

[1275/3108] (41%): gpu_execution - join with empty output and order by parquet0.014 s: gpu_execution - join with empty output and order by parquet

[1276/3108] (41%): gpu_execution - empty native table count identity0.434 s: gpu_execution - empty native table count identity

[1277/3108] (41%): gpu_execution - empty native table scan preserves schema0.531 s: gpu_execution - empty native table scan preserves schema

[1278/3108] (41%): gpu_execution - empty native table left join pads survivor rows0.403 s: gpu_execution - empty native table left join pads survivor rows

[1279/3108] (41%): gpu_execution - empty native table full outer join pads survivor rows (empty build)0.376 s: gpu_execution - empty native table full outer join pads survivor rows (empty build)

[1280/3108] (41%): gpu_execution - empty native table full outer join pads survivor rows (empty probe)0.496 s: gpu_execution - empty native table full outer join pads survivor rows (empty probe)

[1281/3108] (41%): gpu_execution - empty parquet count identity0.474 s: gpu_execution - empty parquet count identity

[1282/3108] (41%): gpu_execution - all-pruned empty filter0.005 s: gpu_execution - all-pruned empty filter

[1283/3108] (41%): gpu_execution - all-pruned empty filter parquet0.009 s: gpu_execution - all-pruned empty filter parquet

[1284/3108] (41%): gpu_execution - all-pruned ungrouped count identity0.003 s: gpu_execution - all-pruned ungrouped count identity

[1285/3108] (41%): gpu_execution - all-pruned ungrouped count identity parquet0.007 s: gpu_execution - all-pruned ungrouped count identity parquet

[1286/3108] (41%): gpu_execution - all-pruned ungrouped aggregates identity and nulls0.005 s: gpu_execution - all-pruned ungrouped aggregates identity and nulls

[1287/3108] (41%): gpu_execution - all-pruned ungrouped aggregates identity and nulls parquet0.009 s: gpu_execution - all-pruned ungrouped aggregates identity and nulls parquet

[1288/3108] (41%): gpu_execution - all-pruned grouped aggregate emits no groups0.004 s: gpu_execution - all-pruned grouped aggregate emits no groups

[1289/3108] (41%): gpu_execution - all-pruned grouped aggregate emits no groups parquet0.008 s: gpu_execution - all-pruned grouped aggregate emits no groups parquet

[1290/3108] (41%): gpu_execution - empty-side join matrix0.128 s: gpu_execution - empty-side join matrix

[1291/3108] (41%): gpu_execution - empty-side join matrix parquet0.185 s: gpu_execution - empty-side join matrix parquet

[1292/3108] (41%): gpu_execution - TPC-H Query 10.341 s: gpu_execution - TPC-H Query 1
0.039 s: gpu_execution - TPC-H Query 1

[1293/3108] (41%): gpu_execution - TPC-H Query 1 parquet0.319 s: gpu_execution - TPC-H Query 1 parquet
0.041 s: gpu_execution - TPC-H Query 1 parquet

[1294/3108] (41%): gpu_execution - TPC-H Query 20.285 s: gpu_execution - TPC-H Query 2
0.038 s: gpu_execution - TPC-H Query 2

[1295/3108] (41%): gpu_execution - TPC-H Query 2 parquet0.407 s: gpu_execution - TPC-H Query 2 parquet
0.044 s: gpu_execution - TPC-H Query 2 parquet

[1296/3108] (41%): gpu_execution - TPC-H Query 30.265 s: gpu_execution - TPC-H Query 3
0.038 s: gpu_execution - TPC-H Query 3

[1297/3108] (41%): gpu_execution - TPC-H Query 3 parquet0.492 s: gpu_execution - TPC-H Query 3 parquet
0.048 s: gpu_execution - TPC-H Query 3 parquet

[1298/3108] (41%): gpu_execution - TPC-H Query 40.369 s: gpu_execution - TPC-H Query 4
0.034 s: gpu_execution - TPC-H Query 4

[1299/3108] (41%): gpu_execution - TPC-H Query 4 parquet0.369 s: gpu_execution - TPC-H Query 4 parquet
0.042 s: gpu_execution - TPC-H Query 4 parquet

[1300/3108] (41%): gpu_execution - TPC-H Query 50.383 s: gpu_execution - TPC-H Query 5
0.052 s: gpu_execution - TPC-H Query 5

[1301/3108] (41%): gpu_execution - TPC-H Query 5 parquet0.380 s: gpu_execution - TPC-H Query 5 parquet
0.047 s: gpu_execution - TPC-H Query 5 parquet

[1302/3108] (41%): gpu_execution - TPC-H Query 60.269 s: gpu_execution - TPC-H Query 6
0.037 s: gpu_execution - TPC-H Query 6

[1303/3108] (41%): gpu_execution - TPC-H Query 6 parquet0.308 s: gpu_execution - TPC-H Query 6 parquet
0.043 s: gpu_execution - TPC-H Query 6 parquet

[1304/3108] (41%): gpu_execution - TPC-H Query 70.287 s: gpu_execution - TPC-H Query 7
0.039 s: gpu_execution - TPC-H Query 7

[1305/3108] (41%): gpu_execution - TPC-H Query 7 parquet0.344 s: gpu_execution - TPC-H Query 7 parquet
0.047 s: gpu_execution - TPC-H Query 7 parquet

[1306/3108] (42%): gpu_execution - TPC-H Query 80.283 s: gpu_execution - TPC-H Query 8
0.038 s: gpu_execution - TPC-H Query 8

[1307/3108] (42%): gpu_execution - TPC-H Query 8 parquet0.406 s: gpu_execution - TPC-H Query 8 parquet
0.044 s: gpu_execution - TPC-H Query 8 parquet

[1308/3108] (42%): gpu_execution - TPC-H Query 90.304 s: gpu_execution - TPC-H Query 9
0.054 s: gpu_execution - TPC-H Query 9

[1309/3108] (42%): gpu_execution - TPC-H Query 9 parquet0.353 s: gpu_execution - TPC-H Query 9 parquet
0.040 s: gpu_execution - TPC-H Query 9 parquet

[1310/3108] (42%): gpu_execution - TPC-H Query 100.296 s: gpu_execution - TPC-H Query 10
0.036 s: gpu_execution - TPC-H Query 10

[1311/3108] (42%): gpu_execution - TPC-H Query 10 parquet0.370 s: gpu_execution - TPC-H Query 10 parquet
0.042 s: gpu_execution - TPC-H Query 10 parquet

[1312/3108] (42%): gpu_execution - TPC-H Query 110.274 s: gpu_execution - TPC-H Query 11
0.037 s: gpu_execution - TPC-H Query 11

[1313/3108] (42%): gpu_execution - TPC-H Query 11 parquet0.301 s: gpu_execution - TPC-H Query 11 parquet
0.037 s: gpu_execution - TPC-H Query 11 parquet

[1314/3108] (42%): gpu_execution - TPC-H Query 120.266 s: gpu_execution - TPC-H Query 12
0.036 s: gpu_execution - TPC-H Query 12

[1315/3108] (42%): gpu_execution - TPC-H Query 12 parquet0.312 s: gpu_execution - TPC-H Query 12 parquet
0.045 s: gpu_execution - TPC-H Query 12 parquet

[1316/3108] (42%): gpu_execution - TPC-H Query 130.285 s: gpu_execution - TPC-H Query 13
0.041 s: gpu_execution - TPC-H Query 13

[1317/3108] (42%): gpu_execution - TPC-H Query 13 parquet0.473 s: gpu_execution - TPC-H Query 13 parquet
0.041 s: gpu_execution - TPC-H Query 13 parquet

[1318/3108] (42%): gpu_execution - TPC-H Query 140.410 s: gpu_execution - TPC-H Query 14
0.040 s: gpu_execution - TPC-H Query 14

[1319/3108] (42%): gpu_execution - TPC-H Query 14 parquet0.475 s: gpu_execution - TPC-H Query 14 parquet
0.041 s: gpu_execution - TPC-H Query 14 parquet

[1320/3108] (42%): gpu_execution - TPC-H Query 150.301 s: gpu_execution - TPC-H Query 15
0.038 s: gpu_execution - TPC-H Query 15

[1321/3108] (42%): gpu_execution - TPC-H Query 15 parquet0.298 s: gpu_execution - TPC-H Query 15 parquet
0.039 s: gpu_execution - TPC-H Query 15 parquet

[1322/3108] (42%): gpu_execution - TPC-H Query 160.305 s: gpu_execution - TPC-H Query 16
0.035 s: gpu_execution - TPC-H Query 16

[1323/3108] (42%): gpu_execution - TPC-H Query 16 parquet0.332 s: gpu_execution - TPC-H Query 16 parquet
0.039 s: gpu_execution - TPC-H Query 16 parquet

[1324/3108] (42%): gpu_execution - TPC-H Query 170.316 s: gpu_execution - TPC-H Query 17
0.035 s: gpu_execution - TPC-H Query 17

[1325/3108] (42%): gpu_execution - TPC-H Query 17 parquet0.320 s: gpu_execution - TPC-H Query 17 parquet
0.037 s: gpu_execution - TPC-H Query 17 parquet

[1326/3108] (42%): gpu_execution - TPC-H Query 180.297 s: gpu_execution - TPC-H Query 18
0.044 s: gpu_execution - TPC-H Query 18

[1327/3108] (42%): gpu_execution - TPC-H Query 18 parquet0.389 s: gpu_execution - TPC-H Query 18 parquet
0.044 s: gpu_execution - TPC-H Query 18 parquet

[1328/3108] (42%): gpu_execution - TPC-H Query 190.271 s: gpu_execution - TPC-H Query 19
0.036 s: gpu_execution - TPC-H Query 19

[1329/3108] (42%): gpu_execution - TPC-H Query 19 parquet0.343 s: gpu_execution - TPC-H Query 19 parquet
0.039 s: gpu_execution - TPC-H Query 19 parquet

[1330/3108] (42%): gpu_execution - TPC-H Query 200.273 s: gpu_execution - TPC-H Query 20
0.036 s: gpu_execution - TPC-H Query 20

[1331/3108] (42%): gpu_execution - TPC-H Query 20 parquet0.323 s: gpu_execution - TPC-H Query 20 parquet
0.041 s: gpu_execution - TPC-H Query 20 parquet

[1332/3108] (42%): gpu_execution - TPC-H Query 210.345 s: gpu_execution - TPC-H Query 21
0.048 s: gpu_execution - TPC-H Query 21

[1333/3108] (42%): gpu_execution - TPC-H Query 21 parquet0.436 s: gpu_execution - TPC-H Query 21 parquet
0.041 s: gpu_execution - TPC-H Query 21 parquet

[1334/3108] (42%): gpu_execution - TPC-H Query 220.314 s: gpu_execution - TPC-H Query 22
0.046 s: gpu_execution - TPC-H Query 22

[1335/3108] (42%): gpu_execution - TPC-H Query 22 parquet0.351 s: gpu_execution - TPC-H Query 22 parquet
0.040 s: gpu_execution - TPC-H Query 22 parquet

[1336/3108] (42%): gpu_execution - tpch_q1_sf10_2gpu-------------------------------------------------------------------------------
gpu_execution - tpch_q1_sf10_2gpu
-------------------------------------------------------------------------------
/home/prestouser/aocsa/sirius-stacks-wt/fix-oom-failfast/test/cpp/integration/test_gpu_execution_tpch.cpp:4472
...............................................................................

/home/prestouser/aocsa/sirius-stacks-wt/fix-oom-failfast/test/cpp/integration/test_gpu_execution_tpch.cpp:4477: warning:
  SIRIUS_TEST_SF10_PATH unset; skipping SF10 Q1 variant (TEST-04 gate)

0.005 s: gpu_execution - tpch_q1_sf10_2gpu

[1337/3108] (43%): gpu_execution - tpch_q6_sf10_2gpu-------------------------------------------------------------------------------
gpu_execution - tpch_q6_sf10_2gpu
-------------------------------------------------------------------------------
/home/prestouser/aocsa/sirius-stacks-wt/fix-oom-failfast/test/cpp/integration/test_gpu_execution_tpch.cpp:4503
...............................................................................

/home/prestouser/aocsa/sirius-stacks-wt/fix-oom-failfast/test/cpp/integration/test_gpu_execution_tpch.cpp:4508: warning:
  SIRIUS_TEST_SF10_PATH unset; skipping SF10 Q6 variant (TEST-04 gate)

0.004 s: gpu_execution - tpch_q6_sf10_2gpu

[1338/3108] (43%): gpu_execution - tpch_q12_sf10_2gpu-------------------------------------------------------------------------------
gpu_execution - tpch_q12_sf10_2gpu
-------------------------------------------------------------------------------
/home/prestouser/aocsa/sirius-stacks-wt/fix-oom-failfast/test/cpp/integration/test_gpu_execution_tpch.cpp:4530
...............................................................................

/home/prestouser/aocsa/sirius-stacks-wt/fix-oom-failfast/test/cpp/integration/test_gpu_execution_tpch.cpp:4535: warning:
  SIRIUS_TEST_SF10_PATH unset; skipping SF10 Q12 variant (TEST-04 gate)

0.004 s: gpu_execution - tpch_q12_sf10_2gpu

[1339/3108] (43%): gpu_execution - tpch_q11_sf10_2gpu-------------------------------------------------------------------------------
gpu_execution - tpch_q11_sf10_2gpu
-------------------------------------------------------------------------------
/home/prestouser/aocsa/sirius-stacks-wt/fix-oom-failfast/test/cpp/integration/test_gpu_execution_tpch.cpp:4573
...............................................................................

/home/prestouser/aocsa/sirius-stacks-wt/fix-oom-failfast/test/cpp/integration/test_gpu_execution_tpch.cpp:4578: warning:
  SIRIUS_TEST_SF10_PATH unset; skipping SF10 Q11 variant (TEST-04 gate)

0.004 s: gpu_execution - tpch_q11_sf10_2gpu

[1340/3108] (43%): gpu_execution - empty result (WHERE false)0.004 s: gpu_execution - empty result (WHERE false)

[1341/3108] (43%): gpu_execution - aggregate over empty result0.004 s: gpu_execution - aggregate over empty result

[1342/3108] (43%): gpu_execution - dummy scan (SELECT literal)0.003 s: gpu_execution - dummy scan (SELECT literal)

[1343/3108] (43%): gpu_execution - values source0.003 s: gpu_execution - values source

[1344/3108] (43%): gpu_execution - count over projection-pruned values preserves cardinality0.003 s: gpu_execution - count over projection-pruned values preserves cardinality

[1345/3108] (43%): gpu_execution - boolean values0.003 s: gpu_execution - boolean values

[1346/3108] (43%): gpu_execution - temporal values0.003 s: gpu_execution - temporal values

[1347/3108] (43%): gpu_execution - DECIMAL32, DECIMAL64, and DECIMAL128 values0.003 s: gpu_execution - DECIMAL32, DECIMAL64, and DECIMAL128 values

[1348/3108] (43%): gpu_execution - values with varchar and nulls0.004 s: gpu_execution - values with varchar and nulls

[1349/3108] (43%): gpu_execution - values spanning multiple chunks0.036 s: gpu_execution - values spanning multiple chunks

[1350/3108] (43%): gpu_execution - values source fanned out to multiple consumers0.005 s: gpu_execution - values source fanned out to multiple consumers

[1351/3108] (43%): gpu_execution - values joined with base table0.007 s: gpu_execution - values joined with base table

[1352/3108] (43%): gpu_execution - oversized values source falls back before GPU materialization0.001 s: gpu_execution - oversized values source falls back before GPU materialization

[1353/3108] (43%): gpu_execution - unsupported HUGEINT values fall back0.002 s: gpu_execution - unsupported HUGEINT values fall back

[1354/3108] (43%): gpu_execution - ungrouped count(*)0.003 s: gpu_execution - ungrouped count(*)

[1355/3108] (43%): gpu_execution - ungrouped count(*) parquet0.007 s: gpu_execution - ungrouped count(*) parquet

[1356/3108] (43%): gpu_execution - ungrouped min0.003 s: gpu_execution - ungrouped min

[1357/3108] (43%): gpu_execution - ungrouped min parquet0.008 s: gpu_execution - ungrouped min parquet

[1358/3108] (43%): gpu_execution - ungrouped max0.003 s: gpu_execution - ungrouped max

[1359/3108] (43%): gpu_execution - ungrouped max parquet0.008 s: gpu_execution - ungrouped max parquet

[1360/3108] (43%): gpu_execution - ungrouped min and max0.003 s: gpu_execution - ungrouped min and max

[1361/3108] (43%): gpu_execution - ungrouped min and max parquet0.008 s: gpu_execution - ungrouped min and max parquet

[1362/3108] (43%): gpu_execution - ungrouped count(*) with min and max0.003 s: gpu_execution - ungrouped count(*) with min and max

[1363/3108] (43%): gpu_execution - ungrouped count(*) with min and max parquet0.008 s: gpu_execution - ungrouped count(*) with min and max parquet

[1364/3108] (43%): gpu_execution - pin_table gpu tier scan and aggregate0.107 s: gpu_execution - pin_table gpu tier scan and aggregate

[1365/3108] (43%): gpu_execution - pin_table gpu tier filter drops pure-filter column0.103 s: gpu_execution - pin_table gpu tier filter drops pure-filter column

[1366/3108] (43%): gpu_execution - pin_table host tier scan and aggregate0.106 s: gpu_execution - pin_table host tier scan and aggregate

[1367/3108] (43%): gpu_execution - pin_table host tier filter drops pure-filter column0.102 s: gpu_execution - pin_table host tier filter drops pure-filter column

[1368/3108] (44%): gpu_execution - pin_table duckdb-native gpu tier scan and aggregate0.024 s: gpu_execution - pin_table duckdb-native gpu tier scan and aggregate

[1369/3108] (44%): gpu_execution - pin_table duckdb-native host tier scan and aggregate0.015 s: gpu_execution - pin_table duckdb-native host tier scan and aggregate

[1370/3108] (44%): gpu_execution - duckdb-native overflow strings fall back to CPU0.008 s: gpu_execution - duckdb-native overflow strings fall back to CPU

[1371/3108] (44%): gpu_execution - pin_table column subset serves a subset query0.032 s: gpu_execution - pin_table column subset serves a subset query

[1372/3108] (44%): gpu_execution - standalone filter drops pure-filter column via projection mapWARNING: Integration result num rows is: 73081. Please consider modifying test to make it smaller and run faster.
0.130 s: gpu_execution - standalone filter drops pure-filter column via projection map

[1373/3108] (44%): gpu_execution - [mgpu-audit] per-GPU distribution on TPC-H Q1-------------------------------------------------------------------------------
gpu_execution - [mgpu-audit] per-GPU distribution on TPC-H Q1
-------------------------------------------------------------------------------
/home/prestouser/aocsa/sirius-stacks-wt/fix-oom-failfast/test/cpp/integration/test_gpu_execution_tpch_mgpu_audit.cpp:138
...............................................................................

/home/prestouser/aocsa/sirius-stacks-wt/fix-oom-failfast/test/cpp/integration/test_gpu_execution_tpch_mgpu_audit.cpp:143: warning:
  [mgpu-audit] native duckdb scan is the default; per-GPU scan markers are not
  emitted on this path — skipping

0.000 s: gpu_execution - [mgpu-audit] per-GPU distribution on TPC-H Q1

[1374/3108] (44%): gpu_execution unique-build INNER join on a PK build side0.020 s: gpu_execution unique-build INNER join on a PK build side

[1375/3108] (44%): gpu_execution unique-build LEFT join NULL-pads through the distinct path0.019 s: gpu_execution unique-build LEFT join NULL-pads through the distinct path

[1376/3108] (44%): gpu_execution unique-build join with an empty probe side0.018 s: gpu_execution unique-build join with an empty probe side

[1377/3108] (44%): gpu_execution delim-shaped NOT EXISTS (q22 DELIM_GET build)0.023 s: gpu_execution delim-shaped NOT EXISTS (q22 DELIM_GET build)

[1378/3108] (44%): gpu_execution delim-shaped NOT EXISTS over an empty table0.019 s: gpu_execution delim-shaped NOT EXISTS over an empty table

[1379/3108] (44%): gpu_execution non-unique build keys preserve match multiplicity0.017 s: gpu_execution non-unique build keys preserve match multiplicity

[1380/3108] (44%): gpu_execution GROUP BY build side through the distinct path0.017 s: gpu_execution GROUP BY build side through the distinct path

[1381/3108] (44%): sirius_knn_search - ENN brute force over pinned table0.037 s: sirius_knn_search - ENN brute force over pinned table

[1382/3108] (44%): sirius_knn_search - default output_columns on a subset-pinned table0.009 s: sirius_knn_search - default output_columns on a subset-pinned table

[1383/3108] (44%): sirius_knn_search - explicit empty output_columns is rejected0.008 s: sirius_knn_search - explicit empty output_columns is rejected

[1384/3108] (44%): sirius_knn_search - explicit unpinned output column is rejected at bind0.008 s: sirius_knn_search - explicit unpinned output column is rejected at bind

[1385/3108] (44%): sirius_knn_search - ENN cosine matches exact top-k0.068 s: sirius_knn_search - ENN cosine matches exact top-k

[1386/3108] (44%): sirius_create_ann_index - prepared statement rebuilds on every execution0.064 s: sirius_create_ann_index - prepared statement rebuilds on every execution

[1387/3108] (44%): sirius_create_ann_index - failed rebuild leaves the existing index in place0.069 s: sirius_create_ann_index - failed rebuild leaves the existing index in place

[1388/3108] (44%): sirius_create_ann_index - findable by identity key0.040 s: sirius_create_ann_index - findable by identity key

[1389/3108] (44%): sirius_drop_ann_index - drops a built index by metric0.024 s: sirius_drop_ann_index - drops a built index by metric

[1390/3108] (44%): sirius_drop_ann_index - no metric drops every index on the column0.039 s: sirius_drop_ann_index - no metric drops every index on the column

[1391/3108] (44%): gpu_execution - pin_table host tier streams without fitting the whole table in GPU2.746 s: gpu_execution - pin_table host tier streams without fitting the whole table in GPU

[1392/3108] (44%): pin_table - same-row-count merge extends cache_info to the column union (single GPU)0.920 s: pin_table - same-row-count merge extends cache_info to the column union (single GPU)

[1393/3108] (44%): pin_table - cached scan serves columns in materialized order (column-order regression)0.015 s: pin tier = host
1.294 s: pin_table - cached scan serves columns in materialized order (column-order regression)
0.014 s: pin tier = gpu
0.909 s: pin_table - cached scan serves columns in materialized order (column-order regression)

[1394/3108] (44%): mvcc delete: committed post-pin deletes are masked out of the cached serve0.036 s: mvcc delete: committed post-pin deletes are masked out of the cached serve

[1395/3108] (44%): mvcc delete: pre-pin checkpointed tombstones are filtered0.026 s: mvcc delete: pre-pin checkpointed tombstones are filtered

[1396/3108] (44%): mvcc delete: the query's own uncommitted deletes are honored and rollback restores0.016 s: mvcc delete: the query's own uncommitted deletes are honored and rollback restores

[1397/3108] (44%): mvcc delete: an untouched pin serves the all-visible fast path0.012 s: mvcc delete: an untouched pin serves the all-visible fast path

[1398/3108] (44%): mvcc delete: host-tier pins mask deletes too0.017 s: mvcc delete: host-tier pins mask deletes too

[1399/3108] (45%): mvcc delete: multi-chunk pin masks the dirty chunk and fast-paths the clean one0.257 s: mvcc delete: multi-chunk pin masks the dirty chunk and fast-paths the clean one

[1400/3108] (45%): mvcc delete: a fully-deleted table serves an empty result0.017 s: mvcc delete: a fully-deleted table serves an empty result

[1401/3108] (45%): mvcc delete: masks are recomputed per query as deletes accumulate0.024 s: mvcc delete: masks are recomputed per query as deletes accumulate

[1402/3108] (45%): mvcc guards: a transaction older than the pin falls back until it commits0.015 s: mvcc guards: a transaction older than the pin falls back until it commits

[1403/3108] (45%): mvcc insert: committed post-pin inserts serve from the cache plus the delta0.013 s: mvcc insert: committed post-pin inserts serve from the cache plus the delta

[1404/3108] (45%): mvcc guards: own-transaction inserts decline; commit serves, rollback resumes0.018 s: mvcc guards: own-transaction inserts decline; commit serves, rollback resumes

[1405/3108] (45%): mvcc guards: column-mismatch always declines while MVCC-pinned0.018 s: mvcc guards: column-mismatch always declines while MVCC-pinned

[1406/3108] (45%): mvcc guards: pinning a table with update chains is refused until CHECKPOINT0.016 s: mvcc guards: pinning a table with update chains is refused until CHECKPOINT

[1407/3108] (45%): mvcc guards: pinning a table with uncheckpointed appends is refused until CHECKPOINT0.015 s: mvcc guards: pinning a table with uncheckpointed appends is refused until CHECKPOINT

[1408/3108] (45%): mvcc delete: a masked pinned table joins an unpinned table correctly0.028 s: mvcc delete: a masked pinned table joins an unpinned table correctly

[1409/3108] (45%): mvcc delete: a self-join of a masked pinned table masks both sides0.023 s: mvcc delete: a self-join of a masked pinned table masks both sides

[1410/3108] (45%): pin_table mvcc - duckdb GPU pin captures v_base and per-chunk counts0.022 s: pin_table mvcc - duckdb GPU pin captures v_base and per-chunk counts

[1411/3108] (45%): pin_table mvcc - duckdb HOST pin captures v_base and per-chunk counts0.009 s: pin_table mvcc - duckdb HOST pin captures v_base and per-chunk counts

[1412/3108] (45%): pin_table mvcc - v_base equals the pin transaction's start_time on the pinned catalog0.005 s: pin_table mvcc - v_base equals the pin transaction's start_time on the pinned catalog

[1413/3108] (45%): pin_table mvcc - multi-chunk pin records the per-chunk rowid partition0.244 s: pin_table mvcc - multi-chunk pin records the per-chunk rowid partition

[1414/3108] (45%): pin_table mvcc - parquet pin carries no MVCC metadata0.007 s: pin_table mvcc - parquet pin carries no MVCC metadata

[1415/3108] (45%): pin_table mvcc - re-pin refreshes v_base through the merge path0.012 s: pin_table mvcc - re-pin refreshes v_base through the merge path

[1416/3108] (45%): pin_table mvcc - duckdb pin suppresses WAL auto-checkpoint0.105 s: pin_table mvcc - duckdb pin suppresses WAL auto-checkpoint

[1417/3108] (45%): pin_table mvcc - INSERT and DELETE run while the table is pinned0.012 s: pin_table mvcc - INSERT and DELETE run while the table is pinned

[1418/3108] (45%): pin_table mvcc - attach_mvcc_metadata without an entry throws0.002 s: pin_table mvcc - attach_mvcc_metadata without an entry throws

[1419/3108] (45%): pin_table mvcc - chunk validator accepts contiguous whole row groups0.000 s: pin_table mvcc - chunk validator accepts contiguous whole row groups

[1420/3108] (45%): pin_table mvcc - chunk validator rejects a rowid gap between chunks0.000 s: pin_table mvcc - chunk validator rejects a rowid gap between chunks

[1421/3108] (45%): pin_table mvcc - chunk validator rejects out-of-order row groups within a chunk0.000 s: pin_table mvcc - chunk validator rejects out-of-order row groups within a chunk

[1422/3108] (45%): pin_table mvcc - chunk validator rejects a decoded/metadata row-count mismatch0.000 s: pin_table mvcc - chunk validator rejects a decoded/metadata row-count mismatch

[1423/3108] (45%): pin_table mvcc - chunk validator skips non-duckdb batches0.000 s: pin_table mvcc - chunk validator skips non-duckdb batches

[1424/3108] (45%): mvcc insert: rows inserted then deleted before the query never appear0.024 s: mvcc insert: rows inserted then deleted before the query never appear

[1425/3108] (45%): mvcc insert: an older snapshot does not see newer committed inserts0.017 s: mvcc insert: an older snapshot does not see newer committed inserts

[1426/3108] (45%): mvcc insert: base deletes and post-pin inserts combine in one query0.032 s: mvcc insert: base deletes and post-pin inserts combine in one query

[1427/3108] (45%): mvcc insert: bulk inserts ride the persistent MergeStorage lane0.020 s: mvcc insert: bulk inserts ride the persistent MergeStorage lane

[1428/3108] (45%): mvcc insert: bulk constant inserts decode from blockless CONSTANT segments0.035 s: mvcc insert: bulk constant inserts decode from blockless CONSTANT segments

[1429/3108] (45%): mvcc insert: appends into an indexed tail row group keep per-segment constants0.097 s: mvcc insert: appends into an indexed tail row group keep per-segment constants

[1430/3108] (46%): mvcc insert: bulk all-NULL inserts keep their NULLs0.035 s: mvcc insert: bulk all-NULL inserts keep their NULLs

[1431/3108] (46%): mvcc insert: bulk all-NULL varchar keeps its NULLs0.037 s: mvcc insert: bulk all-NULL varchar keeps its NULLs

[1432/3108] (46%): mvcc insert: an unaligned all-NULL row group does not bleed nulls forward0.025 s: mvcc insert: an unaligned all-NULL row group does not bleed nulls forward

[1433/3108] (46%): mvcc insert: varchar and NULLs decode through the delta0.051 s: mvcc insert: varchar and NULLs decode through the delta

[1434/3108] (46%): mvcc insert: host-tier pins serve the delta too0.017 s: mvcc insert: host-tier pins serve the delta too

[1435/3108] (46%): mvcc insert: a self-join shares one delta capture across both sides0.022 s: mvcc insert: a self-join shares one delta capture across both sides

[1436/3108] (46%): mvcc insert: joins with unpinned tables see the delta rows0.025 s: mvcc insert: joins with unpinned tables see the delta rows

[1437/3108] (46%): mvcc insert: a delta growing across queries stays snapshot-exact0.026 s: mvcc insert: a delta growing across queries stays snapshot-exact

[1438/3108] (46%): mvcc insert: a tiny pin serves a delta larger than its base0.014 s: mvcc insert: a tiny pin serves a delta larger than its base

[1439/3108] (46%): mvcc insert: zone-map-pruned base still serves matching delta rows0.016 s: mvcc insert: zone-map-pruned base still serves matching delta rows

[1440/3108] (46%): mvcc guards: big-string deltas decline at plan time0.019 s: mvcc guards: big-string deltas decline at plan time

[1441/3108] (46%): mvcc guards: rowid-only scans keep declining with a delta present0.010 s: mvcc guards: rowid-only scans keep declining with a delta present

[1442/3108] (46%): mvcc insert: the residency gate installs no narrow sidecar when deltas serve0.019 s: mvcc insert: the residency gate installs no narrow sidecar when deltas serve

[1443/3108] (46%): mvcc insert: a pinned ARRAY column serves the base from cache0.013 s: mvcc insert: a pinned ARRAY column serves the base from cache

[1444/3108] (46%): mvcc insert: post-pin ARRAY inserts serve through the transient delta0.019 s: mvcc insert: post-pin ARRAY inserts serve through the transient delta

[1445/3108] (46%): mvcc insert: bulk ARRAY inserts ride the persistent delta lane0.042 s: mvcc insert: bulk ARRAY inserts ride the persistent delta lane

[1446/3108] (46%): mvcc insert: ARRAY delta preserves array-level and child NULLs0.017 s: mvcc insert: ARRAY delta preserves array-level and child NULLs

[1447/3108] (46%): mvcc guards: an uncheckpointed append refuses an ARRAY-only pin0.016 s: mvcc guards: an uncheckpointed append refuses an ARRAY-only pin

[1448/3108] (46%): mvcc guards: an ARRAY with a non-fixed-width child is refused0.010 s: mvcc guards: an ARRAY with a non-fixed-width child is refused

[1449/3108] (46%): mvcc update guard: UPDATE fails before modifying a pinned table0.009 s: mvcc update guard: UPDATE fails before modifying a pinned table

[1450/3108] (46%): mvcc update guard: prepared UPDATE observes pins created after prepare0.006 s: mvcc update guard: prepared UPDATE observes pins created after prepare

[1451/3108] (46%): mvcc update guard: rebound prepared UPDATE validates its current target0.007 s: mvcc update guard: rebound prepared UPDATE validates its current target

[1452/3108] (46%): mvcc update guard: another connection cannot update a pinned table0.009 s: mvcc update guard: another connection cannot update a pinned table

[1453/3108] (46%): mvcc update guard: pinning waits for an executing update0.107 s: mvcc update guard: pinning waits for an executing update

[1454/3108] (46%): mvcc update guard: update-producing INSERT and MERGE forms are rejected0.009 s: mvcc update guard: update-producing INSERT and MERGE forms are rejected

[1455/3108] (46%): mvcc update guard: pinning existing update chains requires a checkpoint0.012 s: mvcc update guard: pinning existing update chains requires a checkpoint

[1456/3108] (46%): mvcc update guard: a checkpoint under a live pin never serves stale data0.012 s: mvcc update guard: a checkpoint under a live pin never serves stale data

[1457/3108] (46%): mvcc update guard: query validation waits for an active checkpoint fence0.111 s: mvcc update guard: query validation waits for an active checkpoint fence

[1458/3108] (46%): pin_table type drift - INTEGER pin recreated as DATE serves fresh dates0.021 s: tier = gpu
0.023 s: pin_table type drift - INTEGER pin recreated as DATE serves fresh dates
0.020 s: tier = host
0.022 s: pin_table type drift - INTEGER pin recreated as DATE serves fresh dates

[1459/3108] (46%): pin_table type drift - DATE pin recreated as INTEGER serves fresh integers0.020 s: tier = gpu
0.021 s: pin_table type drift - DATE pin recreated as INTEGER serves fresh integers
0.021 s: tier = host
0.022 s: pin_table type drift - DATE pin recreated as INTEGER serves fresh integers

[1460/3108] (46%): pin_table type drift - narrowed pin misses cleanly with narrowing off at query time0.020 s: tier = gpu
0.022 s: pin_table type drift - narrowed pin misses cleanly with narrowing off at query time
0.020 s: tier = host
0.022 s: pin_table type drift - narrowed pin misses cleanly with narrowing off at query time

[1461/3108] (47%): pin_table type drift - no-drift control: matching natives still cache-serve0.013 s: tier = gpu
0.015 s: pin_table type drift - no-drift control: matching natives still cache-serve
0.014 s: tier = host
0.015 s: pin_table type drift - no-drift control: matching natives still cache-serve

[1462/3108] (47%): pin_table type drift - BIGINT pin recreated as INTEGER serves fresh integers0.020 s: tier = gpu
0.021 s: pin_table type drift - BIGINT pin recreated as INTEGER serves fresh integers
0.020 s: tier = host
0.021 s: pin_table type drift - BIGINT pin recreated as INTEGER serves fresh integers

[1463/3108] (47%): gpu_execution - pinned zone maps prune clustered parquet chunks end to end0.104 s: tier = host
0.674 s: gpu_execution - pinned zone maps prune clustered parquet chunks end to end
0.105 s: tier = gpu
0.671 s: gpu_execution - pinned zone maps prune clustered parquet chunks end to end
0.196 s: capture disabled at pin time yields a statless entry
0.753 s: gpu_execution - pinned zone maps prune clustered parquet chunks end to end

[1464/3108] (47%): gpu_execution - pinned zone maps prune clustered duckdb-native chunks end to end0.019 s: tier = host
0.624 s: gpu_execution - pinned zone maps prune clustered duckdb-native chunks end to end
0.018 s: tier = gpu
0.696 s: gpu_execution - pinned zone maps prune clustered duckdb-native chunks end to end

[1465/3108] (47%): gpu_execution - table_gpu cache warm cross-GPU hazard (follow-up #17)-------------------------------------------------------------------------------
gpu_execution - table_gpu cache warm cross-GPU hazard (follow-up #17)
-------------------------------------------------------------------------------
/home/prestouser/aocsa/sirius-stacks-wt/fix-oom-failfast/test/cpp/integration/test_table_gpu_cache_warm_mgpu.cpp:125
...............................................................................

/home/prestouser/aocsa/sirius-stacks-wt/fix-oom-failfast/test/cpp/integration/test_table_gpu_cache_warm_mgpu.cpp:131: warning:
  follow-up #17 repro requires >=2 GPUs; single-GPU host — skipping (per
  Catch2 v2 WARN+return convention)

0.000 s: gpu_execution - table_gpu cache warm cross-GPU hazard (follow-up #17)

[1466/3108] (47%): transparent execution: specialized regex matches generic implementation0.035 s: transparent execution: specialized regex matches generic implementation

[1467/3108] (47%): runtime fallback: basic=============================================
Error in Sirius GPU execution, fallback to DuckDB
=============================================
0.008 s: runtime fallback: basic

[1468/3108] (47%): runtime fallback: sees own uncommitted writes=============================================
Error in Sirius GPU execution, fallback to DuckDB
=============================================
=============================================
Error in Sirius GPU execution, fallback to DuckDB
=============================================
0.006 s: runtime fallback: sees own uncommitted writes

[1469/3108] (47%): runtime fallback: snapshot is stable across a concurrent commit=============================================
Error in Sirius GPU execution, fallback to DuckDB
=============================================
=============================================
Error in Sirius GPU execution, fallback to DuckDB
=============================================
=============================================
Error in Sirius GPU execution, fallback to DuckDB
=============================================
0.008 s: runtime fallback: snapshot is stable across a concurrent commit

[1470/3108] (47%): runtime fallback: disabled surfaces error without invalidating session0.007 s: runtime fallback: disabled surfaces error without invalidating session

[1471/3108] (47%): runtime fallback: plan-time fallback is gated by the setting0.009 s: runtime fallback: plan-time fallback is gated by the setting

[1472/3108] (47%): runtime fallback: setting defaults true and is session-overridable0.002 s: runtime fallback: setting defaults true and is session-overridable

[1473/3108] (47%): unsupported parquet round projection falls back without killing the process3.975 s: unsupported parquet round projection falls back without killing the process

[1474/3108] (47%): unsupported parquet struct extraction falls back without killing the process3.440 s: unsupported parquet struct extraction falls back without killing the process

[1475/3108] (47%): unsupported parquet list extraction falls back without killing the process6.691 s: unsupported parquet list extraction falls back without killing the process

[1476/3108] (47%): unsupported ORDER BY expression falls back without killing the process5.881 s: unsupported ORDER BY expression falls back without killing the process

[1477/3108] (47%): unsupported TOP-N expression falls back without killing the process6.904 s: unsupported TOP-N expression falls back without killing the process

[1478/3108] (47%): unsupported aggregate child projection falls back without killing the process4.820 s: unsupported aggregate child projection falls back without killing the process

[1479/3108] (47%): unsupported join expressions fall back without killing the process5.137 s: unsupported join expressions fall back without killing the process

[1480/3108] (47%): S3 mix fallback guards preserve supported nested and aggregate behavior3.325 s: S3 mix fallback guards preserve supported nested and aggregate behavior

[1481/3108] (47%): an unsupported filter above a join falls back during planning0.026 s: an unsupported filter above a join falls back during planning

[1482/3108] (47%): supported IS NOT NULL filter stays on GPU for parquet3.475 s: supported IS NOT NULL filter stays on GPU for parquet

[1483/3108] (47%): supported IS NOT NULL filter stays on GPU for native storage3.279 s: supported IS NOT NULL filter stays on GPU for native storage

[1484/3108] (47%): nested sort keys fall back during planning rather than execution3.227 s: nested sort keys fall back during planning rather than execution

[1485/3108] (47%): LIMIT zero is optimized to an empty result that stays on GPU3.632 s: LIMIT zero is optimized to an empty result that stays on GPU

[1486/3108] (47%): unsupported projection over an empty parquet falls back during planning3.277 s: unsupported projection over an empty parquet falls back during planning

[1487/3108] (47%): a stats-pruned scan is optimized to an empty result that stays on GPU3.227 s: a stats-pruned scan is optimized to an empty result that stays on GPU

[1488/3108] (47%): unsupported table-function diagnostics include the function name0.009 s: unsupported table-function diagnostics include the function name

[1489/3108] (47%): DuckDB diagnostic sanitizer preserves invalid JSON-like messages0.000 s: DuckDB diagnostic sanitizer preserves invalid JSON-like messages

[1490/3108] (47%): DuckDB diagnostic sanitizer preserves valid non-envelope JSON messages0.000 s: DuckDB diagnostic sanitizer preserves valid non-envelope JSON messages

[1491/3108] (47%): a live origin resolves to its entry0.000 s: a live origin resolves to its entry

[1492/3108] (48%): a default-constructed origin fails closed0.000 s: a default-constructed origin fails closed

[1493/3108] (48%): an origin captured before an unpin fails closed0.000 s: an origin captured before an unpin fails closed

[1494/3108] (48%): an origin captured before an in-place merge fails closed0.000 s: an origin captured before an in-place merge fails closed

[1495/3108] (48%): a zero generation never resolves, even against a live handle0.000 s: a zero generation never resolves, even against a live handle

[1496/3108] (48%): a row range spans exactly its own rows0.000 s: a row range spans exactly its own rows

[1497/3108] (48%): live_rows follows the selection's own form0.000 s: live_rows follows the selection's own form

[1498/3108] (48%): the gate reads its environment once and the same way0.000 s: the gate reads its environment once and the same way

[1499/3108] (48%): a layout derives its row starts from its batches0.000 s: a layout derives its row starts from its batches

[1500/3108] (48%): an unordered selection with repeats prepares to its own id set0.012 s: an unordered selection with repeats prepares to its own id set

[1501/3108] (48%): a batch whose rows all survive is marked dense and prepares nothing0.000 s: a batch whose rows all survive is marked dense and prepares nothing

[1502/3108] (48%): an empty selection prepares to nothing, per batch0.000 s: an empty selection prepares to nothing, per batch

[1503/3108] (48%): a batch nothing selected still holds its place0.000 s: a batch nothing selected still holds its place

[1504/3108] (48%): constructing a prepared selection does no device work0.000 s: constructing a prepared selection does no device work

[1505/3108] (48%): an id past the end of the pinned table is refused0.000 s: an id past the end of the pinned table is refused

[1506/3108] (48%): a sorted selection materializes its rows in table order0.000 s: a sorted selection materializes its rows in table order

[1507/3108] (48%): an unordered selection with repeats comes back in the caller's order0.000 s: an unordered selection with repeats comes back in the caller's order

[1508/3108] (48%): a multi-batch string column takes the canonical path and still answers in order0.001 s: a multi-batch string column takes the canonical path and still answers in order

[1509/3108] (48%): a dense batch is copied whole and still lands in order0.000 s: a dense batch is copied whole and still lands in order

[1510/3108] (48%): an empty selection materializes an empty column of the right type0.000 s: an empty selection materializes an empty column of the right type

[1511/3108] (48%): a column whose batches disagree with the prepared layout is refused0.000 s: a column whose batches disagree with the prepared layout is refused

[1512/3108] (48%): a rowid becomes its columns again, in the batch's own order0.000 s: a rowid becomes its columns again, in the batch's own order

[1513/3108] (48%): a batch of another shape is declined, not materialized0.001 s: a batch of another shape is declined, not materialized

[1514/3108] (48%): a deferred payload rides a real plan and comes back right-------------------------------------------------------------------------------
a deferred payload rides a real plan and comes back right
-------------------------------------------------------------------------------
/home/prestouser/aocsa/sirius-stacks-wt/fix-oom-failfast/test/cpp/integration/test_late_mat_deferred_query.cpp:172
...............................................................................

/home/prestouser/aocsa/sirius-stacks-wt/fix-oom-failfast/test/cpp/integration/test_late_mat_deferred_query.cpp:175: warning:
  SIRIUS_EXP_LATE_MAT unset; skipping the end-to-end deferral case

0.000 s: a deferred payload rides a real plan and comes back right

[1515/3108] (48%): late-mat declines a filtered duckdb-native pin and still answers correctly-------------------------------------------------------------------------------
late-mat declines a filtered duckdb-native pin and still answers correctly
-------------------------------------------------------------------------------
/home/prestouser/aocsa/sirius-stacks-wt/fix-oom-failfast/test/cpp/integration/test_late_mat_native_filter.cpp:73
...............................................................................

/home/prestouser/aocsa/sirius-stacks-wt/fix-oom-failfast/test/cpp/integration/test_late_mat_native_filter.cpp:78: warning:
  SIRIUS_EXP_LATE_MAT unset; skipping the duckdb-native filtered-pin case

0.002 s: late-mat declines a filtered duckdb-native pin and still answers correctly

[1516/3108] (48%): a wide bundle over a long ride installs0.000 s: a wide bundle over a long ride installs

[1517/3108] (48%): a narrow dimension ride over a short one is refused0.000 s: a narrow dimension ride over a short one is refused

[1518/3108] (48%): a wide bundle over a short ride is refused0.000 s: a wide bundle over a short ride is refused

[1519/3108] (48%): the floor is net of the rowid the ride carries instead0.000 s: the floor is net of the rowid the ride carries instead

[1520/3108] (48%): a wider bundle evicts a narrower one holding the same slot0.000 s: a wider bundle evicts a narrower one holding the same slot

[1521/3108] (48%): bundles for different slots do not compete0.000 s: bundles for different slots do not compete

[1522/3108] (48%): a candidate that could never install does not evict one that could0.000 s: a candidate that could never install does not evict one that could

[1523/3108] (49%): every candidate gets an outcome, refusals included0.000 s: every candidate gets an outcome, refusals included

[1524/3108] (49%): a deferral substitutes a rowid and placeholders in place0.000 s: a deferral substitutes a rowid and placeholders in place

[1525/3108] (49%): the restored types are the producer's original ones0.000 s: the restored types are the producer's original ones

[1526/3108] (49%): the two halves name the same positions0.000 s: the two halves name the same positions

[1527/3108] (49%): a directive fires only on the batch it was built for0.000 s: a directive fires only on the batch it was built for

[1528/3108] (49%): a batch of another shape is declined0.000 s: a batch of another shape is declined

[1529/3108] (49%): unbuildable requests produce no pair at all0.000 s: unbuildable requests produce no pair at all

[1530/3108] (49%): a pair with an empty origin is refused0.000 s: a pair with an empty origin is refused

[1531/3108] (49%): the port's coordinates are its own, not the scan's0.000 s: the port's coordinates are its own, not the scan's

[1532/3108] (49%): a column may not change type on the ride0.000 s: a column may not change type on the ride

[1533/3108] (49%): a pinned column stored narrowed rides to a port that expects it restored0.000 s: a pinned column stored narrowed rides to a port that expects it restored

[1534/3108] (49%): a type disagreement that is not a carrier width still refuses0.000 s: a type disagreement that is not a carrier width still refuses

[1535/3108] (49%): a column nothing reads travels to the top of the plan0.000 s: a column nothing reads travels to the top of the plan

[1536/3108] (49%): a filter reads its predicate's columns and moves the rest0.000 s: a filter reads its predicate's columns and moves the rest

[1537/3108] (49%): a projection that computes with a column reads it0.000 s: a projection that computes with a column reads it

[1538/3108] (49%): an unmodelled operator consumes everything0.000 s: an unmodelled operator consumes everything

[1539/3108] (49%): a column a projection drops stops there0.000 s: a column a projection drops stops there

[1540/3108] (49%): an rhs column is offset by the lhs's EMITTED width0.000 s: an rhs column is offset by the lhs's EMITTED width

[1541/3108] (49%): a column a join does not project out stops there0.000 s: a column a join does not project out stops there

[1542/3108] (49%): a join that emits no lhs columns still places its rhs0.000 s: a join that emits no lhs columns still places its rhs

[1543/3108] (49%): columns that stop at the same operator bundle together0.000 s: columns that stop at the same operator bundle together

[1544/3108] (49%): a column nothing reads is not a candidate0.000 s: a column nothing reads is not a candidate

[1545/3108] (49%): a variable-width column is valued below its real width0.000 s: a variable-width column is valued below its real width

[1546/3108] (49%): a payload riding an outer join is deferrable but marked nullified0.000 s: a payload riding an outer join is deferrable but marked nullified

[1547/3108] (49%): nothing is nullified on a ride with no outer join0.000 s: nothing is nullified on a ride with no outer join

[1548/3108] (49%): only a pipeline sink costs the ride anything0.000 s: only a pipeline sink costs the ride anything

[1549/3108] (49%): a join-child wrap concat carries the payload past0.000 s: a join-child wrap concat carries the payload past

[1550/3108] (49%): a join key may not be deferred, however far it rides0.000 s: a join key may not be deferred, however far it rides

[1551/3108] (49%): a wide bundle over a long ride plans a deferral at its reader0.000 s: a wide bundle over a long ride plans a deferral at its reader

[1552/3108] (49%): a short ride plans nothing, and says so0.000 s: a short ride plans nothing, and says so

[1553/3108] (49%): one rowid rides, so the narrower of two bundles is refused0.000 s: one rowid rides, so the narrower of two bundles is refused

[1554/3108] (50%): both halves install together, and only once0.000 s: both halves install together, and only once

[1555/3108] (50%): a column an outer join could null is withheld from the weighing0.000 s: a column an outer join could null is withheld from the weighing

[1556/3108] (50%): a group key stops at the aggregate and reports the ride past it0.000 s: a group key stops at the aggregate and reports the ride past it

[1557/3108] (50%): a column that is grouped AND aggregated is read0.000 s: a column that is grouped AND aggregated is read

[1558/3108] (50%): a column the aggregate does not emit stops there0.000 s: a column the aggregate does not emit stops there

[1559/3108] (50%): a two-stage aggregate is one ride through both halves0.000 s: a two-stage aggregate is one ride through both halves

[1560/3108] (50%): a partition below a join still refuses a group key0.000 s: a partition below a join still refuses a group key

[1561/3108] (50%): the q10 shape reports the ride past the aggregate0.000 s: the q10 shape reports the ride past the aggregate

[1562/3108] (50%): no proof candidate means no extension is reported0.000 s: no proof candidate means no extension is reported

[1563/3108] (50%): a column only ever counted is marked as such0.000 s: a column only ever counted is marked as such

[1564/3108] (50%): a join key records which condition compared it0.000 s: a join key records which condition compared it

[1565/3108] (50%): a join key records whether its condition is a bare column equality0.000 s: a join key records whether its condition is a bare column equality

[1566/3108] (50%): a bundle every column of which is only counted is planned count-only0.000 s: a bundle every column of which is only counted is planned count-only

[1567/3108] (50%): a carrier-restore cast is recorded as a site the ride passes through0.000 s: a carrier-restore cast is recorded as a site the ride passes through

[1568/3108] (50%): neutralizing rewrites the restores below the port and leaves the rest0.000 s: neutralizing rewrites the restores below the port and leaves the rest

[1569/3108] (50%): a pinned entry resolves to the layout it actually holds0.000 s: a pinned entry resolves to the layout it actually holds

[1570/3108] (50%): a column resolves to one source per batch, in pin order0.000 s: a column resolves to one source per batch, in pin order

[1571/3108] (50%): a stale origin resolves to nothing at all0.000 s: a stale origin resolves to nothing at all

[1572/3108] (50%): a column position the entry does not have resolves to nothing0.000 s: a column position the entry does not have resolves to nothing

[1573/3108] (50%): a host-tier entry is not served0.000 s: a host-tier entry is not served

[1574/3108] (50%): a compressed chunk with no readable table is not deferred0.039 s: a compressed chunk with no readable table is not deferred

[1575/3108] (50%): a column whose chunks disagree on their carrier is not deferred0.000 s: a column whose chunks disagree on their carrier is not deferred

[1576/3108] (50%): an origin materializes the rows a join asked for, end to end0.000 s: an origin materializes the rows a join asked for, end to end

[1577/3108] (50%): a single batch materializes through the raw gather path0.000 s: a single batch materializes through the raw gather path

[1578/3108] (50%): a single uncompressed batch may carry nulls, and the mask survives materialize0.000 s: a single uncompressed batch may carry nulls, and the mask survives materialize

[1579/3108] (50%): a multi-batch column carries nulls through the multi-source gather kernel0.000 s: a multi-batch column carries nulls through the multi-source gather kernel

[1580/3108] (50%): an origin does not survive the pin it names being replaced0.000 s: an origin does not survive the pin it names being replaced

[1581/3108] (50%): an origin does not survive an unpin0.000 s: an origin does not survive an unpin

[1582/3108] (50%): pin, unpin, re-pin leaves the first origin unable to resolve0.000 s: pin, unpin, re-pin leaves the first origin unable to resolve

[1583/3108] (50%): the probe selection reads the gate0.000 s: the probe selection reads the gate

[1584/3108] (50%): a key split across chunks in the wrong order is still proven0.005 s: a key split across chunks in the wrong order is still proven

[1585/3108] (50%): a duplicate inside one chunk is refused0.000 s: a duplicate inside one chunk is refused

[1586/3108] (51%): chunks that could share a value are refused0.001 s: chunks that could share a value are refused

[1587/3108] (51%): a single-row chunk repeated is refused0.000 s: a single-row chunk repeated is refused

[1588/3108] (51%): an empty chunk carries no evidence either way0.000 s: an empty chunk carries no evidence either way

[1589/3108] (51%): nulls are refused; a type the cheap stage cannot judge is only undecided0.000 s: nulls are refused; a type the cheap stage cannot judge is only undecided

[1590/3108] (51%): an unobserved column is never claimed0.000 s: an unobserved column is never claimed

[1591/3108] (51%): undecided is told apart from refused0.001 s: undecided is told apart from refused

[1592/3108] (51%): the exact check decides what the range test could not0.000 s: the exact check decides what the range test could not

[1593/3108] (51%): a chunk of the wrong width abandons the proof0.000 s: a chunk of the wrong width abandons the proof

[1594/3108] (51%): the pinned entry records the proof by name0.050 s: the pinned entry records the proof by name

[1595/3108] (51%): a replacing re-pin starts with no facts0.049 s: a replacing re-pin starts with no facts

[1596/3108] (51%): a merge reports only the columns it actually stored0.049 s: a merge reports only the columns it actually stored

[1597/3108] (51%): sha256_hex returns standard digests0.003 s: sha256_hex returns standard digests

[1598/3108] (51%): uri_encode follows RFC3986 rules needed by SigV40.000 s: uri_encode follows RFC3986 rules needed by SigV4

[1599/3108] (51%): uri_encode canonicalizes literal S3 keys exactly once0.000 s: uri_encode canonicalizes literal S3 keys exactly once

[1600/3108] (51%): sign_request rejects incomplete signer config0.000 s: sign_request rejects incomplete signer config

[1601/3108] (51%): sign_request signs empty GET payload with sha256 empty digest0.000 s: sign_request signs empty GET payload with sha256 empty digest

[1602/3108] (51%): sign_request injects temporary credential session token header0.000 s: sign_request injects temporary credential session token header

[1603/3108] (51%): presign_url matches AWS S3 published query-auth vector0.000 s: presign_url matches AWS S3 published query-auth vector

[1604/3108] (51%): presign_url binds the signature to the HTTP method0.000 s: presign_url binds the signature to the HTTP method

[1605/3108] (51%): presign_url injects session token only when present0.000 s: presign_url injects session token only when present

[1606/3108] (51%): presign_url keeps canonical query ordering deterministic0.000 s: presign_url keeps canonical query ordering deterministic

[1607/3108] (51%): presign_url signs only the host header0.000 s: presign_url signs only the host header

[1608/3108] (51%): presign_url propagates ttl into X-Amz-Expires0.000 s: presign_url propagates ttl into X-Amz-Expires

[1609/3108] (51%): presign_url rejects invalid required inputs0.000 s: presign_url rejects invalid required inputs

[1610/3108] (51%): presign_url leaves already-encoded canonical URI untouched0.000 s: presign_url leaves already-encoded canonical URI untouched

[1611/3108] (51%): presign_url preserves the caller-selected scheme0.000 s: presign_url preserves the caller-selected scheme

[1612/3108] (51%): default-visible S3 tests do not silently skip live MinIO work0.446 s: default-visible S3 tests do not silently skip live MinIO work

[1613/3108] (51%): S3 default-visibility guard classifies synthetic test sources0.000 s: excludes the guard source file itself from auto-discovery results
0.000 s: S3 default-visibility guard classifies synthetic test sources
0.000 s: flags a newly discovered default-visible S3 test that calls the live guard
0.000 s: S3 default-visibility guard classifies synthetic test sources
0.000 s: handles Catch template test cases without matching TEST_CASE as a substring
0.000 s: S3 default-visibility guard classifies synthetic test sources
0.000 s: does not flag hidden S3 integration or benchmark tests
0.000 s: S3 default-visibility guard classifies synthetic test sources
0.000 s: does not flag clean S3 tests or non-S3 tests that call the live guard
0.000 s: S3 default-visibility guard classifies synthetic test sources
0.000 s: ignores live-guard tokens inside comments and string literals
0.000 s: S3 default-visibility guard classifies synthetic test sources
0.000 s: matches braces while skipping comments and raw string literals
0.000 s: S3 default-visibility guard classifies synthetic test sources

[1614/3108] (51%): ListObjectsV2 parser extracts ordered keys, sizes, and pagination0.000 s: ListObjectsV2 parser extracts ordered keys, sizes, and pagination

[1615/3108] (51%): ListObjectsV2 parser ignores non-object keys and preserves flat-key order0.000 s: ListObjectsV2 parser ignores non-object keys and preserves flat-key order

[1616/3108] (51%): ListObjectsV2 parser rejects non-list bodies and malformed sizes0.000 s: ListObjectsV2 parser rejects non-list bodies and malformed sizes

[1617/3108] (52%): ListObjectsV2 parser rejects Contents without a Key0.000 s: ListObjectsV2 parser rejects Contents without a Key

[1618/3108] (52%): ListObjectsV2 parser rejects an unclosed Key0.000 s: ListObjectsV2 parser rejects an unclosed Key

[1619/3108] (52%): ListObjectsV2 parser rejects an empty Key0.000 s: ListObjectsV2 parser rejects an empty Key

[1620/3108] (52%): ListObjectsV2 parser requires IsTruncated0.000 s: ListObjectsV2 parser requires IsTruncated

[1621/3108] (52%): ListObjectsV2 parser rejects invalid IsTruncated values0.000 s: value=TRUE
0.000 s: ListObjectsV2 parser rejects invalid IsTruncated values
0.000 s: value=1
0.000 s: ListObjectsV2 parser rejects invalid IsTruncated values
0.000 s: value=garbage
0.000 s: ListObjectsV2 parser rejects invalid IsTruncated values
0.000 s: unclosed element
0.000 s: ListObjectsV2 parser rejects invalid IsTruncated values

[1622/3108] (52%): ListObjectsV2 parser requires a token for a truncated page0.000 s: ListObjectsV2 parser requires a token for a truncated page

[1623/3108] (52%): ListObjectsV2 parser trims a valid IsTruncated value0.000 s: ListObjectsV2 parser trims a valid IsTruncated value

[1624/3108] (52%): ListObjectsV2 parser rejects object entries after the root element0.000 s: ListObjectsV2 parser rejects object entries after the root element

[1625/3108] (52%): ListObjectsV2 parser does not read IsTruncated outside the root0.000 s: ListObjectsV2 parser does not read IsTruncated outside the root

[1626/3108] (52%): ListObjectsV2 parser does not read a continuation token outside the root0.000 s: ListObjectsV2 parser does not read a continuation token outside the root

[1627/3108] (52%): ListObjectsV2 parser rejects a root close before the root open0.000 s: ListObjectsV2 parser rejects a root close before the root open

[1628/3108] (52%): ListObjectsV2 parser accepts a prologue, root namespace, and trailing whitespace0.000 s: ListObjectsV2 parser accepts a prologue, root namespace, and trailing whitespace

[1629/3108] (52%): ListObjectsV2 parser rejects a root-name prefix collision0.000 s: ListObjectsV2 parser rejects a root-name prefix collision

[1630/3108] (52%): ListObjectsV2 parser rejects content before the root element0.000 s: ListObjectsV2 parser rejects content before the root element

[1631/3108] (52%): ListObjectsV2 parser accepts a prologue and newline before the root0.000 s: ListObjectsV2 parser accepts a prologue and newline before the root

[1632/3108] (52%): s3_request_authorizer base rejects LIST until implementations opt in0.000 s: s3_request_authorizer base rejects LIST until implementations opt in

[1633/3108] (52%): sirius_sigv4_presigned_authorizer signs sorted ListObjectsV2 query params0.000 s: sirius_sigv4_presigned_authorizer signs sorted ListObjectsV2 query params

[1634/3108] (52%): sirius_sigv4_header_authorizer signs ListObjectsV2 canonical queries0.000 s: sirius_sigv4_header_authorizer signs ListObjectsV2 canonical queries

[1635/3108] (52%): SigV4 LIST rejects X-Amz query smuggling0.000 s: SigV4 LIST rejects X-Amz query smuggling

[1636/3108] (52%): sirius_sigv4_presigned_authorizer normalizes HTTPS endpoint0.000 s: sirius_sigv4_presigned_authorizer normalizes HTTPS endpoint

[1637/3108] (52%): sirius_sigv4_presigned_authorizer preserves HTTP endpoint ports0.000 s: sirius_sigv4_presigned_authorizer preserves HTTP endpoint ports

[1638/3108] (52%): sirius_sigv4_presigned_authorizer rejects malformed construction inputs0.000 s: sirius_sigv4_presigned_authorizer rejects malformed construction inputs

[1639/3108] (52%): sirius_sigv4_header_authorizer signs with headers and plain path-style URLs0.000 s: sirius_sigv4_header_authorizer signs with headers and plain path-style URLs

[1640/3108] (52%): sirius_sigv4_header_authorizer omits session-token header for long-lived keys0.000 s: sirius_sigv4_header_authorizer omits session-token header for long-lived keys

[1641/3108] (52%): sirius_sigv4_presigned_authorizer generates distinct GET and HEAD URLs0.000 s: sirius_sigv4_presigned_authorizer generates distinct GET and HEAD URLs

[1642/3108] (52%): sirius_sigv4_presigned_authorizer encodes bucket and key path components0.000 s: sirius_sigv4_presigned_authorizer encodes bucket and key path components

[1643/3108] (52%): sirius_sigv4_presigned_authorizer propagates session tokens0.000 s: sirius_sigv4_presigned_authorizer propagates session tokens

[1644/3108] (52%): static_credentials_from maps object_store_config session tokens into SigV4 URLs0.000 s: static_credentials_from maps object_store_config session tokens into SigV4 URLs

[1645/3108] (52%): sirius_sigv4_presigned_authorizer honors per-call timeout0.000 s: sirius_sigv4_presigned_authorizer honors per-call timeout

[1646/3108] (52%): sirius_sigv4_presigned_authorizer rejects empty object references0.000 s: sirius_sigv4_presigned_authorizer rejects empty object references

[1647/3108] (52%): sirius_sigv4_presigned_authorizer is safe under concurrent presigning0.001 s: sirius_sigv4_presigned_authorizer is safe under concurrent presigning

[1648/3108] (53%): mock_request_authorizer returns canned URLs and records calls0.000 s: mock_request_authorizer returns canned URLs and records calls

[1649/3108] (53%): mock_request_authorizer can force credential errors0.000 s: mock_request_authorizer can force credential errors

[1650/3108] (53%): static_credentials default constructs to empty inert values0.000 s: static_credentials default constructs to empty inert values

[1651/3108] (53%): static_credentials preserves session token and expiration across copies0.000 s: static_credentials preserves session token and expiration across copies

[1652/3108] (53%): parquet_helpers extract_schema maps flat parquet leaves0.598 s: parquet_helpers extract_schema maps flat parquet leaves

[1653/3108] (53%): parquet_helpers extract_schema maps decimal date and timestamp annotations0.032 s: parquet_helpers extract_schema maps decimal date and timestamp annotations

[1654/3108] (53%): parquet_helpers extract_schema maps top-level struct columns0.001 s: parquet_helpers extract_schema maps top-level struct columns

[1655/3108] (53%): parquet_helpers extract_schema maps top-level list columns0.000 s: parquet_helpers extract_schema maps top-level list columns

[1656/3108] (53%): parquet_helpers extract_schema maps parquet map columns to DuckDB MAP0.000 s: parquet_helpers extract_schema maps parquet map columns to DuckDB MAP

[1657/3108] (53%): parquet_helpers extract_schema maps deep nested columns and resumes at next scalar0.000 s: parquet_helpers extract_schema maps deep nested columns and resumes at next scalar

[1658/3108] (53%): uri_parser parses bare absolute paths as file URIs0.000 s: uri_parser parses bare absolute paths as file URIs

[1659/3108] (53%): uri_parser parses file scheme with absolute path0.000 s: uri_parser parses file scheme with absolute path

[1660/3108] (53%): uri_parser treats S3 object keys as literal bytes0.000 s: uri_parser treats S3 object keys as literal bytes

[1661/3108] (53%): uri_parser keeps query and fragment delimiters inside S3 keys0.000 s: uri_parser keeps query and fragment delimiters inside S3 keys

[1662/3108] (53%): uri_parser accepts malformed percent sequences as literal S3 key bytes0.000 s: uri_parser accepts malformed percent sequences as literal S3 key bytes

[1663/3108] (53%): uri_parser applies the literal S3 path to uppercase schemes0.000 s: uri_parser applies the literal S3 path to uppercase schemes

[1664/3108] (53%): uri_parser preserves S3 leading slashes in object key0.000 s: uri_parser preserves S3 leading slashes in object key

[1665/3108] (53%): uri_parser accepts project-internal schemes0.000 s: uri_parser accepts project-internal schemes

[1666/3108] (53%): uri_parser leaves non-S3 object-store URI semantics unchanged0.000 s: scheme=gs
0.000 s: uri_parser leaves non-S3 object-store URI semantics unchanged
0.000 s: scheme=azure
0.000 s: uri_parser leaves non-S3 object-store URI semantics unchanged
0.000 s: scheme=http
0.000 s: uri_parser leaves non-S3 object-store URI semantics unchanged
0.000 s: scheme=https
0.000 s: uri_parser leaves non-S3 object-store URI semantics unchanged

[1667/3108] (53%): uri_parser query parser decodes values and keeps last duplicate0.000 s: uri_parser query parser decodes values and keeps last duplicate

[1668/3108] (53%): uri_parser rejects malformed input0.000 s: uri_parser rejects malformed input

[1669/3108] (53%): io_object_segment single-buffer ctor seeds one buffer0.000 s: io_object_segment single-buffer ctor seeds one buffer

[1670/3108] (53%): io_object_segment::append fuses a buffer and grows size0.000 s: io_object_segment::append fuses a buffer and grows size

[1671/3108] (53%): contiguous detects adjacency0.000 s: contiguous detects adjacency

[1672/3108] (53%): fill_remaining_buffers resumes after a short read0.000 s: skip == 0 returns the whole list
0.000 s: fill_remaining_buffers resumes after a short read
0.000 s: skip lands exactly on an iovec boundary drops consumed entries
0.000 s: fill_remaining_buffers resumes after a short read
0.000 s: skip straddling an iovec advances into it
0.000 s: fill_remaining_buffers resumes after a short read
0.000 s: skip into the last iovec
0.000 s: fill_remaining_buffers resumes after a short read

[1673/3108] (53%): prep_host_rxv_request fuses contiguous same-fd segments into one readv0.000 s: prep_host_rxv_request fuses contiguous same-fd segments into one readv

[1674/3108] (53%): prep_host_rxv_request starts a new group at a non-contiguous boundary0.000 s: prep_host_rxv_request starts a new group at a non-contiguous boundary

[1675/3108] (53%): prep_host_rxv_request caps each group at max_n_chunks0.000 s: prep_host_rxv_request caps each group at max_n_chunks

[1676/3108] (53%): prep_host_rxv_request keeps a null-buffer segment standalone between vectored runs0.000 s: prep_host_rxv_request keeps a null-buffer segment standalone between vectored runs

[1677/3108] (53%): prep_host_rxv_request does not fuse segments with different fds0.000 s: prep_host_rxv_request does not fuse segments with different fds

[1678/3108] (53%): prep_host_rxv_request clamps bytes_requested at EOF0.000 s: prep_host_rxv_request clamps bytes_requested at EOF

[1679/3108] (54%): prep_host_rxv_request on empty input yields a ready zero-byte request0.000 s: prep_host_rxv_request on empty input yields a ready zero-byte request

[1680/3108] (54%): align_and_coalesce rounds ends out to the default O_DIRECT alignment0.000 s: align_and_coalesce rounds ends out to the default O_DIRECT alignment

[1681/3108] (54%): align_and_coalesce fuses ranges that overlap after alignment0.000 s: align_and_coalesce fuses ranges that overlap after alignment

[1682/3108] (54%): align_and_coalesce keeps disjoint aligned ranges separate and sorted0.000 s: align_and_coalesce keeps disjoint aligned ranges separate and sorted

[1683/3108] (54%): align_and_coalesce honors a larger caller alignment0.000 s: align_and_coalesce honors a larger caller alignment

[1684/3108] (54%): align_and_coalesce ignores an alignment smaller than the reactor's0.000 s: align_and_coalesce ignores an alignment smaller than the reactor's

[1685/3108] (54%): align_and_coalesce drops empty ranges and handles empty input0.000 s: align_and_coalesce drops empty ranges and handles empty input

[1686/3108] (54%): prep_host_to_device fuses contiguous bounce buffers into one readv with a batched copy0.000 s: prep_host_to_device fuses contiguous bounce buffers into one readv with a batched copy

[1687/3108] (54%): prep_host_to_device clips the batched copy to the request window0.000 s: prep_host_to_device clips the batched copy to the request window

[1688/3108] (54%): prep_host_to_device caps each readv group at max_n_chunks0.000 s: prep_host_to_device caps each readv group at max_n_chunks

[1689/3108] (54%): rest_reactor::supports only accepts s3 URLs0.000 s: rest_reactor::supports only accepts s3 URLs

[1690/3108] (54%): align_and_coalesce coalesces without alignment by default0.000 s: empty input
0.000 s: align_and_coalesce coalesces without alignment by default
0.000 s: zero-size ranges dropped
0.000 s: align_and_coalesce coalesces without alignment by default
0.000 s: disjoint ranges stay separate and sorted
0.000 s: align_and_coalesce coalesces without alignment by default
0.000 s: overlapping ranges merge
0.000 s: align_and_coalesce coalesces without alignment by default
0.000 s: adjacent ranges merge
0.000 s: align_and_coalesce coalesces without alignment by default

[1691/3108] (54%): align_and_coalesce honors a caller alignment as a lower bound0.000 s: align_and_coalesce honors a caller alignment as a lower bound

[1692/3108] (54%): prep_host_rx_request builds a single chunk for the segment0.000 s: non-empty segment
0.000 s: prep_host_rx_request builds a single chunk for the segment
0.000 s: zero-size segment yields no chunks
0.000 s: prep_host_rx_request builds a single chunk for the segment

[1693/3108] (54%): prep_host_rxv_request builds one chunk per non-empty segment0.000 s: three in-range segments
0.000 s: prep_host_rxv_request builds one chunk per non-empty segment
0.000 s: segment past EOF is clamped away
0.000 s: prep_host_rxv_request builds one chunk per non-empty segment
0.000 s: segment straddling EOF is clamped to the file end
0.000 s: prep_host_rxv_request builds one chunk per non-empty segment
0.000 s: empty segment list yields no chunks
0.000 s: prep_host_rxv_request builds one chunk per non-empty segment

[1694/3108] (54%): prep_host_rx_request splits a contiguous read by max_read_split0.000 s: a read below 2 MiB stays a single GET
0.000 s: prep_host_rx_request splits a contiguous read by max_read_split
0.000 s: split count is capped by max_read_split
0.000 s: prep_host_rx_request splits a contiguous read by max_read_split
0.000 s: pieces stay at least 1 MiB when max_read_split exceeds size / 1 MiB
0.000 s: prep_host_rx_request splits a contiguous read by max_read_split
0.000 s: an uneven split spreads the remainder over the leading pieces
0.000 s: prep_host_rx_request splits a contiguous read by max_read_split

[1695/3108] (54%): prep_host_rxv_request fuses file-adjacent segments into a scatter GET0.000 s: three contiguous segments, separate buffers -> one multi-buffer chunk
0.000 s: prep_host_rxv_request fuses file-adjacent segments into a scatter GET
0.000 s: max_n_chunks caps the fusion
0.000 s: prep_host_rxv_request fuses file-adjacent segments into a scatter GET
0.000 s: chunk_size caps the fused span
0.000 s: prep_host_rxv_request fuses file-adjacent segments into a scatter GET
0.000 s: non-contiguous segments stay separate
0.000 s: prep_host_rxv_request fuses file-adjacent segments into a scatter GET
0.000 s: a large segment in the vector is split
0.000 s: prep_host_rxv_request fuses file-adjacent segments into a scatter GET

[1696/3108] (54%): prep_host_to_device fuses contiguous segments into a multi-copy chunk0.000 s: three contiguous buffers, full overlap -> one chunk, three copies
0.000 s: prep_host_to_device fuses contiguous segments into a multi-copy chunk
0.000 s: partial device window clips each buffer's copy
0.000 s: prep_host_to_device fuses contiguous segments into a multi-copy chunk
0.000 s: max_n_chunks caps the fused buffers per chunk
0.000 s: prep_host_to_device fuses contiguous segments into a multi-copy chunk
0.000 s: non-contiguous buffers stay separate single-copy chunks
0.000 s: prep_host_to_device fuses contiguous segments into a multi-copy chunk

[1697/3108] (54%): prep_host_to_device keeps null-buffer segments as standalone bounce-staged chunks0.000 s: real-null-real neighbors are not fused across the null segment
0.000 s: prep_host_to_device keeps null-buffer segments as standalone bounce-staged chunks
0.000 s: adjacent null-buffer segments are not fused
0.000 s: prep_host_to_device keeps null-buffer segments as standalone bounce-staged chunks

[1698/3108] (54%): device_cpy_request rejects null-derived host sources before cuda memcpy0.001 s: device_cpy_request rejects null-derived host sources before cuda memcpy

[1699/3108] (54%): duckdb sink forwards Sirius logs into duckdb_logs0.029 s: duckdb sink forwards Sirius logs into duckdb_logs

[1700/3108] (54%): duckdb sink is a safe no-op after the database is destroyed0.028 s: duckdb sink is a safe no-op after the database is destroyed

[1701/3108] (54%): Unknown level names are rejected and leave the default0.000 s: Unknown level names are rejected and leave the default

[1702/3108] (54%): SIRIUS_LOG macros format and attribute the call site0.001 s: SIRIUS_LOG macros format and attribute the call site

[1703/3108] (54%): Concurrent logging survives sink swaps0.138 s: Concurrent logging survives sink swaps

[1704/3108] (54%): set_sink(nullptr) installs a discarding sink0.000 s: set_sink(nullptr) installs a discarding sink

[1705/3108] (54%): io_context_registry routes full paths before the kvikio catch-all0.046 s: io_context_registry routes full paths before the kvikio catch-all

[1706/3108] (54%): io_context_registry keeps local paths on kvikio when Sirius local datasource is disabled0.043 s: io_context_registry keeps local paths on kvikio when Sirius local datasource is disabled

[1707/3108] (54%): scan_manager create_datasource resolves s3 paths to restful ioctx0.047 s: scan_manager create_datasource resolves s3 paths to restful ioctx

[1708/3108] (54%): scan_manager concurrent first-touch reuses one routed S3 ioctx0.078 s: scan_manager concurrent first-touch reuses one routed S3 ioctx

[1709/3108] (54%): scan_manager create_datasource normalizes file URI paths before routing0.047 s: scan_manager create_datasource normalizes file URI paths before routing

[1710/3108] (55%): scan_manager preserves S3 routing when local Sirius datasource fallback is disabled0.047 s: scan_manager preserves S3 routing when local Sirius datasource fallback is disabled

[1711/3108] (55%): scan_manager re-primes routed S3 cache on every query0.049 s: scan_manager re-primes routed S3 cache on every query

[1712/3108] (55%): scan_manager tolerates routed S3 ioctx without a prefetch cache0.045 s: scan_manager tolerates routed S3 ioctx without a prefetch cache

[1713/3108] (55%): rest perf instrumentation flag gates micro counters0.001 s: flag off leaves latency micro-counters at zero while safety counters are readable
0.151 s: rest perf instrumentation flag gates micro counters
0.001 s: flag on records GET, queue, H2D, and TTFB timings
0.045 s: rest perf instrumentation flag gates micro counters

[1714/3108] (55%): rest perf safety counters track retries and terminal failures0.002 s: 503 retries are counted even when latency instrumentation is off
0.045 s: rest perf safety counters track retries and terminal failures
0.001 s: exhausted retries are reported as terminal failures
0.045 s: rest perf safety counters track retries and terminal failures

[1715/3108] (55%): rest perf queue wait counts original requests rather than retry attempts0.044 s: rest perf queue wait counts original requests rather than retry attempts

[1716/3108] (55%): rest perf snapshot aggregates counters across the reactor pool0.045 s: rest perf snapshot aggregates counters across the reactor pool

[1717/3108] (55%): parquet_gpu_ingestible resolver routes each parquet file independently0.045 s: parquet_gpu_ingestible resolver routes each parquet file independently

[1718/3108] (55%): split_provider resolver routes mixed parquet files independently0.045 s: split_provider resolver routes mixed parquet files independently

[1719/3108] (55%): pin_table - PIN-MGPU-01 multi-GPU chunk distribution-------------------------------------------------------------------------------
pin_table - PIN-MGPU-01 multi-GPU chunk distribution
-------------------------------------------------------------------------------
/home/prestouser/aocsa/sirius-stacks-wt/fix-oom-failfast/test/cpp/scan_manager/test_pin_table_multi_gpu.cpp:123
...............................................................................

/home/prestouser/aocsa/sirius-stacks-wt/fix-oom-failfast/test/cpp/operator/mgpu_test_utils.hpp:148: warning:
  MGPU operator test requires >=2 GPUs; single-GPU host — skipping

0.000 s: pin_table - PIN-MGPU-01 multi-GPU chunk distribution

[1720/3108] (55%): pin_table - PIN-MGPU-01 routing via [mgpu-audit]-------------------------------------------------------------------------------
pin_table - PIN-MGPU-01 routing via [mgpu-audit]
-------------------------------------------------------------------------------
/home/prestouser/aocsa/sirius-stacks-wt/fix-oom-failfast/test/cpp/scan_manager/test_pin_table_multi_gpu.cpp:200
...............................................................................

/home/prestouser/aocsa/sirius-stacks-wt/fix-oom-failfast/test/cpp/operator/mgpu_test_utils.hpp:148: warning:
  MGPU operator test requires >=2 GPUs; single-GPU host — skipping

0.000 s: pin_table - PIN-MGPU-01 routing via [mgpu-audit]

[1721/3108] (55%): pin_table - PIN-MGPU-01 host-tier multi-GPU pin-------------------------------------------------------------------------------
pin_table - PIN-MGPU-01 host-tier multi-GPU pin
-------------------------------------------------------------------------------
/home/prestouser/aocsa/sirius-stacks-wt/fix-oom-failfast/test/cpp/scan_manager/test_pin_table_multi_gpu.cpp:298
...............................................................................

/home/prestouser/aocsa/sirius-stacks-wt/fix-oom-failfast/test/cpp/operator/mgpu_test_utils.hpp:148: warning:
  MGPU operator test requires >=2 GPUs; single-GPU host — skipping

0.000 s: pin_table - PIN-MGPU-01 host-tier multi-GPU pin

[1722/3108] (55%): pin_table - host-tier cached path serves column read after overwrite (single GPU)0.978 s: pin_table - host-tier cached path serves column read after overwrite (single GPU)

[1723/3108] (55%): pin_table - host-tier cached path serves MAX(k) after overwrite (multi-GPU)-------------------------------------------------------------------------------
pin_table - host-tier cached path serves MAX(k) after overwrite (multi-GPU)
-------------------------------------------------------------------------------
/home/prestouser/aocsa/sirius-stacks-wt/fix-oom-failfast/test/cpp/scan_manager/test_pin_table_multi_gpu.cpp:449
...............................................................................

/home/prestouser/aocsa/sirius-stacks-wt/fix-oom-failfast/test/cpp/operator/mgpu_test_utils.hpp:148: warning:
  MGPU operator test requires >=2 GPUs; single-GPU host — skipping

0.000 s: pin_table - host-tier cached path serves MAX(k) after overwrite (multi-GPU)

[1724/3108] (55%): pin_table - host-tier cached scan dispatches on both GPUs (multi-GPU)-------------------------------------------------------------------------------
pin_table - host-tier cached scan dispatches on both GPUs (multi-GPU)
-------------------------------------------------------------------------------
/home/prestouser/aocsa/sirius-stacks-wt/fix-oom-failfast/test/cpp/scan_manager/test_pin_table_multi_gpu.cpp:567
...............................................................................

/home/prestouser/aocsa/sirius-stacks-wt/fix-oom-failfast/test/cpp/operator/mgpu_test_utils.hpp:148: warning:
  MGPU operator test requires >=2 GPUs; single-GPU host — skipping

0.000 s: pin_table - host-tier cached scan dispatches on both GPUs (multi-GPU)

[1725/3108] (55%): pin_table - host-tier cached path serves SUM(v) after overwrite (multi-GPU)-------------------------------------------------------------------------------
pin_table - host-tier cached path serves SUM(v) after overwrite (multi-GPU)
-------------------------------------------------------------------------------
/home/prestouser/aocsa/sirius-stacks-wt/fix-oom-failfast/test/cpp/scan_manager/test_pin_table_multi_gpu.cpp:640
...............................................................................

/home/prestouser/aocsa/sirius-stacks-wt/fix-oom-failfast/test/cpp/operator/mgpu_test_utils.hpp:148: warning:
  MGPU operator test requires >=2 GPUs; single-GPU host — skipping

0.000 s: pin_table - host-tier cached path serves SUM(v) after overwrite (multi-GPU)

[1726/3108] (55%): pin_table - same-row-count merge appends every chunk for new columns-------------------------------------------------------------------------------
pin_table - same-row-count merge appends every chunk for new columns
-------------------------------------------------------------------------------
/home/prestouser/aocsa/sirius-stacks-wt/fix-oom-failfast/test/cpp/scan_manager/test_pin_table_multi_gpu.cpp:722
...............................................................................

/home/prestouser/aocsa/sirius-stacks-wt/fix-oom-failfast/test/cpp/operator/mgpu_test_utils.hpp:148: warning:
  MGPU operator test requires >=2 GPUs; single-GPU host — skipping

0.000 s: pin_table - same-row-count merge appends every chunk for new columns

[1727/3108] (55%): drain_cached_provider forwards every batch then closes0.036 s: drain_cached_provider forwards every batch then closes

[1728/3108] (55%): drain_cached_provider surfaces a provider exception instead of hanging0.000 s: drain_cached_provider surfaces a provider exception instead of hanging

[1729/3108] (55%): drain_cached_provider forwards the mvcc keep-mask and filter flag onto each split0.000 s: drain_cached_provider forwards the mvcc keep-mask and filter flag onto each split

[1730/3108] (55%): cached provider pairs chunk i with mask-set slot i0.000 s: with a mask set
0.000 s: cached provider pairs chunk i with mask-set slot i
0.000 s: without a mask set every chunk serves unmasked
0.000 s: cached provider pairs chunk i with mask-set slot i

[1731/3108] (55%): cached provider gates the decode-side pushdown per chunk on the mvcc mask slot0.000 s: cached provider gates the decode-side pushdown per chunk on the mvcc mask slot

[1732/3108] (55%): cached provider marks only selected converting columns0.000 s: a selected converting column marks only its chunk
0.000 s: cached provider marks only selected converting columns
0.000 s: converting unselected columns do not mark the served batch
0.000 s: cached provider marks only selected converting columns

[1733/3108] (55%): cached provider computes exact conversion-destination bytes per chunk0.000 s: a stored carrier that already equals the plan target is charge-free
0.000 s: cached provider computes exact conversion-destination bytes per chunk
0.000 s: a compressed chunk whose recorded carrier equals the plan target is charge-free
0.000 s: cached provider computes exact conversion-destination bytes per chunk
0.000 s: per-column exact destination in the target's width
0.000 s: cached provider computes exact conversion-destination bytes per chunk
0.000 s: a stored validity mask adds the destination mask bytes
0.000 s: cached provider computes exact conversion-destination bytes per chunk
0.000 s: no sidecar over narrow storage still charges the native restore
0.000 s: cached provider computes exact conversion-destination bytes per chunk
0.000 s: a sidecar narrowing a native cached carrier charges the narrow destination
0.000 s: cached provider computes exact conversion-destination bytes per chunk
0.000 s: a trailing pure-filter column is never charged
0.000 s: cached provider computes exact conversion-destination bytes per chunk
0.000 s: non-converting selections report zero destination bytes
0.000 s: cached provider computes exact conversion-destination bytes per chunk
0.000 s: host-tier chunks compute from the host column metadata
0.000 s: cached provider computes exact conversion-destination bytes per chunk
0.000 s: compressed chunks take rows from the representation and always add the mask term
0.000 s: cached provider computes exact conversion-destination bytes per chunk

[1734/3108] (55%): pinned_column_narrowed_in_all_chunks folds the marker matrix per column0.000 s: empty (all-native compat) matrix folds false
0.000 s: pinned_column_narrowed_in_all_chunks folds the marker matrix per column
0.000 s: columns fold independently
0.000 s: pinned_column_narrowed_in_all_chunks folds the marker matrix per column
0.000 s: out-of-range position folds false
0.000 s: pinned_column_narrowed_in_all_chunks folds the marker matrix per column

[1735/3108] (55%): pinned_column_narrow_carrier derives the widest recorded carrier per column0.000 s: uniform carrier
0.000 s: pinned_column_narrow_carrier derives the widest recorded carrier per column
0.000 s: mixed widths derive the widest
0.000 s: pinned_column_narrow_carrier derives the widest recorded carrier per column
0.000 s: a drifted or unrecorded pin-time native yields nullopt
0.000 s: pinned_column_narrow_carrier derives the widest recorded carrier per column
0.000 s: a false marker yields nullopt
0.000 s: pinned_column_narrow_carrier derives the widest recorded carrier per column
0.000 s: a zero-chunk entry yields nullopt
0.000 s: pinned_column_narrow_carrier derives the widest recorded carrier per column
0.000 s: a carrier outside a strict same-family narrowing yields nullopt
0.000 s: pinned_column_narrow_carrier derives the widest recorded carrier per column
0.000 s: decimal carriers preserve the recorded scale
0.000 s: pinned_column_narrow_carrier derives the widest recorded carrier per column
0.000 s: a DECIMAL(p,0)-shaped carrier keeps its zero scale distinct from the integer family
0.000 s: pinned_column_narrow_carrier derives the widest recorded carrier per column
0.000 s: out-of-range entry_position yields nullopt
0.000 s: pinned_column_narrow_carrier derives the widest recorded carrier per column
0.000 s: a matrix wider than the entry's columns yields nullopt
0.000 s: pinned_column_narrow_carrier derives the widest recorded carrier per column

[1736/3108] (55%): masked and filtered resident splits report the filter-copy working-set peak0.000 s: masked and filtered resident splits report the filter-copy working-set peak

[1737/3108] (55%): drain_cached_provider honors a pre-stopped token0.000 s: drain_cached_provider honors a pre-stopped token

[1738/3108] (55%): validate_pinned_entry_for_serving accepts well-formed and zero-chunk entries0.000 s: well-formed GPU entry
0.000 s: validate_pinned_entry_for_serving accepts well-formed and zero-chunk entries
0.000 s: zero-chunk GPU entry
0.000 s: validate_pinned_entry_for_serving accepts well-formed and zero-chunk entries
0.000 s: well-formed HOST entry
0.000 s: validate_pinned_entry_for_serving accepts well-formed and zero-chunk entries
0.000 s: well-formed compression-enabled GPU entry (device_chunks)
0.000 s: validate_pinned_entry_for_serving accepts well-formed and zero-chunk entries

[1739/3108] (55%): build_cached_scan_plan counts device_chunks for a compression-enabled GPU pin0.000 s: build_cached_scan_plan counts device_chunks for a compression-enabled GPU pin

[1740/3108] (55%): build_cached_scan_plan honors an allowed-chunks restriction0.000 s: identity plan over the allowed set only
0.000 s: build_cached_scan_plan honors an allowed-chunks restriction
0.000 s: out-of-range allowed indices are dropped, not served
0.000 s: build_cached_scan_plan honors an allowed-chunks restriction
0.000 s: empty allowed set yields an empty plan (caller must treat as a miss)
0.000 s: build_cached_scan_plan honors an allowed-chunks restriction

[1741/3108] (56%): validate_pinned_entry_for_serving refuses malformed entries0.000 s: per-column chunk counts disagree
0.000 s: validate_pinned_entry_for_serving refuses malformed entries
0.000 s: selected column missing from the entry's storage
0.000 s: validate_pinned_entry_for_serving refuses malformed entries
0.000 s: chunk_memory_spaces does not cover every chunk
0.000 s: validate_pinned_entry_for_serving refuses malformed entries
0.000 s: null chunk memory_space
0.000 s: validate_pinned_entry_for_serving refuses malformed entries
0.000 s: null GPU chunk
0.000 s: validate_pinned_entry_for_serving refuses malformed entries
0.000 s: storage-metadata matrix chunk count disagrees
0.000 s: validate_pinned_entry_for_serving refuses malformed entries
0.000 s: storage-metadata matrix column count disagrees
0.000 s: validate_pinned_entry_for_serving refuses malformed entries
0.000 s: host storage-metadata matrix shape disagrees
0.000 s: validate_pinned_entry_for_serving refuses malformed entries
0.000 s: null host chunk
0.000 s: validate_pinned_entry_for_serving refuses malformed entries
0.000 s: device_chunk missing a selected uncompressed column
0.000 s: validate_pinned_entry_for_serving refuses malformed entries
0.000 s: device_chunk has a null uncompressed column
0.000 s: validate_pinned_entry_for_serving refuses malformed entries

[1742/3108] (56%): prepare_for_processing steals the converted table from a per-query wrapper batch0.000 s: prepare_for_processing steals the converted table from a per-query wrapper batch

[1743/3108] (56%): prepare_for_processing never steals from a GPU-resident (pin-shaped) batch0.000 s: prepare_for_processing never steals from a GPU-resident (pin-shaped) batch

[1744/3108] (56%): prepare_for_processing gates immediate and transactional converted-table steals0.000 s: mvcc keep-mask pending
0.000 s: prepare_for_processing gates immediate and transactional converted-table steals
0.000 s: row filter pending
0.000 s: prepare_for_processing gates immediate and transactional converted-table steals
0.000 s: carrier conversion pending
0.000 s: prepare_for_processing gates immediate and transactional converted-table steals
0.000 s: row filter pending with carrier conversion
0.000 s: prepare_for_processing gates immediate and transactional converted-table steals
0.000 s: decode-row-filtered carrier conversion regains the transactional path
0.000 s: prepare_for_processing gates immediate and transactional converted-table steals

[1745/3108] (56%): transactional converted-table steal rolls back and commits on retry0.000 s: transactional converted-table steal rolls back and commits on retry

[1746/3108] (56%): transactional steal refuses a downgraded wrapper without mutating it0.000 s: transactional steal refuses a downgraded wrapper without mutating it

[1747/3108] (56%): transactional steal serves decode-row-filtered splits but refuses predicate columns0.000 s: transactional steal serves decode-row-filtered splits but refuses predicate columns

[1748/3108] (56%): pinned_column_narrow_carrier derives from recorded metadata on compressed entries0.000 s: compression-enabled device entry (device_chunks form)
0.000 s: pinned_column_narrow_carrier derives from recorded metadata on compressed entries
0.000 s: compressed host chunk (empty blob -- nothing here decompresses)
0.000 s: pinned_column_narrow_carrier derives from recorded metadata on compressed entries

[1749/3108] (56%): validate_pinned_entry_for_serving checks the device-entry matrix shape0.000 s: empty matrix (all-native compat) passes
0.000 s: validate_pinned_entry_for_serving checks the device-entry matrix shape
0.000 s: matrix with the wrong chunk count throws
0.000 s: validate_pinned_entry_for_serving checks the device-entry matrix shape
0.000 s: matrix with the wrong column count throws
0.000 s: validate_pinned_entry_for_serving checks the device-entry matrix shape

[1750/3108] (56%): validate_recorded_column_storage cross-checks recorded carriers against storage0.000 s: a matrix matching the stored types passes
0.000 s: validate_recorded_column_storage cross-checks recorded carriers against storage
0.000 s: GPU tables: a contradictory recorded carrier throws
0.000 s: validate_recorded_column_storage cross-checks recorded carriers against storage
0.000 s: host chunks: a contradictory recorded carrier throws
0.000 s: validate_recorded_column_storage cross-checks recorded carriers against storage
0.000 s: device chunks: a contradictory recorded carrier throws
0.000 s: validate_recorded_column_storage cross-checks recorded carriers against storage
0.000 s: an opaque chunk is trusted, not cross-checked
0.000 s: validate_recorded_column_storage cross-checks recorded carriers against storage
0.000 s: insertion requires coverage while serving tolerates an empty matrix
0.000 s: validate_recorded_column_storage cross-checks recorded carriers against storage

[1751/3108] (56%): insert-delta job: bundles carry staged bytes and oracle-exact masks1.132 s: insert-delta job: bundles carry staged bytes and oracle-exact masks

[1752/3108] (56%): insert-delta job: all-visible bundles serve unmasked1.126 s: insert-delta job: all-visible bundles serve unmasked

[1753/3108] (56%): insert-delta job: all-invisible bundles are dropped1.066 s: insert-delta job: all-invisible bundles are dropped

[1754/3108] (56%): insert-delta job: a tiny byte budget splits bundles per row group1.081 s: insert-delta job: a tiny byte budget splits bundles per row group

[1755/3108] (56%): insert-delta job: per-operator cuts subset the union and share storage1.097 s: insert-delta job: per-operator cuts subset the union and share storage

[1756/3108] (56%): insert-delta job: file-backed splits each own a duplicated datasource1.101 s: insert-delta job: file-backed splits each own a duplicated datasource

[1757/3108] (56%): insert-delta job: blockless-only splits carry no datasource1.109 s: insert-delta job: blockless-only splits carry no datasource

[1758/3108] (56%): insert-delta job: a delta spanning multiple capture ranges merges in order1.154 s: insert-delta job: a delta spanning multiple capture ranges merges in order

[1759/3108] (56%): insert-delta job: no delta is a no-op1.067 s: insert-delta job: no delta is a no-op

[1760/3108] (56%): prefetcher admission floor holds against concurrent workers0.381 s: prefetcher admission floor holds against concurrent workers

[1761/3108] (56%): prefetcher conversion draws down its reservation instead of double-counting0.055 s: prefetcher conversion draws down its reservation instead of double-counting

[1762/3108] (56%): prefetched batch converts to GPU tier bit-exactly and reads back on another stream0.036 s: prefetched batch converts to GPU tier bit-exactly and reads back on another stream

[1763/3108] (56%): prefetcher backs off cleanly when the peak reservation cannot be admitted0.414 s: prefetcher backs off cleanly when the peak reservation cannot be admitted

[1764/3108] (56%): fan_out_and_join assembles concurrent disjoint writes exactly once0.001 s: fan_out_and_join assembles concurrent disjoint writes exactly once

[1765/3108] (56%): fan_out_and_join rethrows the first task error after the join0.001 s: fan_out_and_join rethrows the first task error after the join

[1766/3108] (56%): fan_out_and_join turns dropped tasks into a loud error, not a deadlock0.000 s: fan_out_and_join turns dropped tasks into a loud error, not a deadlock

[1767/3108] (56%): fan_out_and_join with zero tasks returns immediately0.000 s: fan_out_and_join with zero tasks returns immediately

[1768/3108] (56%): run_mvcc_mask_jobs keeps pinned masks for dirty chunks only1.222 s: run_mvcc_mask_jobs keeps pinned masks for dirty chunks only

[1769/3108] (56%): run_mvcc_mask_jobs fills checkpoint-grown chunks through a single task1.218 s: run_mvcc_mask_jobs fills checkpoint-grown chunks through a single task

[1770/3108] (56%): run_mvcc_mask_jobs is a no-op for version-state-free tables2.197 s: run_mvcc_mask_jobs is a no-op for version-state-free tables

[1771/3108] (56%): prepare_mvcc_mask_tasks stages dispatch-free work that fills and finalizes by hand1.130 s: prepare_mvcc_mask_tasks stages dispatch-free work that fills and finalizes by hand

[1772/3108] (57%): finalize_mvcc_masks resets carved chunks whose fill dropped no rows1.088 s: finalize_mvcc_masks resets carved chunks whose fill dropped no rows

[1773/3108] (57%): prepare_mvcc_mask_tasks stages nothing for version-state-free tables2.227 s: prepare_mvcc_mask_tasks stages nothing for version-state-free tables

[1774/3108] (57%): run_mvcc_mask_jobs handles two requests over the same table1.101 s: run_mvcc_mask_jobs handles two requests over the same table

[1775/3108] (57%): pinned_chunk_stats - classifier accepts allowed static shapes0.000 s: pinned_chunk_stats - classifier accepts allowed static shapes

[1776/3108] (57%): pinned_chunk_stats - classifier rejects dynamic filters at any depth0.000 s: pinned_chunk_stats - classifier rejects dynamic filters at any depth

[1777/3108] (57%): pinned_chunk_stats - classifier rejects unsupported shapes and malformed nodes0.000 s: pinned_chunk_stats - classifier rejects unsupported shapes and malformed nodes

[1778/3108] (57%): pinned_chunk_stats - classifier requires exact logical type equality0.000 s: pinned_chunk_stats - classifier requires exact logical type equality

[1779/3108] (57%): pinned_chunk_stats - prune only on provable emptiness0.000 s: pinned_chunk_stats - prune only on provable emptiness

[1780/3108] (57%): pinned_chunk_stats - prune handles null-based proofs0.000 s: pinned_chunk_stats - prune handles null-based proofs

[1781/3108] (57%): pinned_chunk_stats - prune is conservative on unsafe input0.000 s: pinned_chunk_stats - prune is conservative on unsafe input

[1782/3108] (57%): pinned_chunk_stats - DATE and TIMESTAMP stats prune with exactly-typed constants0.000 s: pinned_chunk_stats - DATE and TIMESTAMP stats prune with exactly-typed constants

[1783/3108] (57%): pinned_zone_maps - from_capture pivots a well-formed capture and preserves null cells0.000 s: pinned_zone_maps - from_capture pivots a well-formed capture and preserves null cells

[1784/3108] (57%): pinned_zone_maps - from_capture normalizes malformed captures to absent0.000 s: pinned_zone_maps - from_capture normalizes malformed captures to absent

[1785/3108] (57%): pinned_zone_maps - accessors are total on well-formed sidecars0.000 s: pinned_zone_maps - accessors are total on well-formed sidecars

[1786/3108] (57%): pinned_zone_maps - append_column_from mirrors a stats-carrying merge0.000 s: pinned_zone_maps - append_column_from mirrors a stats-carrying merge

[1787/3108] (57%): pinned_zone_maps - append_column_from degrades one-way on incompatible merges0.000 s: incoming side is absent
0.000 s: pinned_zone_maps - append_column_from degrades one-way on incompatible merges
0.000 s: entry side is absent and stays absent
0.000 s: pinned_zone_maps - append_column_from degrades one-way on incompatible merges
0.000 s: incoming position out of range
0.000 s: pinned_zone_maps - append_column_from degrades one-way on incompatible merges
0.000 s: chunk counts disagree
0.000 s: pinned_zone_maps - append_column_from degrades one-way on incompatible merges

[1788/3108] (57%): pinned_zone_maps - remap rebuilds a sidecar positionally0.000 s: reordering adoption
0.000 s: pinned_zone_maps - remap rebuilds a sidecar positionally
0.000 s: absent incoming, empty mapping, out-of-range, and duplicates yield absent
0.000 s: pinned_zone_maps - remap rebuilds a sidecar positionally

[1789/3108] (57%): compute_pinned_chunk_stats - exact bounds and null flags for allowed types0.037 s: INT32, no nulls
0.037 s: compute_pinned_chunk_stats - exact bounds and null flags for allowed types
0.000 s: INT32, nulls excluded from bounds and flagged
0.000 s: compute_pinned_chunk_stats - exact bounds and null flags for allowed types
0.000 s: UBIGINT
0.000 s: compute_pinned_chunk_stats - exact bounds and null flags for allowed types
0.000 s: DATE from TIMESTAMP_DAYS
0.000 s: compute_pinned_chunk_stats - exact bounds and null flags for allowed types
0.001 s: TIMESTAMP from TIMESTAMP_MICROSECONDS
0.001 s: compute_pinned_chunk_stats - exact bounds and null flags for allowed types

[1790/3108] (57%): compute_pinned_chunk_stats - unsupported or degenerate columns yield null cells0.000 s: compute_pinned_chunk_stats - unsupported or degenerate columns yield null cells

[1791/3108] (57%): compute_pinned_chunk_stats - per-column alignment and shape degradation0.000 s: unsupported columns get null cells; neighbors stay aligned
0.000 s: compute_pinned_chunk_stats - per-column alignment and shape degradation
0.000 s: column_types width mismatch degrades every cell to null
0.000 s: compute_pinned_chunk_stats - per-column alignment and shape degradation

[1792/3108] (57%): build_cached_scan_plan - prunes exactly the provably empty chunks0.000 s: build_cached_scan_plan - prunes exactly the provably empty chunks

[1793/3108] (57%): build_cached_scan_plan - filter keys remap through query column_ids to entry positions0.000 s: build_cached_scan_plan - filter keys remap through query column_ids to entry positions

[1794/3108] (57%): build_cached_scan_plan - all-pruned keeps the sentinel chunk0.000 s: build_cached_scan_plan - all-pruned keeps the sentinel chunk

[1795/3108] (57%): build_cached_scan_plan - identity plan whenever pruning is not provably safe0.000 s: no filters
0.000 s: build_cached_scan_plan - identity plan whenever pruning is not provably safe
0.000 s: no query column_ids
0.000 s: build_cached_scan_plan - identity plan whenever pruning is not provably safe
0.000 s: statless entry
0.000 s: build_cached_scan_plan - identity plan whenever pruning is not provably safe
0.000 s: filter key out of range
0.000 s: build_cached_scan_plan - identity plan whenever pruning is not provably safe
0.000 s: rowid sentinel column is gated before GetPrimaryIndex
0.000 s: build_cached_scan_plan - identity plan whenever pruning is not provably safe
0.000 s: filtered column absent from the entry
0.000 s: build_cached_scan_plan - identity plan whenever pruning is not provably safe
0.000 s: exact-type mismatch rejects the filter
0.000 s: build_cached_scan_plan - identity plan whenever pruning is not provably safe
0.000 s: dynamic filter rejects; a usable sibling filter still prunes
0.000 s: build_cached_scan_plan - identity plan whenever pruning is not provably safe
0.000 s: zero-chunk entry yields an empty plan, no sentinel
0.000 s: build_cached_scan_plan - identity plan whenever pruning is not provably safe

[1796/3108] (57%): build_cached_scan_plan - absent cells keep their chunks0.000 s: build_cached_scan_plan - absent cells keep their chunks

[1797/3108] (57%): build_cached_scan_plan - duplicate column names never alias (positional stats)0.000 s: build_cached_scan_plan - duplicate column names never alias (positional stats)

[1798/3108] (57%): split pin: a request only the wide entry covers lands on the wide entry0.061 s: split pin: a request only the wide entry covers lands on the wide entry

[1799/3108] (57%): split pin: a request only the split entry covers lands on the split entry0.059 s: split pin: a request only the split entry covers lands on the split entry

[1800/3108] (57%): split pin: a request both entries cover returns a serving entry0.060 s: split pin: a request both entries cover returns a serving entry

[1801/3108] (57%): split pin: no covering entry falls back to a non-null identity match0.062 s: split pin: no covering entry falls back to a non-null identity match

[1802/3108] (57%): split pin: null or empty requested ids keep the first-identity-match behavior0.061 s: split pin: null or empty requested ids keep the first-identity-match behavior

[1803/3108] (58%): type match: a covering entry whose recorded types no longer match loses to one whose do0.058 s: type match: a covering entry whose recorded types no longer match loses to one whose do
0.060 s: type match: a covering entry whose recorded types no longer match loses to one whose do

[1804/3108] (58%): type match: when no covering entry still matches, one is returned anyway0.059 s: type match: when no covering entry still matches, one is returned anyway

[1805/3108] (58%): grouped_aggregate_merge - group by with high cardinality distributes across both GPUs-------------------------------------------------------------------------------
grouped_aggregate_merge - group by with high cardinality distributes across
both GPUs
-------------------------------------------------------------------------------
/home/prestouser/aocsa/sirius-stacks-wt/fix-oom-failfast/test/cpp/operator/test_physical_grouped_aggregate_merge_mgpu.cpp:80
...............................................................................

/home/prestouser/aocsa/sirius-stacks-wt/fix-oom-failfast/test/cpp/operator/mgpu_test_utils.hpp:148: warning:
  MGPU operator test requires >=2 GPUs; single-GPU host — skipping

0.000 s: grouped_aggregate_merge - group by with high cardinality distributes across both GPUs

[1806/3108] (58%): grouped_aggregate_merge - group by with single key forces single-GPU path-------------------------------------------------------------------------------
grouped_aggregate_merge - group by with single key forces single-GPU path
-------------------------------------------------------------------------------
/home/prestouser/aocsa/sirius-stacks-wt/fix-oom-failfast/test/cpp/operator/test_physical_grouped_aggregate_merge_mgpu.cpp:133
...............................................................................

/home/prestouser/aocsa/sirius-stacks-wt/fix-oom-failfast/test/cpp/operator/mgpu_test_utils.hpp:148: warning:
  MGPU operator test requires >=2 GPUs; single-GPU host — skipping

0.000 s: grouped_aggregate_merge - group by with single key forces single-GPU path

[1807/3108] (58%): grouped_aggregate_merge - count(*)-only aggregate across two GPUs-------------------------------------------------------------------------------
grouped_aggregate_merge - count(*)-only aggregate across two GPUs
-------------------------------------------------------------------------------
/home/prestouser/aocsa/sirius-stacks-wt/fix-oom-failfast/test/cpp/operator/test_physical_grouped_aggregate_merge_mgpu.cpp:173
...............................................................................

/home/prestouser/aocsa/sirius-stacks-wt/fix-oom-failfast/test/cpp/operator/mgpu_test_utils.hpp:148: warning:
  MGPU operator test requires >=2 GPUs; single-GPU host — skipping

0.000 s: grouped_aggregate_merge - count(*)-only aggregate across two GPUs

[1808/3108] (58%): physical_hash_join - BUILD_PROBE probe-heavy join across two GPUs-------------------------------------------------------------------------------
physical_hash_join - BUILD_PROBE probe-heavy join across two GPUs
-------------------------------------------------------------------------------
/home/prestouser/aocsa/sirius-stacks-wt/fix-oom-failfast/test/cpp/operator/test_physical_hash_join_mgpu.cpp:143
...............................................................................

/home/prestouser/aocsa/sirius-stacks-wt/fix-oom-failfast/test/cpp/operator/mgpu_test_utils.hpp:148: warning:
  MGPU operator test requires >=2 GPUs; single-GPU host — skipping

0.000 s: physical_hash_join - BUILD_PROBE probe-heavy join across two GPUs

[1809/3108] (58%): physical_hash_join - MIXED_JOIN large-vs-large join distributes partitions-------------------------------------------------------------------------------
physical_hash_join - MIXED_JOIN large-vs-large join distributes partitions
-------------------------------------------------------------------------------
/home/prestouser/aocsa/sirius-stacks-wt/fix-oom-failfast/test/cpp/operator/test_physical_hash_join_mgpu.cpp:210
...............................................................................

/home/prestouser/aocsa/sirius-stacks-wt/fix-oom-failfast/test/cpp/operator/mgpu_test_utils.hpp:148: warning:
  MGPU operator test requires >=2 GPUs; single-GPU host — skipping

0.000 s: physical_hash_join - MIXED_JOIN large-vs-large join distributes partitions

[1810/3108] (58%): physical_hash_join - repeated BUILD_PROBE queries don't wedge on leftover state-------------------------------------------------------------------------------
physical_hash_join - repeated BUILD_PROBE queries don't wedge on leftover state
-------------------------------------------------------------------------------
/home/prestouser/aocsa/sirius-stacks-wt/fix-oom-failfast/test/cpp/operator/test_physical_hash_join_mgpu.cpp:281
...............................................................................

/home/prestouser/aocsa/sirius-stacks-wt/fix-oom-failfast/test/cpp/operator/mgpu_test_utils.hpp:148: warning:
  MGPU operator test requires >=2 GPUs; single-GPU host — skipping

0.000 s: physical_hash_join - repeated BUILD_PROBE queries don't wedge on leftover state

[1811/3108] (58%): hash_join bisect 1 - simple JOIN+GROUP BY+ORDER BY, cache=none-------------------------------------------------------------------------------
hash_join bisect 1 - simple JOIN+GROUP BY+ORDER BY, cache=none
-------------------------------------------------------------------------------
/home/prestouser/aocsa/sirius-stacks-wt/fix-oom-failfast/test/cpp/operator/test_physical_hash_join_mgpu.cpp:419
...............................................................................

/home/prestouser/aocsa/sirius-stacks-wt/fix-oom-failfast/test/cpp/operator/mgpu_test_utils.hpp:148: warning:
  MGPU operator test requires >=2 GPUs; single-GPU host — skipping

0.000 s: hash_join bisect 1 - simple JOIN+GROUP BY+ORDER BY, cache=none

[1812/3108] (58%): hash_join bisect 2 - simple JOIN+GROUP BY+ORDER BY, cache=table_gpu-------------------------------------------------------------------------------
hash_join bisect 2 - simple JOIN+GROUP BY+ORDER BY, cache=table_gpu
-------------------------------------------------------------------------------
/home/prestouser/aocsa/sirius-stacks-wt/fix-oom-failfast/test/cpp/operator/test_physical_hash_join_mgpu.cpp:449
...............................................................................

/home/prestouser/aocsa/sirius-stacks-wt/fix-oom-failfast/test/cpp/operator/mgpu_test_utils.hpp:148: warning:
  MGPU operator test requires >=2 GPUs; single-GPU host — skipping

0.000 s: hash_join bisect 2 - simple JOIN+GROUP BY+ORDER BY, cache=table_gpu

[1813/3108] (58%): hash_join bisect 3 - Q11 shape with HAVING subquery, cache=none-------------------------------------------------------------------------------
hash_join bisect 3 - Q11 shape with HAVING subquery, cache=none
-------------------------------------------------------------------------------
/home/prestouser/aocsa/sirius-stacks-wt/fix-oom-failfast/test/cpp/operator/test_physical_hash_join_mgpu.cpp:479
...............................................................................

/home/prestouser/aocsa/sirius-stacks-wt/fix-oom-failfast/test/cpp/operator/mgpu_test_utils.hpp:148: warning:
  MGPU operator test requires >=2 GPUs; single-GPU host — skipping

0.000 s: hash_join bisect 3 - Q11 shape with HAVING subquery, cache=none

[1814/3108] (58%): physical_hash_join - follow-up #17 scale-up: Q11-like BUILD_PROBE with table_gpu cache-------------------------------------------------------------------------------
physical_hash_join - follow-up #17 scale-up: Q11-like BUILD_PROBE with
                                             table_gpu cache
-------------------------------------------------------------------------------
/home/prestouser/aocsa/sirius-stacks-wt/fix-oom-failfast/test/cpp/operator/test_physical_hash_join_mgpu.cpp:540
...............................................................................

/home/prestouser/aocsa/sirius-stacks-wt/fix-oom-failfast/test/cpp/operator/mgpu_test_utils.hpp:148: warning:
  MGPU operator test requires >=2 GPUs; single-GPU host — skipping

0.000 s: physical_hash_join - follow-up #17 scale-up: Q11-like BUILD_PROBE with table_gpu cache

[1815/3108] (58%): physical_hash_join - broadcast small-build BUILD_PROBE replicates across two GPUs-------------------------------------------------------------------------------
physical_hash_join - broadcast small-build BUILD_PROBE replicates across two
GPUs
-------------------------------------------------------------------------------
/home/prestouser/aocsa/sirius-stacks-wt/fix-oom-failfast/test/cpp/operator/test_physical_hash_join_mgpu.cpp:672
...............................................................................

/home/prestouser/aocsa/sirius-stacks-wt/fix-oom-failfast/test/cpp/operator/mgpu_test_utils.hpp:148: warning:
  MGPU operator test requires >=2 GPUs; single-GPU host — skipping

0.000 s: physical_hash_join - broadcast small-build BUILD_PROBE replicates across two GPUs

[1816/3108] (58%): physical_hash_join - broadcast BUILD_PROBE publishes dynamic filters across two GPUs-------------------------------------------------------------------------------
physical_hash_join - broadcast BUILD_PROBE publishes dynamic filters across two
GPUs
-------------------------------------------------------------------------------
/home/prestouser/aocsa/sirius-stacks-wt/fix-oom-failfast/test/cpp/operator/test_physical_hash_join_mgpu.cpp:741
...............................................................................

/home/prestouser/aocsa/sirius-stacks-wt/fix-oom-failfast/test/cpp/operator/mgpu_test_utils.hpp:148: warning:
  MGPU operator test requires >=2 GPUs; single-GPU host — skipping

0.000 s: physical_hash_join - broadcast BUILD_PROBE publishes dynamic filters across two GPUs

[1817/3108] (58%): physical_order - large sort distributes across two GPUs-------------------------------------------------------------------------------
physical_order - large sort distributes across two GPUs
-------------------------------------------------------------------------------
/home/prestouser/aocsa/sirius-stacks-wt/fix-oom-failfast/test/cpp/operator/test_physical_order_mgpu.cpp:77
...............................................................................

/home/prestouser/aocsa/sirius-stacks-wt/fix-oom-failfast/test/cpp/operator/mgpu_test_utils.hpp:148: warning:
  MGPU operator test requires >=2 GPUs; single-GPU host — skipping

0.000 s: physical_order - large sort distributes across two GPUs

[1818/3108] (58%): physical_order - small sort rangecheck regression-------------------------------------------------------------------------------
physical_order - small sort rangecheck regression
-------------------------------------------------------------------------------
/home/prestouser/aocsa/sirius-stacks-wt/fix-oom-failfast/test/cpp/operator/test_physical_order_mgpu.cpp:130
...............................................................................

/home/prestouser/aocsa/sirius-stacks-wt/fix-oom-failfast/test/cpp/operator/mgpu_test_utils.hpp:148: warning:
  MGPU operator test requires >=2 GPUs; single-GPU host — skipping

0.000 s: physical_order - small sort rangecheck regression

[1819/3108] (58%): physical_order - small sort stays single-GPU-------------------------------------------------------------------------------
physical_order - small sort stays single-GPU
-------------------------------------------------------------------------------
/home/prestouser/aocsa/sirius-stacks-wt/fix-oom-failfast/test/cpp/operator/test_physical_order_mgpu.cpp:170
...............................................................................

/home/prestouser/aocsa/sirius-stacks-wt/fix-oom-failfast/test/cpp/operator/mgpu_test_utils.hpp:148: warning:
  MGPU operator test requires >=2 GPUs; single-GPU host — skipping

0.000 s: physical_order - small sort stays single-GPU

[1820/3108] (58%): physical_order - order by with limit over large input-------------------------------------------------------------------------------
physical_order - order by with limit over large input
-------------------------------------------------------------------------------
/home/prestouser/aocsa/sirius-stacks-wt/fix-oom-failfast/test/cpp/operator/test_physical_order_mgpu.cpp:205
...............................................................................

/home/prestouser/aocsa/sirius-stacks-wt/fix-oom-failfast/test/cpp/operator/mgpu_test_utils.hpp:148: warning:
  MGPU operator test requires >=2 GPUs; single-GPU host — skipping

0.000 s: physical_order - order by with limit over large input

[1821/3108] (58%): task_scheduler matches tasks to ready devices0.000 s: task_scheduler matches tasks to ready devices

[1822/3108] (58%): partition memory-space is enforced across OOM reschedule on multi-GPU-------------------------------------------------------------------------------
partition memory-space is enforced across OOM reschedule on multi-GPU
-------------------------------------------------------------------------------
/home/prestouser/aocsa/sirius-stacks-wt/fix-oom-failfast/test/cpp/operator/test_partition_memspace_mgpu.cpp:136
...............................................................................

/home/prestouser/aocsa/sirius-stacks-wt/fix-oom-failfast/test/cpp/operator/mgpu_test_utils.hpp:148: warning:
  MGPU operator test requires >=2 GPUs; single-GPU host — skipping

0.000 s: partition memory-space is enforced across OOM reschedule on multi-GPU

[1823/3108] (58%): partition memory-space repro - single-GPU OOM-reschedule control1.002 s: partition memory-space repro - single-GPU OOM-reschedule control

[1824/3108] (58%): multiple_blocks_allocation_accessor - basic operations0.000 s: set_cursor and get_current
0.000 s: multiple_blocks_allocation_accessor - basic operations
0.000 s: set_current and get_current
0.000 s: multiple_blocks_allocation_accessor - basic operations
0.000 s: advance operation
0.000 s: multiple_blocks_allocation_accessor - basic operations
0.000 s: memcpy_from within single block
0.000 s: multiple_blocks_allocation_accessor - basic operations
0.000 s: memcpy_from across multiple blocks
0.000 s: multiple_blocks_allocation_accessor - basic operations
0.000 s: memset across block boundary
0.000 s: multiple_blocks_allocation_accessor - basic operations
0.000 s: get with non-zero initial offset across blocks
0.000 s: multiple_blocks_allocation_accessor - basic operations

[1825/3108] (58%): multiple_blocks_allocation_accessor - int64_t type0.000 s: set and get int64_t values
0.000 s: multiple_blocks_allocation_accessor - int64_t type
0.000 s: advance across block boundary
0.000 s: multiple_blocks_allocation_accessor - int64_t type

[1826/3108] (58%): multiple_blocks_allocation_accessor - edge cases0.001 s: initialize with misaligned type size - should throw
0.001 s: multiple_blocks_allocation_accessor - edge cases
0.000 s: cursor at last valid position in block
0.000 s: multiple_blocks_allocation_accessor - edge cases
0.000 s: memcpy_from exactly fills single block
0.000 s: multiple_blocks_allocation_accessor - edge cases
0.000 s: memcpy_from exactly fills multiple blocks
0.000 s: multiple_blocks_allocation_accessor - edge cases

[1827/3108] (58%): multiple_blocks_allocation_accessor - multi-block traversal0.000 s: advance through 4 blocks with int32_t
0.000 s: multiple_blocks_allocation_accessor - multi-block traversal
0.000 s: memcpy_from spanning 5 blocks
0.000 s: multiple_blocks_allocation_accessor - multi-block traversal
0.000 s: set_cursor to various positions across multiple blocks
0.000 s: multiple_blocks_allocation_accessor - multi-block traversal

[1828/3108] (58%): multiple_blocks_allocation_accessor - large operations0.000 s: large memcpy_from across many blocks
0.000 s: multiple_blocks_allocation_accessor - large operations
0.000 s: many sequential advances
0.000 s: multiple_blocks_allocation_accessor - large operations

[1829/3108] (58%): multiple_blocks_allocation_accessor - get_current_as and advance_as0.000 s: get_current_as - reading uint8_t as different types
0.000 s: multiple_blocks_allocation_accessor - get_current_as and advance_as
0.000 s: advance_as with different type sizes
0.000 s: multiple_blocks_allocation_accessor - get_current_as and advance_as
0.000 s: advance_as across block boundary
0.000 s: multiple_blocks_allocation_accessor - get_current_as and advance_as

[1830/3108] (58%): multiple_blocks_allocation_accessor - memcpy_to0.000 s: memcpy_to within single block
0.000 s: multiple_blocks_allocation_accessor - memcpy_to
0.000 s: memcpy_to across multiple blocks
0.000 s: multiple_blocks_allocation_accessor - memcpy_to
0.000 s: memcpy_to from middle of block
0.000 s: multiple_blocks_allocation_accessor - memcpy_to
0.000 s: memcpy_to exactly at block boundaries
0.000 s: multiple_blocks_allocation_accessor - memcpy_to

[1831/3108] (58%): multiple_blocks_allocation_accessor - reset_cursor0.000 s: reset_cursor restores initial position
0.000 s: multiple_blocks_allocation_accessor - reset_cursor
0.000 s: reset_cursor with non-zero initial byte offset
0.000 s: multiple_blocks_allocation_accessor - reset_cursor
0.000 s: reset_cursor after memcpy operations
0.000 s: multiple_blocks_allocation_accessor - reset_cursor
0.000 s: reset_cursor with initial offset at block boundary
0.000 s: multiple_blocks_allocation_accessor - reset_cursor
0.000 s: multiple reset_cursor calls are idempotent
0.000 s: multiple_blocks_allocation_accessor - reset_cursor

[1832/3108] (58%): topology_index maps each device id to its NUMA node0.000 s: topology_index maps each device id to its NUMA node

[1833/3108] (58%): topology_index gpu_ids reports the scoped device ids in order0.000 s: topology_index gpu_ids reports the scoped device ids in order

[1834/3108] (59%): topology_index ignores topology GPUs outside the device set0.000 s: topology_index ignores topology GPUs outside the device set

[1835/3108] (59%): topology_index returns -1 for a device id not in the set0.000 s: topology_index returns -1 for a device id not in the set

[1836/3108] (59%): topology_index lists the device ids on a NUMA node0.000 s: topology_index lists the device ids on a NUMA node

[1837/3108] (59%): topology_index returns an empty span for a NUMA node with no GPUs0.000 s: topology_index returns an empty span for a NUMA node with no GPUs

[1838/3108] (59%): topology_index groups device ids with an unknown (-1) NUMA node0.000 s: topology_index groups device ids with an unknown (-1) NUMA node

[1839/3108] (59%): topology_index resolves a device id absent from the topology to -10.000 s: topology_index resolves a device id absent from the topology to -1

[1840/3108] (59%): topology_index retains the topology it was built from0.000 s: topology_index retains the topology it was built from

[1841/3108] (59%): topology_index handles an empty device set0.000 s: topology_index handles an empty device set

[1842/3108] (59%): compute_hash_join_partition_strategy - single-GPU small foldable inner is BUILD_PROBE0.000 s: compute_hash_join_partition_strategy - single-GPU small foldable inner is BUILD_PROBE

[1843/3108] (59%): compute_hash_join_partition_strategy rejects a zero partition target0.000 s: compute_hash_join_partition_strategy rejects a zero partition target

[1844/3108] (59%): compute_hash_join_partition_strategy - single-GPU build over the batch target still BUILD_PROBEs within the hash-table budget0.000 s: compute_hash_join_partition_strategy - single-GPU build over the batch target still BUILD_PROBEs within the hash-table budget

[1845/3108] (59%): compute_hash_join_partition_strategy - single-GPU build over both targets splits and stays STANDARD0.000 s: compute_hash_join_partition_strategy - single-GPU build over both targets splits and stays STANDARD

[1846/3108] (59%): compute_hash_join_partition_strategy - single-GPU build over the per-GPU cap is STANDARD0.000 s: compute_hash_join_partition_strategy - single-GPU build over the per-GPU cap is STANDARD

[1847/3108] (59%): compute_hash_join_partition_strategy - build just over hash_partition_bytes is BUILD_PROBE0.000 s: compute_hash_join_partition_strategy - build just over hash_partition_bytes is BUILD_PROBE

[1848/3108] (59%): compute_hash_join_partition_strategy - multi-GPU medium build is one-per-GPU BUILD_PROBE0.000 s: compute_hash_join_partition_strategy - multi-GPU medium build is one-per-GPU BUILD_PROBE

[1849/3108] (59%): compute_hash_join_partition_strategy - multi-GPU small build broadcasts to every GPU0.000 s: compute_hash_join_partition_strategy - multi-GPU small build broadcasts to every GPU

[1850/3108] (59%): compute_hash_join_partition_strategy - medium build broadcasts when the probe dwarfs the build0.000 s: compute_hash_join_partition_strategy - medium build broadcasts when the probe dwarfs the build

[1851/3108] (59%): compute_hash_join_partition_strategy - medium build hash-partitions when the ratio is too low0.000 s: compute_hash_join_partition_strategy - medium build hash-partitions when the ratio is too low

[1852/3108] (59%): compute_hash_join_partition_strategy - build above max_broadcast_join_size never ratio-broadcasts0.000 s: compute_hash_join_partition_strategy - build above max_broadcast_join_size never ratio-broadcasts

[1853/3108] (59%): compute_hash_join_partition_strategy - ratio broadcast threshold scales with num_gpus0.000 s: compute_hash_join_partition_strategy - ratio broadcast threshold scales with num_gpus

[1854/3108] (59%): compute_hash_join_partition_strategy - right-family joins never broadcast/build-probe0.000 s: compute_hash_join_partition_strategy - right-family joins never broadcast/build-probe

[1855/3108] (59%): compute_hash_join_partition_strategy - MARK single-GPU clamps to one partition0.000 s: compute_hash_join_partition_strategy - MARK single-GPU clamps to one partition

[1856/3108] (59%): compute_hash_join_partition_strategy - MARK multi-GPU forces broadcast0.000 s: compute_hash_join_partition_strategy - MARK multi-GPU forces broadcast

[1857/3108] (59%): compute_hash_join_partition_strategy - mixed / full-outer / unfoldable stay STANDARD0.000 s: compute_hash_join_partition_strategy - mixed / full-outer / unfoldable stay STANDARD

[1858/3108] (59%): compute_hash_join_partition_strategy - num_gpus < 1 is a precondition violation0.000 s: compute_hash_join_partition_strategy - num_gpus < 1 is a precondition violation

[1859/3108] (59%): select_build_probe_action - no partitions means the operator is complete0.000 s: select_build_probe_action - no partitions means the operator is complete

[1860/3108] (59%): select_build_probe_action - schedules a build for a ready NOT_BUILT partition0.000 s: select_build_probe_action - schedules a build for a ready NOT_BUILT partition

[1861/3108] (59%): select_build_probe_action - waits on build vs probe input when nothing is schedulable0.000 s: select_build_probe_action - waits on build vs probe input when nothing is schedulable

[1862/3108] (59%): select_build_probe_action - probes a built partition that has probe data0.000 s: select_build_probe_action - probes a built partition that has probe data

[1863/3108] (59%): select_build_probe_action - prefers starting a build over probing a built partition0.000 s: select_build_probe_action - prefers starting a build over probing a built partition

[1864/3108] (59%): select_build_probe_action - interleaves: probes a built partition while another builds0.000 s: select_build_probe_action - interleaves: probes a built partition while another builds

[1865/3108] (60%): select_build_probe_action - a SCHEDULING partition is not re-scheduled0.000 s: select_build_probe_action - a SCHEDULING partition is not re-scheduled

[1866/3108] (60%): select_build_probe_action - all partitions destroyed reports completion0.000 s: select_build_probe_action - all partitions destroyed reports completion

[1867/3108] (60%): select_build_probe_action - first ready build wins across many partitions0.000 s: select_build_probe_action - first ready build wins across many partitions

[1868/3108] (60%): build_only_slots_to_discard - nothing is discarded until the probe side finishes0.000 s: build_only_slots_to_discard - nothing is discarded until the probe side finishes

[1869/3108] (60%): build_only_slots_to_discard - discards only NOT_BUILT slots with build but no probe0.000 s: build_only_slots_to_discard - discards only NOT_BUILT slots with build but no probe

[1870/3108] (60%): build_only_slots_to_discard - a DESTROYED slot is not rediscarded0.000 s: build_only_slots_to_discard - a DESTROYED slot is not rediscarded

[1871/3108] (60%): never_buildable_slots - nothing is unbuildable until the build side finishes0.000 s: never_buildable_slots - nothing is unbuildable until the build side finishes

[1872/3108] (60%): never_buildable_slots - a finished-and-empty build side flags every waiting slot0.000 s: never_buildable_slots - a finished-and-empty build side flags every waiting slot

[1873/3108] (60%): never_buildable_slots - slots with a build batch or past NOT_BUILT are untouched0.000 s: never_buildable_slots - slots with a build batch or past NOT_BUILT are untouched

[1874/3108] (60%): primary_input_port - probe-streaming joins nominate the probe side0.000 s: primary_input_port - probe-streaming joins nominate the probe side

[1875/3108] (60%): primary_input_port - build-streaming joins nominate nothing0.000 s: primary_input_port - build-streaming joins nominate nothing

[1876/3108] (60%): probe bytes are only unweighted in BUILD_PROBE mode0.000 s: probe bytes are only unweighted in BUILD_PROBE mode

[1877/3108] (60%): BUILD_PROBE byte accounting - accumulation, dedup, and the build-finished gate0.000 s: BUILD_PROBE byte accounting - accumulation, dedup, and the build-finished gate

[1878/3108] (60%): cross schedule enumerates the full per-partition grid once0.000 s: cross schedule enumerates the full per-partition grid once

[1879/3108] (60%): cross schedule produces the INNER cross product over both streaming sides0.000 s: cross schedule produces the INNER cross product over both streaming sides

[1880/3108] (60%): cross schedule waits on the still-running producer, done only when both finish0.000 s: cross schedule waits on the still-running producer, done only when both finish

[1881/3108] (60%): cross schedule discovers newly-arrived batches on later calls0.000 s: cross schedule discovers newly-arrived batches on later calls

[1882/3108] (60%): peek reports emit_pair while any pair is unscheduled, even after both finish0.000 s: peek reports emit_pair while any pair is unscheduled, even after both finish

[1883/3108] (60%): discards free a probe batch only after build finishes and it is fully paired0.000 s: discards free a probe batch only after build finishes and it is fully paired

[1884/3108] (60%): discards never free a batch while the opposite producer is still open0.000 s: discards never free a batch while the opposite producer is still open

[1885/3108] (60%): discards skip the empty-opposite-side case (handled by the orphan path)0.000 s: discards skip the empty-opposite-side case (handled by the orphan path)

[1886/3108] (60%): orphan path claims surviving probe batches when the build side is empty0.000 s: orphan path claims surviving probe batches when the build side is empty

[1887/3108] (60%): orphan path claims surviving build batches when the probe side is empty0.000 s: orphan path claims surviving build batches when the probe side is empty

[1888/3108] (60%): orphan path does nothing when both sides are empty0.000 s: orphan path does nothing when both sides are empty

[1889/3108] (60%): pairing-weighted probe bytes track how far through its pairings a batch is0.000 s: pairing-weighted probe bytes track how far through its pairings a batch is

[1890/3108] (60%): pairing-weighted probe bytes sum across batches and partitions0.000 s: pairing-weighted probe bytes sum across batches and partitions

[1891/3108] (60%): pairing-weighted probe bytes ignore a partition with no build batch yet0.000 s: pairing-weighted probe bytes ignore a partition with no build batch yet

[1892/3108] (60%): pairing-weighted probe bytes read far below the probe volume mid-sweep0.000 s: pairing-weighted probe bytes read far below the probe volume mid-sweep

[1893/3108] (60%): pairing-weighted probe bytes lag the probe side while later batches wait0.000 s: pairing-weighted probe bytes lag the probe side while later batches wait

[1894/3108] (60%): pairing-weighted probe bytes skip a batch whose size was never recorded0.000 s: pairing-weighted probe bytes skip a batch whose size was never recorded

[1895/3108] (60%): Concatenate multiple data batches0.071 s: Concatenate multiple data batches

[1896/3108] (61%): Concatenate multiple data batches with different size0.001 s: Concatenate multiple data batches with different size

[1897/3108] (61%): Concatenate with invalid input0.000 s: Concatenate with invalid input

[1898/3108] (61%): Concatenate multiple data batches but no input rows0.000 s: Concatenate multiple data batches but no input rows

[1899/3108] (61%): Concatenate mixed empty and non-empty data batches0.001 s: Concatenate mixed empty and non-empty data batches

[1900/3108] (61%): Ungrouped merge aggregate of min/max/count/sum0.006 s: Ungrouped merge aggregate of min/max/count/sum

[1901/3108] (61%): Ungrouped merge aggregate with invalid input0.002 s: Ungrouped merge aggregate with invalid input

[1902/3108] (61%): Ungrouped merge aggregate with empty local aggregate results0.003 s: Ungrouped merge aggregate with empty local aggregate results

[1903/3108] (61%): Ungrouped merge aggregate with mixed empty and non-empty local aggregate results0.004 s: Ungrouped merge aggregate with mixed empty and non-empty local aggregate results

[1904/3108] (61%): Grouped merge aggregate of min/max/count/sum0.006 s: Grouped merge aggregate of min/max/count/sum

[1905/3108] (61%): Grouped merge aggregate with invalid input0.001 s: Grouped merge aggregate with invalid input

[1906/3108] (61%): Grouped merge aggregate with empty local aggregate results0.000 s: Grouped merge aggregate with empty local aggregate results

[1907/3108] (61%): Grouped merge aggregate with mixed empty and non-empty local aggregate results0.003 s: Grouped merge aggregate with mixed empty and non-empty local aggregate results

[1908/3108] (61%): Merge order-by basic0.005 s: Merge order-by basic

[1909/3108] (61%): Grouped local aggregate float64 sum is bit-identical across row orders-------------------------------------------------------------------------------
Grouped local aggregate float64 sum is bit-identical across row orders
-------------------------------------------------------------------------------
/home/prestouser/aocsa/sirius-stacks-wt/fix-oom-failfast/test/cpp/operator/aggregate/test_gpu_merge_impl.cpp:1060
...............................................................................

/home/prestouser/aocsa/sirius-stacks-wt/fix-oom-failfast/test/cpp/operator/aggregate/test_gpu_merge_impl.cpp:1115: FAILED:
  REQUIRE( bits_run1 == bits_run2 )
with expansion:
  { {?}, {?}, {?}, {?}, {?}, {?}, {?}, {?}, {?}, {?}, {?}, {?}, {?}, {?}, {?},
  {?}, {?}, {?}, {?}, {?}, {?}, {?}, {?}, {?}, {?}, {?}, {?}, {?}, {?}, {?},
  {?}, {?}, {?}, {?}, {?}, {?}, {?} }
  ==
  { {?}, {?}, {?}, {?}, {?}, {?}, {?}, {?}, {?}, {?}, {?}, {?}, {?}, {?}, {?},
  {?}, {?}, {?}, {?}, {?}, {?}, {?}, {?}, {?}, {?}, {?}, {?}, {?}, {?}, {?},
  {?}, {?}, {?}, {?}, {?}, {?}, {?} }

0.000 s: Grouped local aggregate float64 sum is bit-identical across row orders

[1910/3108] (61%): Grouped merge aggregate float64 sum is bit-identical across arrival orders0.008 s: Grouped merge aggregate float64 sum is bit-identical across arrival orders

[1911/3108] (61%): Ungrouped merge aggregate float64 sum is bit-identical across arrival orders0.001 s: Ungrouped merge aggregate float64 sum is bit-identical across arrival orders

[1912/3108] (61%): Merge order-by with invalid input0.004 s: Merge order-by with invalid input

[1913/3108] (61%): Merge order-by with empty local order-by results0.000 s: Merge order-by with empty local order-by results

[1914/3108] (61%): Merge order-by with mixed empty and non-empty local order-by results0.002 s: Merge order-by with mixed empty and non-empty local order-by results

[1915/3108] (61%): group key labels match encode for Q16-like mixed keys0.007 s: group key labels match encode for Q16-like mixed keys

[1916/3108] (61%): group key labels handle empty and degenerate inputs0.000 s: empty input preserves schema
0.000 s: group key labels handle empty and degenerate inputs
0.001 s: one row
0.001 s: group key labels handle empty and degenerate inputs
0.001 s: one repeated group
0.001 s: group key labels handle empty and degenerate inputs
0.001 s: all rows null
0.001 s: group key labels handle empty and degenerate inputs
0.001 s: all rows distinct
0.001 s: group key labels handle empty and degenerate inputs
0.000 s: zero columns are rejected
0.000 s: group key labels handle empty and degenerate inputs

[1917/3108] (61%): group key labels preserve nullable tuple ordering0.005 s: group key labels preserve nullable tuple ordering

[1918/3108] (61%): group key labels preserve floating-point key semantics0.001 s: group key labels preserve floating-point key semantics

[1919/3108] (61%): group key labels match encode for deterministic randomized keys0.009 s: group key labels match encode for deterministic randomized keys

[1920/3108] (61%): group key labels use the supplied stream and memory resource0.043 s: group key labels use the supplied stream and memory resource

[1921/3108] (61%): sirius_physical_grouped_aggregate grouped aggregates data_batch with single partition key, multiple aggregations on numerics - int32_t0.041 s: sirius_physical_grouped_aggregate grouped aggregates data_batch with single partition key, multiple aggregations on numerics - int32_t

[1922/3108] (61%): sirius_physical_grouped_aggregate grouped aggregates data_batch with single partition key, multiple aggregations on numerics - int64_t0.041 s: sirius_physical_grouped_aggregate grouped aggregates data_batch with single partition key, multiple aggregations on numerics - int64_t

[1923/3108] (61%): sirius_physical_grouped_aggregate grouped aggregates data_batch with single partition key, multiple aggregations on numerics - float0.042 s: sirius_physical_grouped_aggregate grouped aggregates data_batch with single partition key, multiple aggregations on numerics - float

[1924/3108] (61%): sirius_physical_grouped_aggregate grouped aggregates data_batch with single partition key, multiple aggregations on numerics - double0.042 s: sirius_physical_grouped_aggregate grouped aggregates data_batch with single partition key, multiple aggregations on numerics - double

[1925/3108] (61%): sirius_physical_grouped_aggregate grouped aggregates data_batch with single partition key, multiple aggregations on numerics - int16_t0.139 s: sirius_physical_grouped_aggregate grouped aggregates data_batch with single partition key, multiple aggregations on numerics - int16_t

[1926/3108] (61%): sirius_physical_grouped_aggregate grouped aggregates data_batch with single partition key, multiple aggregations on numerics - decimal64_tag0.040 s: sirius_physical_grouped_aggregate grouped aggregates data_batch with single partition key, multiple aggregations on numerics - decimal64_tag

[1927/3108] (62%): sirius_physical_grouped_aggregate grouped aggregates with AVG decomposition - int32_t0.035 s: sirius_physical_grouped_aggregate grouped aggregates with AVG decomposition - int32_t

[1928/3108] (62%): sirius_physical_grouped_aggregate grouped aggregates with AVG decomposition - int64_t0.035 s: sirius_physical_grouped_aggregate grouped aggregates with AVG decomposition - int64_t

[1929/3108] (62%): sirius_physical_grouped_aggregate grouped aggregates with AVG decomposition - float0.034 s: sirius_physical_grouped_aggregate grouped aggregates with AVG decomposition - float

[1930/3108] (62%): sirius_physical_grouped_aggregate grouped aggregates with AVG decomposition - double0.035 s: sirius_physical_grouped_aggregate grouped aggregates with AVG decomposition - double

[1931/3108] (62%): sirius_physical_grouped_aggregate grouped aggregates with AVG decomposition - int16_t0.036 s: sirius_physical_grouped_aggregate grouped aggregates with AVG decomposition - int16_t

[1932/3108] (62%): sirius_physical_grouped_aggregate grouped aggregates with AVG decomposition - decimal64_tag0.036 s: sirius_physical_grouped_aggregate grouped aggregates with AVG decomposition - decimal64_tag

[1933/3108] (62%): sirius_physical_grouped_aggregate grouped aggregates data_batch with multiple partition key, multiple aggregations - int32_t0.044 s: sirius_physical_grouped_aggregate grouped aggregates data_batch with multiple partition key, multiple aggregations - int32_t

[1934/3108] (62%): sirius_physical_grouped_aggregate grouped aggregates data_batch with multiple partition key, multiple aggregations - int64_t0.045 s: sirius_physical_grouped_aggregate grouped aggregates data_batch with multiple partition key, multiple aggregations - int64_t

[1935/3108] (62%): sirius_physical_grouped_aggregate grouped aggregates data_batch with multiple partition key, multiple aggregations - float0.045 s: sirius_physical_grouped_aggregate grouped aggregates data_batch with multiple partition key, multiple aggregations - float

[1936/3108] (62%): sirius_physical_grouped_aggregate grouped aggregates data_batch with multiple partition key, multiple aggregations - double0.045 s: sirius_physical_grouped_aggregate grouped aggregates data_batch with multiple partition key, multiple aggregations - double

[1937/3108] (62%): sirius_physical_grouped_aggregate grouped aggregates data_batch with multiple partition key, multiple aggregations - int16_t0.044 s: sirius_physical_grouped_aggregate grouped aggregates data_batch with multiple partition key, multiple aggregations - int16_t

[1938/3108] (62%): sirius_physical_grouped_aggregate grouped aggregates data_batch with multiple partition key, multiple aggregations - decimal64_tag0.043 s: sirius_physical_grouped_aggregate grouped aggregates data_batch with multiple partition key, multiple aggregations - decimal64_tag

[1939/3108] (62%): sirius_physical_grouped_aggregate grouped aggregates data_batch with multiple partition key, multiple aggregations - string_tag0.055 s: sirius_physical_grouped_aggregate grouped aggregates data_batch with multiple partition key, multiple aggregations - string_tag

[1940/3108] (62%): sirius_physical_grouped_aggregate grouped aggregates data_batch with multiple partition key, multiple aggregations - timestamp_us_tag0.044 s: sirius_physical_grouped_aggregate grouped aggregates data_batch with multiple partition key, multiple aggregations - timestamp_us_tag

[1941/3108] (62%): sirius_physical_grouped_aggregate grouped aggregates data_batch with multiple partition key, multiple aggregations - date32_tag0.052 s: sirius_physical_grouped_aggregate grouped aggregates data_batch with multiple partition key, multiple aggregations - date32_tag

[1942/3108] (62%): count distinct: single batch, basic correctness0.037 s: count distinct: single batch, basic correctness

[1943/3108] (62%): count distinct: multiple batches, randomly striped - int32_t0.038 s: count distinct: multiple batches, randomly striped - int32_t

[1944/3108] (62%): count distinct: multiple batches, randomly striped - int64_t0.040 s: count distinct: multiple batches, randomly striped - int64_t

[1945/3108] (62%): count distinct: cross-batch duplicate deduplication within a partition0.037 s: count distinct: cross-batch duplicate deduplication within a partition

[1946/3108] (62%): count distinct: mixed with regular aggregations, multiple batches0.038 s: count distinct: mixed with regular aggregations, multiple batches

[1947/3108] (62%): count distinct: multiple partitions with multiple batches per partition0.040 s: count distinct: multiple partitions with multiple batches per partition

[1948/3108] (62%): count distinct: multi-column struct expression0.039 s: count distinct: multi-column struct expression

[1949/3108] (62%): count distinct: large low-cardinality input uses group key labels0.039 s: count distinct: large low-cardinality input uses group key labels

[1950/3108] (62%): sirius_physical_grouped_aggregate_merge grouped aggregates single data_batch0.130 s: sirius_physical_grouped_aggregate_merge grouped aggregates single data_batch

[1951/3108] (62%): sirius_physical_grouped_aggregate_merge grouped aggregates data_batch with multiple partition key, multiple aggregations - int32_t0.051 s: sirius_physical_grouped_aggregate_merge grouped aggregates data_batch with multiple partition key, multiple aggregations - int32_t

[1952/3108] (62%): sirius_physical_grouped_aggregate_merge grouped aggregates data_batch with multiple partition key, multiple aggregations - int64_t0.052 s: sirius_physical_grouped_aggregate_merge grouped aggregates data_batch with multiple partition key, multiple aggregations - int64_t

[1953/3108] (62%): sirius_physical_grouped_aggregate_merge grouped aggregates data_batch with multiple partition key, multiple aggregations - float0.053 s: sirius_physical_grouped_aggregate_merge grouped aggregates data_batch with multiple partition key, multiple aggregations - float

[1954/3108] (62%): sirius_physical_grouped_aggregate_merge grouped aggregates data_batch with multiple partition key, multiple aggregations - double0.052 s: sirius_physical_grouped_aggregate_merge grouped aggregates data_batch with multiple partition key, multiple aggregations - double

[1955/3108] (62%): sirius_physical_grouped_aggregate_merge grouped aggregates data_batch with multiple partition key, multiple aggregations - int16_t0.049 s: sirius_physical_grouped_aggregate_merge grouped aggregates data_batch with multiple partition key, multiple aggregations - int16_t

[1956/3108] (62%): sirius_physical_grouped_aggregate_merge grouped aggregates data_batch with multiple partition key, multiple aggregations - decimal64_tag0.049 s: sirius_physical_grouped_aggregate_merge grouped aggregates data_batch with multiple partition key, multiple aggregations - decimal64_tag

[1957/3108] (62%): sirius_physical_grouped_aggregate_merge grouped aggregates data_batch with multiple partition key, multiple aggregations - string_tag0.064 s: sirius_physical_grouped_aggregate_merge grouped aggregates data_batch with multiple partition key, multiple aggregations - string_tag

[1958/3108] (62%): sirius_physical_grouped_aggregate_merge grouped aggregates data_batch with multiple partition key, multiple aggregations - timestamp_us_tag0.049 s: sirius_physical_grouped_aggregate_merge grouped aggregates data_batch with multiple partition key, multiple aggregations - timestamp_us_tag

[1959/3108] (63%): sirius_physical_grouped_aggregate_merge grouped aggregates data_batch with multiple partition key, multiple aggregations - date32_tag0.049 s: sirius_physical_grouped_aggregate_merge grouped aggregates data_batch with multiple partition key, multiple aggregations - date32_tag

[1960/3108] (63%): sirius_physical_grouped_aggregate_merge end-to-end with AVG - int32_t0.037 s: sirius_physical_grouped_aggregate_merge end-to-end with AVG - int32_t

[1961/3108] (63%): sirius_physical_grouped_aggregate_merge end-to-end with AVG - int64_t0.036 s: sirius_physical_grouped_aggregate_merge end-to-end with AVG - int64_t

[1962/3108] (63%): sirius_physical_grouped_aggregate_merge end-to-end with AVG - float0.040 s: sirius_physical_grouped_aggregate_merge end-to-end with AVG - float

[1963/3108] (63%): sirius_physical_grouped_aggregate_merge end-to-end with AVG - double0.037 s: sirius_physical_grouped_aggregate_merge end-to-end with AVG - double

[1964/3108] (63%): sirius_physical_grouped_aggregate_merge end-to-end with AVG - int16_t0.038 s: sirius_physical_grouped_aggregate_merge end-to-end with AVG - int16_t

[1965/3108] (63%): CRC32 reference matches published standard check values0.000 s: CRC32 reference matches published standard check values

[1966/3108] (63%): CRC32 GPU output matches published constants for single values0.000 s: CRC32 GPU output matches published constants for single values

[1967/3108] (63%): CRC32 GPU matches independent zlib golden vectors0.000 s: CRC32 GPU matches independent zlib golden vectors

[1968/3108] (63%): CRC32 single INT32 column matches hand-computed bytes0.000 s: CRC32 single INT32 column matches hand-computed bytes

[1969/3108] (63%): CRC32 null rows fold four zero bytes0.000 s: CRC32 null rows fold four zero bytes

[1970/3108] (63%): CRC32 empty and null strings0.000 s: CRC32 empty and null strings

[1971/3108] (63%): CRC32 DecimalV3 (general) hashes raw unscaled bytes0.000 s: CRC32 DecimalV3 (general) hashes raw unscaled bytes

[1972/3108] (63%): CRC32 DecimalV2 and DecimalV3(27,9) use the split fold0.000 s: CRC32 DecimalV2 and DecimalV3(27,9) use the split fold

[1973/3108] (63%): CRC32 multi-column mixed types with nulls match CPU oracle0.000 s: CRC32 multi-column mixed types with nulls match CPU oracle

[1974/3108] (63%): CRC32 key column order changes the hash0.000 s: CRC32 key column order changes the hash

[1975/3108] (63%): CRC32 covers every supported fixed-width dispatch branch0.000 s: CRC32 covers every supported fixed-width dispatch branch

[1976/3108] (63%): CRC32 returns empty for zero-row inputs0.000 s: CRC32 returns empty for zero-row inputs

[1977/3108] (63%): CRC32 handles sliced fixed-width columns (offset != 0)0.000 s: CRC32 handles sliced fixed-width columns (offset != 0)

[1978/3108] (63%): CRC32 rejects mismatched or missing decimal specs0.001 s: CRC32 rejects mismatched or missing decimal specs

[1979/3108] (63%): CRC32 rejects unsupported and sliced columns before launching0.000 s: CRC32 rejects unsupported and sliced columns before launching

[1980/3108] (63%): Hash partition basic0.036 s: Hash partition basic

[1981/3108] (63%): Hash partition with invalid input0.000 s: Hash partition with invalid input

[1982/3108] (63%): Hash partition with empty input0.000 s: Hash partition with empty input

[1983/3108] (63%): Hash partition with all the same partitioning keys0.000 s: Hash partition with all the same partitioning keys

[1984/3108] (63%): Hash partition with num partitions larger than input size0.001 s: Hash partition with num partitions larger than input size

[1985/3108] (63%): Evenly partition basic0.000 s: Evenly partition basic

[1986/3108] (63%): Evenly partition basic with empty input0.000 s: Evenly partition basic with empty input

[1987/3108] (63%): Evenly partition basic with num partitions larger than input size0.001 s: Evenly partition basic with num partitions larger than input size

[1988/3108] (63%): host_table_chunk_reader produces correct DataChunks0.001 s: host_table_chunk_reader produces correct DataChunks

[1989/3108] (63%): host_table_chunk_reader handles null masks0.002 s: host_table_chunk_reader handles null masks

[1990/3108] (64%): sirius_physical_concat concatenates multiple data_batches - int32_t0.032 s: sirius_physical_concat concatenates multiple data_batches - int32_t

[1991/3108] (64%): sirius_physical_concat concatenates multiple data_batches - int64_t0.000 s: sirius_physical_concat concatenates multiple data_batches - int64_t

[1992/3108] (64%): sirius_physical_concat concatenates multiple data_batches - float0.000 s: sirius_physical_concat concatenates multiple data_batches - float

[1993/3108] (64%): sirius_physical_concat concatenates multiple data_batches - double0.000 s: sirius_physical_concat concatenates multiple data_batches - double

[1994/3108] (64%): sirius_physical_concat concatenates multiple data_batches - int16_t0.000 s: sirius_physical_concat concatenates multiple data_batches - int16_t

[1995/3108] (64%): sirius_physical_concat concatenates multiple data_batches - bool0.000 s: sirius_physical_concat concatenates multiple data_batches - bool

[1996/3108] (64%): sirius_physical_concat concatenates multiple data_batches - decimal64_tag0.000 s: sirius_physical_concat concatenates multiple data_batches - decimal64_tag

[1997/3108] (64%): sirius_physical_concat concatenates multiple data_batches - string_tag0.000 s: sirius_physical_concat concatenates multiple data_batches - string_tag

[1998/3108] (64%): sirius_physical_concat concatenates multiple data_batches - timestamp_us_tag0.000 s: sirius_physical_concat concatenates multiple data_batches - timestamp_us_tag

[1999/3108] (64%): sirius_physical_concat concatenates multiple data_batches - date32_tag0.000 s: sirius_physical_concat concatenates multiple data_batches - date32_tag

[2000/3108] (64%): sirius_physical_concat returns single batch as-is0.000 s: sirius_physical_concat returns single batch as-is

[2001/3108] (64%): sirius_physical_concat handles empty input0.000 s: sirius_physical_concat handles empty input

[2002/3108] (64%): sirius_physical_concat filters null batches0.000 s: sirius_physical_concat filters null batches

[2003/3108] (64%): sirius_physical_concat sink forwards batches to downstream operator with partition index0.000 s: sirius_physical_concat sink forwards batches to downstream operator with partition index

[2004/3108] (64%): sirius_physical_concat sink forwards to multiple downstream operators0.000 s: sirius_physical_concat sink forwards to multiple downstream operators

[2005/3108] (64%): sirius_physical_concat stops concatenating at concat_batch_bytes threshold0.000 s: sirius_physical_concat stops concatenating at concat_batch_bytes threshold

[2006/3108] (64%): sirius_physical_concat with concat_all=true ignores threshold0.000 s: sirius_physical_concat with concat_all=true ignores threshold

[2007/3108] (64%): sirius_physical_concat defers under-threshold groups while the source pipeline runs0.000 s: sirius_physical_concat defers under-threshold groups while the source pipeline runs

[2008/3108] (64%): sirius_physical_concat holds a lone oversized batch until more data or pipeline finish0.000 s: sirius_physical_concat holds a lone oversized batch until more data or pipeline finish

[2009/3108] (64%): sirius_physical_concat with concat_all defers all batches until pipeline finish0.000 s: sirius_physical_concat with concat_all defers all batches until pipeline finish

[2010/3108] (64%): sirius_physical_concat pulls from a later partition when earlier ones are not ready0.000 s: sirius_physical_concat pulls from a later partition when earlier ones are not ready

[2011/3108] (64%): sirius_physical_concat keeps a batch exactly at the threshold in its group0.000 s: sirius_physical_concat keeps a batch exactly at the threshold in its group

[2012/3108] (64%): sirius_physical_concat constructor sets concat_all for different join types0.000 s: INNER join -> is_build_concat reflects is_build flag
0.000 s: sirius_physical_concat constructor sets concat_all for different join types
0.000 s: LEFT join + is_build=true -> is_build_concat returns true
0.000 s: sirius_physical_concat constructor sets concat_all for different join types
0.000 s: LEFT join + is_build=false -> is_build_concat returns false
0.000 s: sirius_physical_concat constructor sets concat_all for different join types
0.000 s: RIGHT join constructs successfully
0.000 s: sirius_physical_concat constructor sets concat_all for different join types
0.000 s: SEMI join constructs successfully
0.000 s: sirius_physical_concat constructor sets concat_all for different join types
0.000 s: OUTER join throws unsupported join type
0.000 s: sirius_physical_concat constructor sets concat_all for different join types
0.000 s: Non-hash-join parent throws
0.000 s: sirius_physical_concat constructor sets concat_all for different join types

[2013/3108] (64%): sirius_physical_hash_join identifies right-family joins0.000 s: sirius_physical_hash_join identifies right-family joins

[2014/3108] (64%): right-family sibling partitions round up from the probe input0.000 s: right-family sibling partitions round up from the probe input

[2015/3108] (64%): sirius_physical_concat get_next_task_input_batch is thread-safe0.002 s: sirius_physical_concat get_next_task_input_batch is thread-safe

[2016/3108] (64%): sirius_physical_concat execute is thread-safe with independent streams0.001 s: sirius_physical_concat execute is thread-safe with independent streams

[2017/3108] (64%): dense_count_join: zero-count outer groups, duplicates, out-of-range counted keys0.000 s: dense strategy
0.031 s: dense_count_join: zero-count outer groups, duplicates, out-of-range counted keys
0.002 s: sparse strategy is byte-equivalent (dense gate negative)
0.002 s: dense_count_join: zero-count outer groups, duplicates, out-of-range counted keys

[2018/3108] (64%): dense_count_join: NULL keys and COUNT(col) NULL semantics0.001 s: COUNT(col): NULL values excluded, NULL preserved keys form the 0-count NULL group
0.002 s: dense_count_join: NULL keys and COUNT(col) NULL semantics
0.001 s: COUNT(*): unmatched rows count 1 each; NULL group counts its own rows
0.001 s: dense_count_join: NULL keys and COUNT(col) NULL semantics

[2019/3108] (64%): dense_count_join: NULL counted keys never match0.001 s: dense_count_join: NULL counted keys never match

[2020/3108] (64%): dense_count_join: a matched key whose COUNT(col) values are all NULL counts zero0.001 s: COUNT(col) keeps the matched all-NULL group at zero
0.001 s: dense_count_join: a matched key whose COUNT(col) values are all NULL counts zero
0.001 s: COUNT(*) counts the matched rows regardless of argument NULLs
0.001 s: dense_count_join: a matched key whose COUNT(col) values are all NULL counts zero

[2021/3108] (65%): dense_count_join: offset BIGINT key range0.000 s: dense_count_join: offset BIGINT key range

[2022/3108] (65%): dense_count_join: empty counted side emits all-zero counts0.000 s: dense_count_join: empty counted side emits all-zero counts

[2023/3108] (65%): dense_count_join: empty preserved side emits no groups0.000 s: dense_count_join: empty preserved side emits no groups

[2024/3108] (65%): dense_count_join: negative and zero keys address the offset histogram exactly0.001 s: dense_count_join: negative and zero keys address the offset histogram exactly

[2025/3108] (65%): dense_count_join: duplicate keys across batches accumulate on both sides0.003 s: dense_count_join: duplicate keys across batches accumulate on both sides

[2026/3108] (65%): dense_count_join: wide (u64) histogram slots match the u32 result0.000 s: dense_count_join: wide (u64) histogram slots match the u32 result

[2027/3108] (65%): dense_count_join emit covers the identity and gathered shapes0.000 s: a gap-free preserved domain needs no gather map
0.000 s: dense_count_join emit covers the identity and gathered shapes
0.000 s: a gapped preserved domain counts before gathering
0.000 s: dense_count_join emit covers the identity and gathered shapes
0.000 s: a domain far wider than the preserved rows gathers the occupied slots
0.000 s: dense_count_join emit covers the identity and gathered shapes

[2028/3108] (65%): dense_count_join accumulation agrees across the shared-memory gate0.000 s: a single slot
0.000 s: dense_count_join accumulation agrees across the shared-memory gate
0.000 s: a low-cardinality domain
0.000 s: dense_count_join accumulation agrees across the shared-memory gate
0.000 s: a low-cardinality domain in wide slots
0.000 s: dense_count_join accumulation agrees across the shared-memory gate
0.001 s: exactly at the gate
0.001 s: dense_count_join accumulation agrees across the shared-memory gate
0.001 s: just above the gate
0.001 s: dense_count_join accumulation agrees across the shared-memory gate
0.000 s: too few rows per slot to privatize
0.000 s: dense_count_join accumulation agrees across the shared-memory gate
0.000 s: out-of-domain counted keys while privatizing
0.000 s: dense_count_join accumulation agrees across the shared-memory gate

[2029/3108] (65%): dense_count_join admits a histogram at exactly the configured byte budget0.001 s: dense_count_join admits a histogram at exactly the configured byte budget

[2030/3108] (65%): dense_count_join: runtime density and input-cost gates0.000 s: tiny contiguous domain remains dense
0.000 s: dense_count_join: runtime density and input-cost gates
0.001 s: within-budget but sparse domain avoids a disproportionate histogram
0.001 s: dense_count_join: runtime density and input-cost gates

[2031/3108] (65%): dense_count_join: retained multi-batch extrema merge on a non-default stream0.001 s: dense_count_join: retained multi-batch extrema merge on a non-default stream

[2032/3108] (65%): dense_count_join: extreme INT64 domain takes exact sparse path0.001 s: dense_count_join: extreme INT64 domain takes exact sparse path

[2033/3108] (65%): dense_count_join rejects malformed batch metadata with diagnostics0.000 s: the batch split index records both sides
0.000 s: dense_count_join rejects malformed batch metadata with diagnostics
0.000 s: an out-of-range preserved key index fails instead of reading past the batch
0.000 s: dense_count_join rejects malformed batch metadata with diagnostics
0.000 s: an out-of-range COUNT argument index fails instead of reading past the batch
0.000 s: dense_count_join rejects malformed batch metadata with diagnostics

[2034/3108] (65%): dense_count_join owns direct child port and barrier wiring0.000 s: dense_count_join owns direct child port and barrier wiring

[2035/3108] (65%): dense_count_join first-run estimate is proportional and saturates0.000 s: dense_count_join first-run estimate is proportional and saturates

[2036/3108] (65%): dense_count_join rejects an unrepresentable histogram layout0.000 s: dense_count_join rejects an unrepresentable histogram layout

[2037/3108] (65%): dense_count_layout sizes slots from the domain and slot width from the row counts0.000 s: dense_count_layout sizes slots from the domain and slot width from the row counts

[2038/3108] (65%): dense_count_bounds gates BIGINT overflow detection0.000 s: dense_count_bounds gates BIGINT overflow detection

[2039/3108] (65%): dense_count_join emit validates products when the bounds allow overflow0.000 s: dense_count_join emit validates products when the bounds allow overflow

[2040/3108] (65%): dense_count_join exact rare-path BIGINT product validation0.000 s: dense_count_join exact rare-path BIGINT product validation

[2041/3108] (65%): dense_count_join: a retried task re-executes on the same input0.000 s: dense path
0.001 s: dense_count_join: a retried task re-executes on the same input
0.002 s: sparse path
0.002 s: dense_count_join: a retried task re-executes on the same input

[2042/3108] (65%): sirius_physical_sort_sample stops sampling at sort_sample_bytes threshold0.000 s: sirius_physical_sort_sample stops sampling at sort_sample_bytes threshold

[2043/3108] (65%): sirius_physical_sort_sample get_next_task_hint waits for sample bytes0.000 s: sirius_physical_sort_sample get_next_task_hint waits for sample bytes

[2044/3108] (65%): sirius_physical_sort_sample is ready when upstream finished with empty repo0.000 s: sirius_physical_sort_sample is ready when upstream finished with empty repo

[2045/3108] (65%): sirius_physical_sort_sample get_next_task_hint returns nullopt while scheduled0.000 s: sirius_physical_sort_sample get_next_task_hint returns nullopt while scheduled

[2046/3108] (65%): sirius_physical_sort_sample pulls all remaining data when upstream finished below threshold0.000 s: sirius_physical_sort_sample pulls all remaining data when upstream finished below threshold

[2047/3108] (65%): sirius_physical_sort_sample merges pre-sorted batches for partition boundaries0.000 s: sirius_physical_sort_sample merges pre-sorted batches for partition boundaries

[2048/3108] (65%): sirius_physical_sort_sample sizes a complete input from its actual bytes0.000 s: sirius_physical_sort_sample sizes a complete input from its actual bytes

[2049/3108] (65%): sirius_physical_sort_sample extrapolates partial input without duplicate boundaries0.000 s: upstream is unfinished
0.000 s: sirius_physical_sort_sample extrapolates partial input without duplicate boundaries
0.000 s: upstream is finished with an unsampled batch
0.000 s: sirius_physical_sort_sample extrapolates partial input without duplicate boundaries

[2050/3108] (65%): sirius_physical_filter executes on data_batch for multiple numeric types - int32_t0.036 s: sirius_physical_filter executes on data_batch for multiple numeric types - int32_t

[2051/3108] (65%): sirius_physical_filter executes on data_batch for multiple numeric types - int64_t0.035 s: sirius_physical_filter executes on data_batch for multiple numeric types - int64_t

[2052/3108] (66%): sirius_physical_filter executes on data_batch for multiple numeric types - float0.127 s: sirius_physical_filter executes on data_batch for multiple numeric types - float

[2053/3108] (66%): sirius_physical_filter executes on data_batch for multiple numeric types - double0.036 s: sirius_physical_filter executes on data_batch for multiple numeric types - double

[2054/3108] (66%): sirius_physical_filter executes on data_batch for multiple numeric types - int16_t0.034 s: sirius_physical_filter executes on data_batch for multiple numeric types - int16_t

[2055/3108] (66%): sirius_physical_filter executes on data_batch for multiple numeric types - bool0.034 s: sirius_physical_filter executes on data_batch for multiple numeric types - bool

[2056/3108] (66%): sirius_physical_filter executes on data_batch for multiple numeric types - decimal64_tag0.034 s: sirius_physical_filter executes on data_batch for multiple numeric types - decimal64_tag

[2057/3108] (66%): sirius_physical_filter executes on data_batch for multiple numeric types - string_tag0.039 s: sirius_physical_filter executes on data_batch for multiple numeric types - string_tag

[2058/3108] (66%): sirius_physical_filter executes on data_batch for multiple numeric types - timestamp_us_tag0.035 s: sirius_physical_filter executes on data_batch for multiple numeric types - timestamp_us_tag

[2059/3108] (66%): sirius_physical_filter executes on data_batch for multiple numeric types - date32_tag0.035 s: sirius_physical_filter executes on data_batch for multiple numeric types - date32_tag

[2060/3108] (66%): sirius_physical_streaming_limit limits rows in data_batch - int32_t0.034 s: sirius_physical_streaming_limit limits rows in data_batch - int32_t

[2061/3108] (66%): sirius_physical_streaming_limit limits rows in data_batch - int64_t0.034 s: sirius_physical_streaming_limit limits rows in data_batch - int64_t

[2062/3108] (66%): sirius_physical_streaming_limit limits rows in data_batch - float0.036 s: sirius_physical_streaming_limit limits rows in data_batch - float

[2063/3108] (66%): sirius_physical_streaming_limit limits rows in data_batch - double0.035 s: sirius_physical_streaming_limit limits rows in data_batch - double

[2064/3108] (66%): sirius_physical_streaming_limit limits rows in data_batch - int16_t0.035 s: sirius_physical_streaming_limit limits rows in data_batch - int16_t

[2065/3108] (66%): sirius_physical_streaming_limit limits rows in data_batch - bool0.034 s: sirius_physical_streaming_limit limits rows in data_batch - bool

[2066/3108] (66%): sirius_physical_streaming_limit limits rows in data_batch - decimal64_tag0.034 s: sirius_physical_streaming_limit limits rows in data_batch - decimal64_tag

[2067/3108] (66%): sirius_physical_streaming_limit limits rows in data_batch - string_tag0.035 s: sirius_physical_streaming_limit limits rows in data_batch - string_tag

[2068/3108] (66%): sirius_physical_streaming_limit limits rows in data_batch - timestamp_us_tag0.035 s: sirius_physical_streaming_limit limits rows in data_batch - timestamp_us_tag

[2069/3108] (66%): sirius_physical_streaming_limit limits rows in data_batch - date32_tag0.035 s: sirius_physical_streaming_limit limits rows in data_batch - date32_tag

[2070/3108] (66%): streaming_limit caps total rows across multiple batches0.035 s: streaming_limit caps total rows across multiple batches

[2071/3108] (66%): streaming_limit spans across two batches returning correct data0.035 s: streaming_limit spans across two batches returning correct data

[2072/3108] (66%): streaming_limit offset spans across multiple batches0.035 s: streaming_limit offset spans across multiple batches

[2073/3108] (66%): streaming_limit with separate execute calls enforces global limit0.035 s: streaming_limit with separate execute calls enforces global limit

[2074/3108] (66%): sirius_physical_hash_join mark join - partial match0.032 s: sirius_physical_hash_join mark join - partial match

[2075/3108] (66%): sirius_physical_hash_join mark join - all rows match0.000 s: sirius_physical_hash_join mark join - all rows match

[2076/3108] (66%): sirius_physical_hash_join mark join - no rows match0.000 s: sirius_physical_hash_join mark join - no rows match

[2077/3108] (66%): sirius_physical_hash_join mark join - empty right side0.000 s: sirius_physical_hash_join mark join - empty right side

[2078/3108] (66%): sirius_physical_hash_join mark join - duplicate keys on right side0.000 s: sirius_physical_hash_join mark join - duplicate keys on right side

[2079/3108] (66%): sirius_physical_hash_join mark join - build-on-left (cudf::mark_join) path0.003 s: sirius_physical_hash_join mark join - build-on-left (cudf::mark_join) path

[2080/3108] (66%): sirius_physical_hash_join mark join - right side has NULL key0.000 s: sirius_physical_hash_join mark join - right side has NULL key

[2081/3108] (66%): sirius_physical_hash_join mark join - probe side has NULL key0.000 s: sirius_physical_hash_join mark join - probe side has NULL key

[2082/3108] (66%): sirius_physical_hash_join mark join - right NULL key on build-on-left path0.000 s: sirius_physical_hash_join mark join - right NULL key on build-on-left path

[2083/3108] (67%): sirius_physical_hash_join mark join - mixed conditions are unsupported0.000 s: sirius_physical_hash_join mark join - mixed conditions are unsupported

[2084/3108] (67%): sirius_physical_nested_loop_join MARK honors the left projection map0.001 s: sirius_physical_nested_loop_join MARK honors the left projection map

[2085/3108] (67%): sirius_physical_nested_loop_join MARK empty side honors the left projection map0.000 s: empty right side marks projected left rows false
0.000 s: sirius_physical_nested_loop_join MARK empty side honors the left projection map
0.000 s: empty left side still exposes the projected-left-plus-mark schema
0.000 s: sirius_physical_nested_loop_join MARK empty side honors the left projection map

[2086/3108] (67%): sirius_physical_nested_loop_join MARK emits NULL under three-valued logic0.001 s: right NULL taints an otherwise-false row to NULL
0.001 s: sirius_physical_nested_loop_join MARK emits NULL under three-valued logic
0.001 s: NULL probe key is NULL, not false
0.001 s: sirius_physical_nested_loop_join MARK emits NULL under three-valued logic
0.000 s: definitely-false rows with no nulls stay false
0.000 s: sirius_physical_nested_loop_join MARK emits NULL under three-valued logic

[2087/3108] (67%): sirius_physical_nested_loop_join MARK conjunction absorbs NULL with FALSE0.001 s: every right row has a FALSE conjunct -> mark FALSE despite the NULLs
0.001 s: sirius_physical_nested_loop_join MARK conjunction absorbs NULL with FALSE
0.001 s: a right row that is TRUE-then-NULL (no FALSE conjunct) yields NULL
0.001 s: sirius_physical_nested_loop_join MARK conjunction absorbs NULL with FALSE

[2088/3108] (67%): sirius_physical_nested_loop_join MARK null-safe comparisons yield definite marks0.001 s: IS NOT DISTINCT FROM, right {5}: NULL vs 5 FALSE, 5 vs 5 TRUE
0.001 s: sirius_physical_nested_loop_join MARK null-safe comparisons yield definite marks
0.001 s: IS NOT DISTINCT FROM, right {NULL}: NULL vs NULL TRUE, 5 vs NULL FALSE
0.001 s: sirius_physical_nested_loop_join MARK null-safe comparisons yield definite marks
0.001 s: IS DISTINCT FROM, right {5}: NULL vs 5 TRUE, 5 vs 5 FALSE
0.001 s: sirius_physical_nested_loop_join MARK null-safe comparisons yield definite marks
0.001 s: IS DISTINCT FROM, right {NULL}: NULL vs NULL FALSE, 5 vs NULL TRUE
0.001 s: sirius_physical_nested_loop_join MARK null-safe comparisons yield definite marks

[2089/3108] (67%): sirius_physical_nested_loop_join MARK mixed null-safe + null-propagating conjunction0.001 s: null-safe conjunct is a definite FALSE -> whole predicate FALSE, mark FALSE
0.001 s: sirius_physical_nested_loop_join MARK mixed null-safe + null-propagating conjunction
0.001 s: null-safe conjunct TRUE but propagating conjunct UNKNOWN -> mark NULL
0.001 s: sirius_physical_nested_loop_join MARK mixed null-safe + null-propagating conjunction

[2090/3108] (67%): sirius_physical_nested_loop_join rejects join types it cannot execute0.000 s: sirius_physical_nested_loop_join rejects join types it cannot execute

[2091/3108] (67%): sirius_physical_hash_join rejects join types it cannot execute0.000 s: sirius_physical_hash_join rejects join types it cannot execute

[2092/3108] (67%): sirius_physical_hash_join MARK with all null-safe keys emits definite marks0.000 s: sirius_physical_hash_join MARK with all null-safe keys emits definite marks

[2093/3108] (67%): sirius_physical_nested_loop_join SEMI and ANTI honor the left projection map0.000 s: SEMI normal path projects only selected left columns
0.000 s: sirius_physical_nested_loop_join SEMI and ANTI honor the left projection map
0.000 s: ANTI normal path projects only selected left columns
0.000 s: sirius_physical_nested_loop_join SEMI and ANTI honor the left projection map
0.000 s: SEMI empty-side arm keeps the projected schema
0.000 s: sirius_physical_nested_loop_join SEMI and ANTI honor the left projection map
0.000 s: ANTI empty-side arm projects all preserved left rows
0.000 s: sirius_physical_nested_loop_join SEMI and ANTI honor the left projection map

[2094/3108] (67%): sirius_physical_merge_sort merges 2 sorted 1-column batches ascending0.000 s: sirius_physical_merge_sort merges 2 sorted 1-column batches ascending

[2095/3108] (67%): sirius_physical_merge_sort merges 3 sorted 1-column batches descending0.000 s: sirius_physical_merge_sort merges 3 sorted 1-column batches descending

[2096/3108] (67%): sirius_physical_merge_sort merges 2 sorted 2-column batches by col0 asc0.000 s: sirius_physical_merge_sort merges 2 sorted 2-column batches by col0 asc

[2097/3108] (67%): sirius_physical_merge_sort merges 2-column batches sorted by 2 keys0.001 s: sirius_physical_merge_sort merges 2-column batches sorted by 2 keys

[2098/3108] (67%): sirius_physical_merge_sort merges 3-column batches sorted by col0, returns all0.000 s: sirius_physical_merge_sort merges 3-column batches sorted by col0, returns all

[2099/3108] (67%): sirius_physical_merge_sort 3 columns sorted by col0 asc + col1 desc0.001 s: sirius_physical_merge_sort 3 columns sorted by col0 asc + col1 desc

[2100/3108] (67%): sirius_physical_merge_sort single batch passthrough0.000 s: sirius_physical_merge_sort single batch passthrough

[2101/3108] (67%): sirius_physical_merge_sort skips null batches0.000 s: sirius_physical_merge_sort skips null batches

[2102/3108] (67%): sirius_physical_merge_sort returns empty for all-null inputs0.000 s: sirius_physical_merge_sort returns empty for all-null inputs

[2103/3108] (67%): sirius_physical_merge_sort constructed from sirius_physical_order0.000 s: sirius_physical_merge_sort constructed from sirius_physical_order

[2104/3108] (67%): sirius_physical_order sorts 1 column ascending0.000 s: sirius_physical_order sorts 1 column ascending

[2105/3108] (67%): sirius_physical_order sorts 1 column descending0.000 s: sirius_physical_order sorts 1 column descending

[2106/3108] (67%): sirius_physical_order sorts by col0, returns both columns0.000 s: sirius_physical_order sorts by col0, returns both columns

[2107/3108] (67%): sirius_physical_order sorts by 2 keys (asc, desc)0.000 s: sirius_physical_order sorts by 2 keys (asc, desc)

[2108/3108] (67%): sirius_physical_order projects only col1 when sorting by col00.000 s: sirius_physical_order projects only col1 when sorting by col0

[2109/3108] (67%): sirius_physical_order 3 columns, sort by col0 asc, return all0.000 s: sirius_physical_order 3 columns, sort by col0 asc, return all

[2110/3108] (67%): sirius_physical_order 3 columns, sort by col0 asc + col1 desc, return all0.000 s: sirius_physical_order 3 columns, sort by col0 asc + col1 desc, return all

[2111/3108] (67%): sirius_physical_order 3 columns, sort by col0, project col1 and col2 only0.000 s: sirius_physical_order 3 columns, sort by col0, project col1 and col2 only

[2112/3108] (67%): sirius_physical_order handles multiple batches0.000 s: sirius_physical_order handles multiple batches

[2113/3108] (67%): sirius_physical_order handles null input batches0.000 s: sirius_physical_order handles null input batches

[2114/3108] (68%): sirius_physical_order returns empty for all-null inputs0.000 s: sirius_physical_order returns empty for all-null inputs

[2115/3108] (68%): sirius_physical_partition barrier hook preserves producer precedence0.000 s: sirius_physical_partition barrier hook preserves producer precedence

[2116/3108] (68%): sirius_physical_partition barrier hook preserves build and right-family barriers0.000 s: sirius_physical_partition barrier hook preserves build and right-family barriers

[2117/3108] (68%): sirius_physical_partition partitions data_batch with single partition key - int32_t0.037 s: sirius_physical_partition partitions data_batch with single partition key - int32_t

[2118/3108] (68%): sirius_physical_partition partitions data_batch with single partition key - int64_t0.034 s: sirius_physical_partition partitions data_batch with single partition key - int64_t

[2119/3108] (68%): sirius_physical_partition partitions data_batch with single partition key - float0.034 s: sirius_physical_partition partitions data_batch with single partition key - float

[2120/3108] (68%): sirius_physical_partition partitions data_batch with single partition key - double0.035 s: sirius_physical_partition partitions data_batch with single partition key - double

[2121/3108] (68%): sirius_physical_partition partitions data_batch with single partition key - int16_t0.034 s: sirius_physical_partition partitions data_batch with single partition key - int16_t

[2122/3108] (68%): sirius_physical_partition partitions data_batch with single partition key - bool0.034 s: sirius_physical_partition partitions data_batch with single partition key - bool

[2123/3108] (68%): sirius_physical_partition partitions data_batch with single partition key - decimal64_tag0.134 s: sirius_physical_partition partitions data_batch with single partition key - decimal64_tag

[2124/3108] (68%): sirius_physical_partition partitions data_batch with single partition key - string_tag0.036 s: sirius_physical_partition partitions data_batch with single partition key - string_tag

[2125/3108] (68%): sirius_physical_partition partitions data_batch with single partition key - timestamp_us_tag0.035 s: sirius_physical_partition partitions data_batch with single partition key - timestamp_us_tag

[2126/3108] (68%): sirius_physical_partition partitions data_batch with single partition key - date32_tag0.034 s: sirius_physical_partition partitions data_batch with single partition key - date32_tag

[2127/3108] (68%): sirius_physical_partition partitions data_batch with two partition keys - int32_t0.035 s: sirius_physical_partition partitions data_batch with two partition keys - int32_t

[2128/3108] (68%): sirius_physical_partition partitions data_batch with two partition keys - int64_t0.036 s: sirius_physical_partition partitions data_batch with two partition keys - int64_t

[2129/3108] (68%): sirius_physical_partition partitions data_batch with two partition keys - float0.035 s: sirius_physical_partition partitions data_batch with two partition keys - float

[2130/3108] (68%): sirius_physical_partition partitions data_batch with two partition keys - double0.036 s: sirius_physical_partition partitions data_batch with two partition keys - double

[2131/3108] (68%): sirius_physical_partition partitions data_batch with two partition keys - int16_t0.035 s: sirius_physical_partition partitions data_batch with two partition keys - int16_t

[2132/3108] (68%): sirius_physical_partition partitions data_batch with two partition keys - bool0.034 s: sirius_physical_partition partitions data_batch with two partition keys - bool

[2133/3108] (68%): sirius_physical_partition partitions data_batch with two partition keys - decimal64_tag0.035 s: sirius_physical_partition partitions data_batch with two partition keys - decimal64_tag

[2134/3108] (68%): sirius_physical_partition partitions data_batch with two partition keys - string_tag0.050 s: sirius_physical_partition partitions data_batch with two partition keys - string_tag

[2135/3108] (68%): sirius_physical_partition partitions data_batch with two partition keys - timestamp_us_tag0.036 s: sirius_physical_partition partitions data_batch with two partition keys - timestamp_us_tag

[2136/3108] (68%): sirius_physical_partition partitions data_batch with two partition keys - date32_tag0.035 s: sirius_physical_partition partitions data_batch with two partition keys - date32_tag

[2137/3108] (68%): sirius_physical_partition partitions data_batch with single partition key and 1 partition0.032 s: sirius_physical_partition partitions data_batch with single partition key and 1 partition

[2138/3108] (68%): sirius_physical_projection executes on data_batch for multiple types - int32_t0.033 s: sirius_physical_projection executes on data_batch for multiple types - int32_t

[2139/3108] (68%): sirius_physical_projection executes on data_batch for multiple types - int64_t0.033 s: sirius_physical_projection executes on data_batch for multiple types - int64_t

[2140/3108] (68%): sirius_physical_projection executes on data_batch for multiple types - float0.034 s: sirius_physical_projection executes on data_batch for multiple types - float

[2141/3108] (68%): sirius_physical_projection executes on data_batch for multiple types - double0.033 s: sirius_physical_projection executes on data_batch for multiple types - double

[2142/3108] (68%): sirius_physical_projection executes on data_batch for multiple types - int16_t0.033 s: sirius_physical_projection executes on data_batch for multiple types - int16_t

[2143/3108] (68%): sirius_physical_projection executes on data_batch for multiple types - bool0.034 s: sirius_physical_projection executes on data_batch for multiple types - bool

[2144/3108] (68%): sirius_physical_projection executes on data_batch for multiple types - decimal64_tag0.032 s: sirius_physical_projection executes on data_batch for multiple types - decimal64_tag

[2145/3108] (69%): sirius_physical_projection executes on data_batch for multiple types - string_tag0.033 s: sirius_physical_projection executes on data_batch for multiple types - string_tag

[2146/3108] (69%): sirius_physical_projection executes on data_batch for multiple types - timestamp_us_tag0.035 s: sirius_physical_projection executes on data_batch for multiple types - timestamp_us_tag

[2147/3108] (69%): sirius_physical_projection executes on data_batch for multiple types - date32_tag0.035 s: sirius_physical_projection executes on data_batch for multiple types - date32_tag

[2148/3108] (69%): sirius_physical_projection can drop columns - int64_t0.034 s: sirius_physical_projection can drop columns - int64_t

[2149/3108] (69%): sirius_physical_projection can duplicate/reorder columns - int64_t0.033 s: sirius_physical_projection can duplicate/reorder columns - int64_t

[2150/3108] (69%): sirius_physical_projection mixes evaluated and passthrough columns (path 3)0.033 s: sirius_physical_projection mixes evaluated and passthrough columns (path 3)

[2151/3108] (69%): sirius_physical_projection passthrough output outlives input batch handle0.033 s: sirius_physical_projection passthrough output outlives input batch handle

[2152/3108] (69%): sirius_physical_materialized_collector sink with host input0.002 s: sirius_physical_materialized_collector sink with host input

[2153/3108] (69%): sirius_physical_materialized_collector sink converts GPU input0.001 s: sirius_physical_materialized_collector sink converts GPU input

[2154/3108] (69%): sirius_physical_materialized_collector sink supports concurrent append0.002 s: sirius_physical_materialized_collector sink supports concurrent append

[2155/3108] (69%): streaming_sink SNK-1: sunk batches appear in the output repository in order0.072 s: streaming_sink SNK-1: sunk batches appear in the output repository in order

[2156/3108] (69%): streaming_sink SNK-2: an open sink is WAITING or HAS_DATA, never EOS0.036 s: streaming_sink SNK-2: an open sink is WAITING or HAS_DATA, never EOS

[2157/3108] (69%): streaming_sink SNK-3: finalize drives EOS only once the output is drained0.034 s: streaming_sink SNK-3: finalize drives EOS only once the output is drained

[2158/3108] (69%): streaming_sink SNK-4: a fragment that produced nothing still reaches EOS0.000 s: streaming_sink SNK-4: a fragment that produced nothing still reaches EOS

[2159/3108] (69%): streaming_sink SNK-5: sink after finalize poisons the stream0.034 s: streaming_sink SNK-5: sink after finalize poisons the stream

[2160/3108] (69%): streaming_sink SNK-6: wait unblocks when the pipeline produces0.053 s: streaming_sink SNK-6: wait unblocks when the pipeline produces

[2161/3108] (69%): streaming_sink SNK-7: wait unblocks on end-of-stream0.020 s: streaming_sink SNK-7: wait unblocks on end-of-stream

[2162/3108] (69%): streaming_sink SNK-8: null repository and out-of-range index are rejected0.000 s: streaming_sink SNK-8: null repository and out-of-range index are rejected

[2163/3108] (69%): streaming_sink SNK-9: memory estimate follows the routing mode0.000 s: single destination allocates nothing on top of the input
0.000 s: streaming_sink SNK-9: memory estimate follows the routing mode
0.000 s: hash holds the reorder buffer alongside the slices
0.000 s: streaming_sink SNK-9: memory estimate follows the routing mode
0.000 s: broadcast holds the original plus one clone per extra destination
0.000 s: streaming_sink SNK-9: memory estimate follows the routing mode

[2164/3108] (69%): streaming_sink SNK-10: source to filter to sink round-trips native batches0.036 s: streaming_sink SNK-10: source to filter to sink round-trips native batches

[2165/3108] (69%): streaming_sink SINK-ERR-1: fail_output unblocks wait and rethrows in pull0.020 s: streaming_sink SINK-ERR-1: fail_output unblocks wait and rethrows in pull

[2166/3108] (69%): streaming_sink SINK-ERR-2: errored stream never reports clean end0.000 s: streaming_sink SINK-ERR-2: errored stream never reports clean end

[2167/3108] (69%): streaming_sink PART-1: partitioned fan-out preserves every row exactly once0.035 s: streaming_sink PART-1: partitioned fan-out preserves every row exactly once
0.036 s: streaming_sink PART-1: partitioned fan-out preserves every row exactly once

[2168/3108] (69%): streaming_sink PART-2: rows with the same key land on the same destination0.035 s: streaming_sink PART-2: rows with the same key land on the same destination

[2169/3108] (69%): streaming_sink PART-3: an undrained destination does not block its siblings0.034 s: streaming_sink PART-3: an undrained destination does not block its siblings

[2170/3108] (69%): streaming_sink PART-4: one finalize ends all destinations0.000 s: streaming_sink PART-4: one finalize ends all destinations

[2171/3108] (69%): streaming_sink PART-5: wait on one destination unblocks on its own data0.054 s: streaming_sink PART-5: wait on one destination unblocks on its own data

[2172/3108] (69%): streaming_sink PART-6: a single destination bypasses partitioning0.034 s: streaming_sink PART-6: a single destination bypasses partitioning

[2173/3108] (69%): streaming_sink PART-7: destination list and spec are validated0.000 s: streaming_sink PART-7: destination list and spec are validated

[2174/3108] (69%): streaming_sink PART-8: broadcast delivers every batch to every destination0.035 s: streaming_sink PART-8: broadcast delivers every batch to every destination
0.034 s: streaming_sink PART-8: broadcast delivers every batch to every destination

[2175/3108] (69%): streaming_sink PART-9: broadcast clones are independent batches0.033 s: streaming_sink PART-9: broadcast clones are independent batches

[2176/3108] (70%): streaming_source SRC-1: open+empty hint is WAITING{nullptr}0.000 s: streaming_source SRC-1: open+empty hint is WAITING{nullptr}

[2177/3108] (70%): streaming_source SRC-2: non-empty hint is READY{this}0.033 s: streaming_source SRC-2: non-empty hint is READY{this}

[2178/3108] (70%): streaming_source SRC-3: closed+drained hint is nullopt0.000 s: streaming_source SRC-3: closed+drained hint is nullopt

[2179/3108] (70%): streaming_source SRC-4: closed+non-empty hint is READY{this}0.033 s: streaming_source SRC-4: closed+non-empty hint is READY{this}

[2180/3108] (70%): streaming_source SRC-5: all_ports_empty reflects stream drained state0.033 s: streaming_source SRC-5: all_ports_empty reflects stream drained state

[2181/3108] (70%): streaming_source SRC-6: input-data happy path preserves batch identity0.033 s: streaming_source SRC-6: input-data happy path preserves batch identity

[2182/3108] (70%): streaming_source SRC-7: empty stream returns nullptr non-blocking0.000 s: streaming_source SRC-7: empty stream returns nullptr non-blocking

[2183/3108] (70%): streaming_source SRC-8: batches are delivered in push order0.033 s: streaming_source SRC-8: batches are delivered in push order

[2184/3108] (70%): streaming_source SRC-9: one batch per call to get_next_task_input_data0.034 s: streaming_source SRC-9: one batch per call to get_next_task_input_data

[2185/3108] (70%): streaming_source SRC-10: memory estimate is stats.bytes (pass-through)0.000 s: streaming_source SRC-10: memory estimate is stats.bytes (pass-through)

[2186/3108] (70%): streaming_source SRC-11: execute round-trips numeric batch bit-exact0.034 s: streaming_source SRC-11: execute round-trips numeric batch bit-exact

[2187/3108] (70%): streaming_source SRC-12: execute round-trips two-column and string batches0.131 s: streaming_source SRC-12: execute round-trips two-column and string batches

[2188/3108] (70%): streaming_source SRC-13: task owns batch; repo no longer holds it0.033 s: streaming_source SRC-13: task owns batch; repo no longer holds it

[2189/3108] (70%): streaming_source SRC-14: spill self-heal via prepare_for_processing0.033 s: streaming_source SRC-14: spill self-heal via prepare_for_processing

[2190/3108] (70%): streaming_source SRC-15: lifecycle end-to-end: k batches out then EOS0.033 s: streaming_source SRC-15: lifecycle end-to-end: k batches out then EOS

[2191/3108] (70%): streaming_source SRC-16: empty stream → immediate EOS0.000 s: streaming_source SRC-16: empty stream → immediate EOS

[2192/3108] (70%): streaming_source SRC-17: execute output feeds into real sirius_physical_filter0.033 s: streaming_source SRC-17: execute output feeds into real sirius_physical_filter

[2193/3108] (70%): streaming_source SRC-18: sink pushes batch to downstream boundary port0.033 s: streaming_source SRC-18: sink pushes batch to downstream boundary port

[2194/3108] (70%): streaming_source SRC-19: hint chaining reaches source via WAITING producer0.034 s: streaming_source SRC-19: hint chaining reaches source via WAITING producer

[2195/3108] (70%): streaming_source SRC-20: producer thread and consumer loop0.033 s: streaming_source SRC-20: producer thread and consumer loop

[2196/3108] (70%): streaming_source SRC-21: concurrent input-data pulls deliver each batch once0.033 s: streaming_source SRC-21: concurrent input-data pulls deliver each batch once

[2197/3108] (70%): streaming_source SRC-22: null repository is rejected0.000 s: streaming_source SRC-22: null repository is rejected

[2198/3108] (70%): streaming_source SRC-23: push after end-of-stream is rejected0.033 s: streaming_source SRC-23: push after end-of-stream is rejected

[2199/3108] (70%): streaming_source SRC-24: fan-in stream ends only after all senders close0.000 s: streaming_source SRC-24: fan-in stream ends only after all senders close

[2200/3108] (70%): streaming_source SRC-25: the input repository outlives the operator0.032 s: streaming_source SRC-25: the input repository outlives the operator

[2201/3108] (70%): streaming_source BUG-1: closing an empty stream finishes a zero-task pipeline0.000 s: streaming_source BUG-1: closing an empty stream finishes a zero-task pipeline

[2202/3108] (70%): streaming_source BUG-2: late close after last task completed finishes the pipeline0.032 s: streaming_source BUG-2: late close after last task completed finishes the pipeline

[2203/3108] (70%): streaming_source BUG-3: closing an empty stream schedules downstream consumers0.033 s: streaming_source BUG-3: closing an empty stream schedules downstream consumers

[2204/3108] (70%): streaming_source BUG-4: late close after last task schedules downstream consumers0.033 s: streaming_source BUG-4: late close after last task schedules downstream consumers

[2205/3108] (70%): streaming_source REARM-1: a push after a WAITING hint re-schedules the source0.032 s: streaming_source REARM-1: a push after a WAITING hint re-schedules the source

[2206/3108] (70%): streaming_source REARM-2: a push after a drained drain loop re-schedules the source0.032 s: streaming_source REARM-2: a push after a drained drain loop re-schedules the source

[2207/3108] (71%): streaming_source REARM-3: a batch already queued turns the hint into READY0.033 s: streaming_source REARM-3: a batch already queued turns the hint into READY

[2208/3108] (71%): streaming_source REARM-4: a push with no task_creator wired is harmless0.033 s: streaming_source REARM-4: a push with no task_creator wired is harmless

[2209/3108] (71%): streaming_source SRC-26: a producer error is rethrown to the puller0.032 s: streaming_source SRC-26: a producer error is rethrown to the puller

[2210/3108] (71%): streaming_source SRC-27: an errored stream does not finish the pipeline quietly0.034 s: streaming_source SRC-27: an errored stream does not finish the pipeline quietly

[2211/3108] (71%): sirius_physical_table_scan applies filters on data_batch for multiple numeric types - int32_t0.033 s: sirius_physical_table_scan applies filters on data_batch for multiple numeric types - int32_t

[2212/3108] (71%): sirius_physical_table_scan applies filters on data_batch for multiple numeric types - int64_t0.033 s: sirius_physical_table_scan applies filters on data_batch for multiple numeric types - int64_t

[2213/3108] (71%): sirius_physical_table_scan applies filters on data_batch for multiple numeric types - float0.034 s: sirius_physical_table_scan applies filters on data_batch for multiple numeric types - float

[2214/3108] (71%): sirius_physical_table_scan applies filters on data_batch for multiple numeric types - double0.033 s: sirius_physical_table_scan applies filters on data_batch for multiple numeric types - double

[2215/3108] (71%): sirius_physical_table_scan applies filters on data_batch for multiple numeric types - int16_t0.033 s: sirius_physical_table_scan applies filters on data_batch for multiple numeric types - int16_t

[2216/3108] (71%): sirius_physical_table_scan applies filters on data_batch for multiple numeric types - bool0.034 s: sirius_physical_table_scan applies filters on data_batch for multiple numeric types - bool

[2217/3108] (71%): sirius_physical_table_scan applies filters on data_batch for multiple numeric types - decimal64_tag0.033 s: sirius_physical_table_scan applies filters on data_batch for multiple numeric types - decimal64_tag

[2218/3108] (71%): sirius_physical_table_scan applies filters on data_batch for multiple numeric types - string_tag0.033 s: sirius_physical_table_scan applies filters on data_batch for multiple numeric types - string_tag

[2219/3108] (71%): sirius_physical_table_scan applies filters on data_batch for multiple numeric types - timestamp_us_tag0.034 s: sirius_physical_table_scan applies filters on data_batch for multiple numeric types - timestamp_us_tag

[2220/3108] (71%): sirius_physical_table_scan applies filters on data_batch for multiple numeric types - date32_tag0.032 s: sirius_physical_table_scan applies filters on data_batch for multiple numeric types - date32_tag

[2221/3108] (71%): sirius_physical_table_scan with no filters passes through data0.032 s: sirius_physical_table_scan with no filters passes through data

[2222/3108] (71%): sirius_physical_table_scan projection keeps its input batch valid0.126 s: sirius_physical_table_scan projection keeps its input batch valid

[2223/3108] (71%): sirius_physical_table_scan with multiple filters0.034 s: sirius_physical_table_scan with multiple filters

[2224/3108] (71%): sirius_physical_table_scan filters all rows0.033 s: sirius_physical_table_scan filters all rows

[2225/3108] (71%): table-filter conversion distinguishes discharged filters from failed translations0.000 s: partition-only filter is discharged
0.000 s: table-filter conversion distinguishes discharged filters from failed translations
0.000 s: plain data filter produces a translatable expression
0.000 s: table-filter conversion distinguishes discharged filters from failed translations
0.000 s: unsupported data filter remains distinguishable from an empty conversion
0.000 s: table-filter conversion distinguishes discharged filters from failed translations
0.000 s: partition and data filters retain the data predicate
0.000 s: table-filter conversion distinguishes discharged filters from failed translations

[2226/3108] (71%): sirius_physical_table_scan fails closed for an untranslatable pushed-down filter0.035 s: sirius_physical_table_scan fails closed for an untranslatable pushed-down filter

[2227/3108] (71%): default no_history_peak_memory_estimate returns 2× bytes0.000 s: default no_history_peak_memory_estimate returns 2× bytes

[2228/3108] (71%): concat no_history_peak_memory_estimate: 0 batches returns 00.000 s: concat no_history_peak_memory_estimate: 0 batches returns 0

[2229/3108] (71%): concat no_history_peak_memory_estimate: 1 batch returns 00.000 s: concat no_history_peak_memory_estimate: 1 batch returns 0

[2230/3108] (71%): concat no_history_peak_memory_estimate: 2 batches returns bytes0.000 s: concat no_history_peak_memory_estimate: 2 batches returns bytes

[2231/3108] (71%): concat no_history_peak_memory_estimate: many batches returns bytes0.000 s: concat no_history_peak_memory_estimate: many batches returns bytes

[2232/3108] (71%): partition no_history_peak_memory_estimate: num_partitions unset returns bytes0.000 s: partition no_history_peak_memory_estimate: num_partitions unset returns bytes

[2233/3108] (71%): partition no_history_peak_memory_estimate: 1 partition returns 00.000 s: partition no_history_peak_memory_estimate: 1 partition returns 0

[2234/3108] (71%): partition no_history_peak_memory_estimate: 2 partitions returns bytes0.000 s: partition no_history_peak_memory_estimate: 2 partitions returns bytes

[2235/3108] (71%): partition no_history_peak_memory_estimate: many partitions returns bytes0.000 s: partition no_history_peak_memory_estimate: many partitions returns bytes

[2236/3108] (71%): GPU scan preserves fresh-read expansion and filter-only accounting0.000 s: GPU scan preserves fresh-read expansion and filter-only accounting

[2237/3108] (71%): GPU scan resident estimate follows actual carrier conversion0.000 s: GPU scan resident estimate follows actual carrier conversion

[2238/3108] (72%): GPU scan no-history estimates saturate instead of wrapping0.000 s: GPU scan no-history estimates saturate instead of wrapping

[2239/3108] (72%): sirius_physical_top_n single-key uses top_k per batch0.033 s: sirius_physical_top_n single-key uses top_k per batch

[2240/3108] (72%): sirius_physical_top_n multi-key falls back to sort_by_key0.033 s: sirius_physical_top_n multi-key falls back to sort_by_key

[2241/3108] (72%): sirius_physical_top_n_merge applies offset and limit0.034 s: sirius_physical_top_n_merge applies offset and limit

[2242/3108] (72%): sirius_physical_top_n_merge returns empty for limit 00.032 s: sirius_physical_top_n_merge returns empty for limit 0

[2243/3108] (72%): sirius_physical_top_n_merge handles empty batches0.032 s: sirius_physical_top_n_merge handles empty batches

[2244/3108] (72%): sirius_physical_ungrouped_aggregate computes SUM/MIN/MAX/COUNT - int32_t0.035 s: sirius_physical_ungrouped_aggregate computes SUM/MIN/MAX/COUNT - int32_t

[2245/3108] (72%): sirius_physical_ungrouped_aggregate computes SUM/MIN/MAX/COUNT - int64_t0.034 s: sirius_physical_ungrouped_aggregate computes SUM/MIN/MAX/COUNT - int64_t

[2246/3108] (72%): sirius_physical_ungrouped_aggregate computes SUM/MIN/MAX/COUNT - float0.034 s: sirius_physical_ungrouped_aggregate computes SUM/MIN/MAX/COUNT - float

[2247/3108] (72%): sirius_physical_ungrouped_aggregate computes SUM/MIN/MAX/COUNT - double0.034 s: sirius_physical_ungrouped_aggregate computes SUM/MIN/MAX/COUNT - double

[2248/3108] (72%): sirius_physical_ungrouped_aggregate computes SUM/MIN/MAX/COUNT - decimal64_tag0.034 s: sirius_physical_ungrouped_aggregate computes SUM/MIN/MAX/COUNT - decimal64_tag

[2249/3108] (72%): sirius_physical_ungrouped_aggregate resolves AVG in merge - int32_t0.033 s: sirius_physical_ungrouped_aggregate resolves AVG in merge - int32_t

[2250/3108] (72%): sirius_physical_ungrouped_aggregate resolves AVG in merge - int64_t0.033 s: sirius_physical_ungrouped_aggregate resolves AVG in merge - int64_t

[2251/3108] (72%): sirius_physical_ungrouped_aggregate resolves AVG in merge - float0.033 s: sirius_physical_ungrouped_aggregate resolves AVG in merge - float

[2252/3108] (72%): sirius_physical_ungrouped_aggregate resolves AVG in merge - double0.033 s: sirius_physical_ungrouped_aggregate resolves AVG in merge - double

[2253/3108] (72%): sirius_physical_ungrouped_aggregate resolves AVG in merge - decimal64_tag0.033 s: sirius_physical_ungrouped_aggregate resolves AVG in merge - decimal64_tag

[2254/3108] (72%): sirius_dynamic_filter_set is empty after construction0.000 s: sirius_dynamic_filter_set is empty after construction

[2255/3108] (72%): sirius_dynamic_filter_set::push_filter ignores null filters0.000 s: sirius_dynamic_filter_set::push_filter ignores null filters

[2256/3108] (72%): sirius_dynamic_filter_set retains and exposes pushed filters0.000 s: sirius_dynamic_filter_set retains and exposes pushed filters

[2257/3108] (72%): filters_for_column snapshot survives the set's destruction0.000 s: filters_for_column snapshot survives the set's destruction

[2258/3108] (72%): the same filter can be co-owned by multiple channels (fan-out)0.000 s: the same filter can be co-owned by multiple channels (fan-out)

[2259/3108] (72%): sirius_dynamic_filter_set::push_filter is thread-safe0.011 s: sirius_dynamic_filter_set::push_filter is thread-safe

[2260/3108] (72%): has_filters reflects pushed filters and ignores null0.000 s: has_filters reflects pushed filters and ignores null

[2261/3108] (72%): sirius_dynamic_filter_set rejects pushes after consumer close0.000 s: sirius_dynamic_filter_set rejects pushes after consumer close

[2262/3108] (72%): sirius_dynamic_filter_set tracks wired producers0.000 s: a scoped producer declares its planned target columns
0.000 s: sirius_dynamic_filter_set tracks wired producers
0.000 s: multiple scoped producers union their targets
0.000 s: sirius_dynamic_filter_set tracks wired producers
0.000 s: an empty target list registers an unscoped producer
0.000 s: sirius_dynamic_filter_set tracks wired producers

[2263/3108] (72%): ignore_columns drops pushes for the marked output columns0.000 s: ignore_columns drops pushes for the marked output columns

[2264/3108] (72%): sirius_dynamic_zone_map_filter rejects empty zones0.000 s: sirius_dynamic_zone_map_filter rejects empty zones

[2265/3108] (72%): sirius_dynamic_zone_map_filter rejects null bounds0.000 s: sirius_dynamic_zone_map_filter rejects null bounds

[2266/3108] (72%): sirius_dynamic_zone_map_filter::supports allowlists lowerable non-float types0.000 s: sirius_dynamic_zone_map_filter::supports allowlists lowerable non-float types

[2267/3108] (72%): sirius_dynamic_zone_map_filter rejects unsupported and mismatched bound types0.000 s: sirius_dynamic_zone_map_filter rejects unsupported and mismatched bound types

[2268/3108] (72%): sirius_dynamic_zone_map_filter::to_ast emits a single bounded conjunction for N=10.000 s: sirius_dynamic_zone_map_filter::to_ast emits a single bounded conjunction for N=1

[2269/3108] (73%): sirius_dynamic_zone_map_filter::to_ast OR-conjoins multiple zones0.000 s: sirius_dynamic_zone_map_filter::to_ast OR-conjoins multiple zones

[2270/3108] (73%): sirius_ast_lowerable::to_standalone_ast wraps to_ast in a fresh tree0.000 s: sirius_ast_lowerable::to_standalone_ast wraps to_ast in a fresh tree

[2271/3108] (73%): merge_ast_dynamic_filters_into_tree returns existing_root unchanged for empty set0.000 s: merge_ast_dynamic_filters_into_tree returns existing_root unchanged for empty set

[2272/3108] (73%): merge_ast_dynamic_filters_into_tree AND-conjoins per-column fragments with existing root0.000 s: merge_ast_dynamic_filters_into_tree AND-conjoins per-column fragments with existing root

[2273/3108] (73%): merge_ast_dynamic_filters_into_tree AND-conjoins multiple filters per column0.000 s: merge_ast_dynamic_filters_into_tree AND-conjoins multiple filters per column

[2274/3108] (73%): merge_ast_dynamic_filters_into_tree skips filters lacking the AST capability0.000 s: merge_ast_dynamic_filters_into_tree skips filters lacking the AST capability

[2275/3108] (73%): merge_ast_dynamic_filters_into_tree mixes AST-capable and non-capable filters per column0.000 s: merge_ast_dynamic_filters_into_tree mixes AST-capable and non-capable filters per column

[2276/3108] (73%): hash join claims a whole build for publication in any join mode0.034 s: hash join claims a whole build for publication in any join mode

[2277/3108] (73%): hash join in BUILD_PROBE mode still publishes from a whole build0.034 s: hash join in BUILD_PROBE mode still publishes from a whole build

[2278/3108] (73%): a wired join whose build is not whole reports the skip exactly once0.048 s: a wired join whose build is not whole reports the skip exactly once

[2279/3108] (73%): a claimed but not GPU-resident whole build reopens the window for a sibling delivery0.033 s: a claimed but not GPU-resident whole build reopens the window for a sibling delivery

[2280/3108] (73%): a join whose replica restriction removed every GPU never claims0.034 s: a join whose replica restriction removed every GPU never claims

[2281/3108] (73%): device memory exhaustion during a claimed publication fails open0.035 s: device memory exhaustion during a claimed publication fails open

[2282/3108] (73%): a whole build resident on a non-plan GPU reopens the window for a sibling delivery-------------------------------------------------------------------------------
a whole build resident on a non-plan GPU reopens the window for a sibling
delivery
-------------------------------------------------------------------------------
/home/prestouser/aocsa/sirius-stacks-wt/fix-oom-failfast/test/cpp/operator/test_dynamic_filter_publication_claim.cpp:349
...............................................................................

/home/prestouser/aocsa/sirius-stacks-wt/fix-oom-failfast/test/cpp/operator/test_dynamic_filter_publication_claim.cpp:355: warning:
  non-plan-GPU source skip requires >=2 GPUs; single-GPU host -- skipping (per
  Catch2 v2 WARN+return convention)

0.000 s: a whole build resident on a non-plan GPU reopens the window for a sibling delivery

[2283/3108] (73%): membership probes restore a narrowed probe carrier0.033 s: membership probes restore a narrowed probe carrier

[2284/3108] (73%): dynamic-filter publisher selects the raw small IN-list0.067 s: dynamic-filter publisher selects the raw small IN-list

[2285/3108] (73%): dynamic-filter publisher falls through to the hash IN-list above the small-list gate0.034 s: dynamic-filter publisher falls through to the hash IN-list above the small-list gate

[2286/3108] (73%): dynamic-filter publisher demotes the hash IN-list to Bloom above the L2 fraction0.040 s: dynamic-filter publisher demotes the hash IN-list to Bloom above the L2 fraction

[2287/3108] (73%): dynamic-filter publisher fraction 1.0 reproduces the legacy L2-fit rule0.119 s: dynamic-filter publisher fraction 1.0 reproduces the legacy L2-fit rule

[2288/3108] (73%): dynamic-filter publisher L2-fraction boundary is inclusive0.067 s: dynamic-filter publisher L2-fraction boundary is inclusive

[2289/3108] (73%): dynamic-filter Bloom support covers every hash-IN-list key type0.000 s: dynamic-filter Bloom support covers every hash-IN-list key type

[2290/3108] (73%): dynamic-filter publisher fans out sparsely: each target receives only its bound keys0.036 s: dynamic-filter publisher fans out sparsely: each target receives only its bound keys

[2291/3108] (73%): dynamic-filter publisher applies the domain-coverage gate to each key's own domain0.034 s: the first admitted key covers its domain
0.034 s: dynamic-filter publisher applies the domain-coverage gate to each key's own domain
0.034 s: the second admitted key covers its domain
0.034 s: dynamic-filter publisher applies the domain-coverage gate to each key's own domain

[2292/3108] (73%): dynamic-filter publisher suppresses zone maps for floating-point keys0.034 s: dynamic-filter publisher suppresses zone maps for floating-point keys

[2293/3108] (73%): dynamic-filter publisher fails loudly on a plan/runtime key-mapping inconsistency0.000 s: build ordinal outside the runtime build table
0.034 s: dynamic-filter publisher fails loudly on a plan/runtime key-mapping inconsistency
0.000 s: recorded storage type disagreeing with the runtime build column skips the key
0.034 s: dynamic-filter publisher fails loudly on a plan/runtime key-mapping inconsistency

[2294/3108] (73%): dynamic-filter publisher suppresses zone maps per binding on probe-type mismatch0.034 s: dynamic-filter publisher suppresses zone maps per binding on probe-type mismatch

[2295/3108] (73%): dynamic-filter publisher keeps zone maps out of membership-only targets0.034 s: dynamic-filter publisher keeps zone maps out of membership-only targets

[2296/3108] (73%): dynamic-filter publisher completes on a plan with targets but no admitted keys0.034 s: dynamic-filter publisher completes on a plan with targets but no admitted keys

[2297/3108] (73%): dynamic-filter publisher publishes nothing from an empty build0.034 s: dynamic-filter publisher publishes nothing from an empty build

[2298/3108] (73%): dynamic-filter publisher publishes nothing once every target has drained0.034 s: dynamic-filter publisher publishes nothing once every target has drained

[2299/3108] (73%): dynamic-filter publisher serves a live target beside a drained one0.034 s: dynamic-filter publisher serves a live target beside a drained one

[2300/3108] (74%): dynamic-filter publish plan rejects invalid targets and bindings0.000 s: null endpoint channel
0.034 s: dynamic-filter publish plan rejects invalid targets and bindings
0.000 s: membership-only (direct) target accepting zone maps
0.034 s: dynamic-filter publish plan rejects invalid targets and bindings
0.000 s: binding referencing a nonexistent admitted key
0.034 s: dynamic-filter publish plan rejects invalid targets and bindings
0.000 s: one admitted key bound twice on one target
0.034 s: dynamic-filter publish plan rejects invalid targets and bindings
0.000 s: direct binding with a non-INT32/INT64 probe storage type
0.034 s: dynamic-filter publish plan rejects invalid targets and bindings
0.000 s: direct binding whose probe storage type differs from the admitted key's build type
0.033 s: dynamic-filter publish plan rejects invalid targets and bindings
0.000 s: two admitted keys binding one probe column stays legal
0.033 s: dynamic-filter publish plan rejects invalid targets and bindings

[2301/3108] (74%): dynamic-filter publish plan validates a mixed scan-plus-direct target set0.000 s: both routes together are valid, each keeping its own class and position
0.033 s: dynamic-filter publish plan validates a mixed scan-plus-direct target set
0.000 s: a direct target that accepts zone maps is rejected
0.033 s: dynamic-filter publish plan validates a mixed scan-plus-direct target set
0.000 s: a direct binding naming a nonexistent admitted key is rejected
0.033 s: dynamic-filter publish plan validates a mixed scan-plus-direct target set

[2302/3108] (74%): dynamic-filter publisher builds filters only for bound keys0.034 s: dynamic-filter publisher builds filters only for bound keys

[2303/3108] (74%): dynamic-filter publish plan rejects unusable replica placements0.000 s: probe targets with no replica placement at all
0.033 s: dynamic-filter publish plan rejects unusable replica placements
0.000 s: a placement whose GPU slot holds a host space
0.034 s: dynamic-filter publish plan rejects unusable replica placements
0.000 s: a placement whose staging slot holds a GPU space
0.033 s: dynamic-filter publish plan rejects unusable replica placements

[2304/3108] (74%): restricting replicas to a disjoint GPU set disables the plan0.040 s: restricting replicas to a disjoint GPU set disables the plan

[2305/3108] (74%): replica restriction to a member GPU or the empty set leaves the plan enabled0.130 s: replica restriction to a member GPU or the empty set leaves the plan enabled

[2306/3108] (74%): the plan reports replica presence per device0.040 s: the plan reports replica presence per device

[2307/3108] (74%): membership policy prefers the small IN-list whenever the key type supports it0.000 s: membership policy prefers the small IN-list whenever the key type supports it

[2308/3108] (74%): membership policy keeps the hash IN-list exactly while its set fits L2 at fraction 1.00.000 s: membership policy keeps the hash IN-list exactly while its set fits L2 at fraction 1.0

[2309/3108] (74%): membership policy treats an unknown L2 size as no hash IN-list0.000 s: membership policy treats an unknown L2 size as no hash IN-list

[2310/3108] (74%): membership policy chooses nothing when no representation is available0.000 s: membership policy chooses nothing when no representation is available

[2311/3108] (74%): membership policy demotes the hash IN-list to the Bloom above the residency fraction0.000 s: membership policy demotes the hash IN-list to the Bloom above the residency fraction

[2312/3108] (74%): membership policy's residency-fraction boundary is inclusive0.000 s: membership policy's residency-fraction boundary is inclusive

[2313/3108] (74%): membership policy keeps a fitting IN-list at any fraction without a Bloom fallback0.000 s: membership policy keeps a fitting IN-list at any fraction without a Bloom fallback

[2314/3108] (74%): domain-coverage gate fires at and above its threshold0.000 s: domain-coverage gate fires at and above its threshold

[2315/3108] (74%): domain-coverage gate is disabled for an untraceable key domain0.000 s: domain-coverage gate is disabled for an untraceable key domain

[2316/3108] (74%): domain-coverage gate fires only for proven-unique keys0.000 s: domain-coverage gate fires only for proven-unique keys

[2317/3108] (74%): domain-coverage gate treats a threshold above 1.0 as disabled outright0.000 s: domain-coverage gate treats a threshold above 1.0 as disabled outright

[2318/3108] (74%): zone-map range gate fires at and above its threshold0.000 s: zone-map range gate fires at and above its threshold

[2319/3108] (74%): zone-map range gate is disabled for an untraceable key domain0.000 s: zone-map range gate is disabled for an untraceable key domain

[2320/3108] (74%): IN-list replica built on GPU 0 computes an exact mask on GPU 1-------------------------------------------------------------------------------
IN-list replica built on GPU 0 computes an exact mask on GPU 1
-------------------------------------------------------------------------------
/home/prestouser/aocsa/sirius-stacks-wt/fix-oom-failfast/test/cpp/operator/test_sirius_dynamic_filter_mgpu.cpp:159
...............................................................................

/home/prestouser/aocsa/sirius-stacks-wt/fix-oom-failfast/test/cpp/operator/test_sirius_dynamic_filter_mgpu.cpp:64: warning:
  dynamic-filter replica test requires at least two visible GPUs; skipping

0.000 s: IN-list replica built on GPU 0 computes an exact mask on GPU 1

[2321/3108] (74%): dynamic-filter replicas require destination reservation admission-------------------------------------------------------------------------------
dynamic-filter replicas require destination reservation admission
-------------------------------------------------------------------------------
/home/prestouser/aocsa/sirius-stacks-wt/fix-oom-failfast/test/cpp/operator/test_sirius_dynamic_filter_mgpu.cpp:223
...............................................................................

/home/prestouser/aocsa/sirius-stacks-wt/fix-oom-failfast/test/cpp/operator/test_sirius_dynamic_filter_mgpu.cpp:64: warning:
  dynamic-filter replica test requires at least two visible GPUs; skipping

0.000 s: dynamic-filter replicas require destination reservation admission

[2322/3108] (74%): IN-list peer copies fan out to three GPUs before publication-------------------------------------------------------------------------------
IN-list peer copies fan out to three GPUs before publication
-------------------------------------------------------------------------------
/home/prestouser/aocsa/sirius-stacks-wt/fix-oom-failfast/test/cpp/operator/test_sirius_dynamic_filter_mgpu.cpp:287
...............................................................................

/home/prestouser/aocsa/sirius-stacks-wt/fix-oom-failfast/test/cpp/operator/test_sirius_dynamic_filter_mgpu.cpp:75: warning:
  dynamic-filter overlap test requires at least three visible GPUs; skipping

0.000 s: IN-list peer copies fan out to three GPUs before publication

[2323/3108] (74%): dynamic-filter replica transfer borrows fixed blocks from a Sirius HOST space-------------------------------------------------------------------------------
dynamic-filter replica transfer borrows fixed blocks from a Sirius HOST space
-------------------------------------------------------------------------------
/home/prestouser/aocsa/sirius-stacks-wt/fix-oom-failfast/test/cpp/operator/test_sirius_dynamic_filter_mgpu.cpp:334
...............................................................................

/home/prestouser/aocsa/sirius-stacks-wt/fix-oom-failfast/test/cpp/operator/test_sirius_dynamic_filter_mgpu.cpp:64: warning:
  dynamic-filter replica test requires at least two visible GPUs; skipping

0.000 s: dynamic-filter replica transfer borrows fixed blocks from a Sirius HOST space

[2324/3108] (74%): Bloom replica built on GPU 0 has no false negatives on GPU 1-------------------------------------------------------------------------------
Bloom replica built on GPU 0 has no false negatives on GPU 1
-------------------------------------------------------------------------------
/home/prestouser/aocsa/sirius-stacks-wt/fix-oom-failfast/test/cpp/operator/test_sirius_dynamic_filter_mgpu.cpp:406
...............................................................................

/home/prestouser/aocsa/sirius-stacks-wt/fix-oom-failfast/test/cpp/operator/test_sirius_dynamic_filter_mgpu.cpp:64: warning:
  dynamic-filter replica test requires at least two visible GPUs; skipping

0.000 s: Bloom replica built on GPU 0 has no false negatives on GPU 1

[2325/3108] (74%): zone-map replica built on GPU 0 lowers and evaluates its AST on GPU 1-------------------------------------------------------------------------------
zone-map replica built on GPU 0 lowers and evaluates its AST on GPU 1
-------------------------------------------------------------------------------
/home/prestouser/aocsa/sirius-stacks-wt/fix-oom-failfast/test/cpp/operator/test_sirius_dynamic_filter_mgpu.cpp:456
...............................................................................

/home/prestouser/aocsa/sirius-stacks-wt/fix-oom-failfast/test/cpp/operator/test_sirius_dynamic_filter_mgpu.cpp:64: warning:
  dynamic-filter replica test requires at least two visible GPUs; skipping

0.000 s: zone-map replica built on GPU 0 lowers and evaluates its AST on GPU 1

[2326/3108] (74%): small IN-list replica built on GPU 0 computes an exact mask on GPU 1-------------------------------------------------------------------------------
small IN-list replica built on GPU 0 computes an exact mask on GPU 1
-------------------------------------------------------------------------------
/home/prestouser/aocsa/sirius-stacks-wt/fix-oom-failfast/test/cpp/operator/test_sirius_dynamic_filter_mgpu.cpp:507
...............................................................................

/home/prestouser/aocsa/sirius-stacks-wt/fix-oom-failfast/test/cpp/operator/test_sirius_dynamic_filter_mgpu.cpp:64: warning:
  dynamic-filter replica test requires at least two visible GPUs; skipping

0.000 s: small IN-list replica built on GPU 0 computes an exact mask on GPU 1

[2327/3108] (74%): Executor can start and stop gracefully0.001 s: Executor can start and stop gracefully

[2328/3108] (74%): Executor executes scheduled tasks0.101 s: Executor executes scheduled tasks

[2329/3108] (74%): compressed_schema_propagation - hash join restores keys and maps payload sidecars0.000 s: INNER emits lhs then rhs payload carriers
0.000 s: compressed_schema_propagation - hash join restores keys and maps payload sidecars
0.000 s: LEFT emits lhs then rhs payload carriers
0.000 s: compressed_schema_propagation - hash join restores keys and maps payload sidecars
0.000 s: SEMI emits only lhs carriers but restores keys on both sides
0.000 s: compressed_schema_propagation - hash join restores keys and maps payload sidecars
0.000 s: ANTI emits only lhs carriers but restores keys on both sides
0.000 s: compressed_schema_propagation - hash join restores keys and maps payload sidecars
0.000 s: MARK emits lhs carriers plus a native boolean mark column
0.000 s: compressed_schema_propagation - hash join restores keys and maps payload sidecars
0.000 s: RIGHT_SEMI emits only rhs carriers
0.000 s: compressed_schema_propagation - hash join restores keys and maps payload sidecars
0.000 s: a dynamic-filter-target key needs no restore projection
0.000 s: compressed_schema_propagation - hash join restores keys and maps payload sidecars

[2330/3108] (74%): compressed_schema_propagation - dense count restores only keys and emits native0.000 s: compressed_schema_propagation - dense count restores only keys and emits native

[2331/3108] (75%): compressed_schema_propagation - native boundaries restore children fully0.000 s: compressed_schema_propagation - native boundaries restore children fully
0.000 s: compressed_schema_propagation - native boundaries restore children fully
0.000 s: compressed_schema_propagation - native boundaries restore children fully

[2332/3108] (75%): compressed_schema_propagation - grouped aggregation keeps narrow group keys0.000 s: group keys stay narrow, aggregate inputs are restored
0.000 s: compressed_schema_propagation - grouped aggregation keeps narrow group keys
0.000 s: unused payload columns remain narrow
0.000 s: compressed_schema_propagation - grouped aggregation keeps narrow group keys
0.000 s: COUNT_VALID leaves a counted group key narrow
0.000 s: compressed_schema_propagation - grouped aggregation keeps narrow group keys
0.000 s: a column used by a value-sensitive aggregate goes native
0.000 s: compressed_schema_propagation - grouped aggregation keeps narrow group keys
0.000 s: grouping sets or grouping functions fall back to the native boundary
0.000 s: compressed_schema_propagation - grouped aggregation keeps narrow group keys
0.000 s: native group keys leave no sidecar
0.000 s: compressed_schema_propagation - grouped aggregation keeps narrow group keys

[2333/3108] (75%): compressed_schema_propagation - dynamic-filter targets clear only their columns0.000 s: a scoped producer marks only target columns native
0.000 s: compressed_schema_propagation - dynamic-filter targets clear only their columns
0.000 s: targets covering every narrow column drop the sidecar
0.000 s: compressed_schema_propagation - dynamic-filter targets clear only their columns
0.000 s: an unscoped producer clears the whole sidecar
0.000 s: compressed_schema_propagation - dynamic-filter targets clear only their columns
0.000 s: a producer-less filter set keeps the sidecar
0.000 s: compressed_schema_propagation - dynamic-filter targets clear only their columns
0.000 s: targets are output positions even when projection_ids indirect the scan
0.000 s: compressed_schema_propagation - dynamic-filter targets clear only their columns

[2334/3108] (75%): compressed_schema_propagation - root restore inserts a projection only when narrowed0.000 s: a narrowed root gains a restore projection
0.000 s: compressed_schema_propagation - root restore inserts a projection only when narrowed
0.000 s: an all-native root is left untouched
0.000 s: compressed_schema_propagation - root restore inserts a projection only when narrowed

[2335/3108] (75%): compressed_schema_propagation - DELIM_JOIN sub-trees are restored native0.000 s: compressed_schema_propagation - DELIM_JOIN sub-trees are restored native

[2336/3108] (75%): compressed_schema_propagation - sidecar fast path inspects DELIM_JOIN sub-trees0.000 s: compressed_schema_propagation - sidecar fast path inspects DELIM_JOIN sub-trees

[2337/3108] (75%): compressed_schema_propagation - pruning removes only zero-benefit restores0.000 s: a restore directly above the scan is pruned and the identity projection removed
0.000 s: compressed_schema_propagation - pruning removes only zero-benefit restores
0.000 s: a restore across a pure-reference chain is pruned with chain sidecars re-derived
0.000 s: compressed_schema_propagation - pruning removes only zero-benefit restores
0.000 s: a restore separated from the scan by a filter keeps the narrowing
0.000 s: compressed_schema_propagation - pruning removes only zero-benefit restores
0.000 s: a scan column forwarded by a bare-reference duplicate is not pruned
0.000 s: compressed_schema_propagation - pruning removes only zero-benefit restores

[2338/3108] (75%): compressed_schema_propagation - pruning requires the carrier_restore provenance0.000 s: a tagged restore cast is pruned to a native scan
0.000 s: compressed_schema_propagation - pruning requires the carrier_restore provenance
0.000 s: an untagged semantic cast of identical shape is never misidentified as a restore
0.000 s: compressed_schema_propagation - pruning requires the carrier_restore provenance

[2339/3108] (75%): compressed_schema_propagation - an unmappable type clears every sidecar0.000 s: compressed_schema_propagation - an unmappable type clears every sidecar

[2340/3108] (75%): dense_count_join fires on COUNT(col) grouped by the preserved LEFT-join key0.504 s: dense_count_join fires on COUNT(col) grouped by the preserved LEFT-join key

[2341/3108] (75%): dense_count_join fires on COUNT(*) and on the RIGHT-join orientation0.532 s: dense_count_join fires on COUNT(*) and on the RIGHT-join orientation

[2342/3108] (75%): dense_count_join fires inside the filtered two-level q13 distribution shape0.437 s: dense_count_join fires inside the filtered two-level q13 distribution shape

[2343/3108] (75%): dense_count_join conversion preserves its filtered counted input and FULL barriers0.453 s: dense_count_join conversion preserves its filtered counted input and FULL barriers

[2344/3108] (75%): dense_count_join conversion hosts nested producers behind its input ports0.001 s: nested hash join on the counted side
0.512 s: dense_count_join conversion hosts nested producers behind its input ports
0.004 s: merge fusion terminates at the streaming root feeding the counted port
0.426 s: dense_count_join conversion hosts nested producers behind its input ports

[2345/3108] (75%): dense_count_join feeds from a PARTITION on each side0.522 s: dense_count_join feeds from a PARTITION on each side

[2346/3108] (75%): dense_count_join declines off-shape aggregates and joins0.419 s: dense_count_join declines off-shape aggregates and joins

[2347/3108] (75%): dense_count_join authenticates COUNT callbacks, not its public name0.522 s: dense_count_join authenticates COUNT callbacks, not its public name

[2348/3108] (75%): dense_count_join accepts optimizer-created COUNT_STAR without provenance0.408 s: dense_count_join accepts optimizer-created COUNT_STAR without provenance

[2349/3108] (75%): dense_count_join identifies COUNT by host callbacks, not declared provenance0.415 s: dense_count_join identifies COUNT by host callbacks, not declared provenance

[2350/3108] (75%): dense_count_join defaults to the fused plan and supports an explicit opt-out0.520 s: dense_count_join defaults to the fused plan and supports an explicit opt-out

[2351/3108] (75%): dense_count_join declines filtered aggregates, extra conditions, and non-plain keys0.414 s: dense_count_join declines filtered aggregates, extra conditions, and non-plain keys

[2352/3108] (75%): dense_count_join declines intervening operators and counted-side group keys0.494 s: dense_count_join declines intervening operators and counted-side group keys

[2353/3108] (75%): dense_count_join fires over nested joins and aggregates on either input0.001 s: nested hash join on the counted side
0.497 s: dense_count_join fires over nested joins and aggregates on either input
0.001 s: nested hash join on the preserved side
0.528 s: dense_count_join fires over nested joins and aggregates on either input
0.001 s: GROUP BY + HAVING subquery on the counted side
0.412 s: dense_count_join fires over nested joins and aggregates on either input
0.001 s: RIGHT orientation with the nested hash join on the preserved side
0.437 s: dense_count_join fires over nested joins and aggregates on either input
0.001 s: nested dense count-join as the counted input
0.560 s: dense_count_join fires over nested joins and aggregates on either input

[2354/3108] (75%): dense_count_join declines bespoke-wired input roots0.001 s: materialized CTE reference
0.415 s: dense_count_join declines bespoke-wired input roots
0.002 s: semi delim join from a correlated EXISTS
0.611 s: dense_count_join declines bespoke-wired input roots
0.002 s: single delim join from a correlated scalar subquery
0.482 s: dense_count_join declines bespoke-wired input roots

[2355/3108] (75%): dense_count_join declines a delim join at any depth of an input0.001 s: below a FILTER root
0.504 s: dense_count_join declines a delim join at any depth of an input
0.001 s: below a FILTER root, counting every joined row
0.443 s: dense_count_join declines a delim join at any depth of an input
0.001 s: below a FILTER root, equality-only correlation
0.462 s: dense_count_join declines a delim join at any depth of an input
0.001 s: below a non-identity PROJECTION
0.520 s: dense_count_join declines a delim join at any depth of an input
0.001 s: below a GROUP BY
0.405 s: dense_count_join declines a delim join at any depth of an input

[2356/3108] (75%): dense_count_join recognizes host COUNT callbacks through a dynamically loaded extension1.123 s: dense_count_join recognizes host COUNT callbacks through a dynamically loaded extension

[2357/3108] (75%): apply_gpu_cap with no cap admits every GPU0.000 s: apply_gpu_cap with no cap admits every GPU

[2358/3108] (75%): apply_gpu_cap takes a prefix of the sorted list0.000 s: apply_gpu_cap takes a prefix of the sorted list

[2359/3108] (75%): apply_gpu_cap at the fleet size is a no-op0.000 s: apply_gpu_cap at the fleet size is a no-op

[2360/3108] (75%): apply_gpu_cap above the fleet size clamps to what exists0.000 s: apply_gpu_cap above the fleet size clamps to what exists

[2361/3108] (75%): apply_gpu_cap preserves non-contiguous device ids0.000 s: apply_gpu_cap preserves non-contiguous device ids

[2362/3108] (75%): apply_gpu_cap treats a negative cap as no cap0.000 s: apply_gpu_cap treats a negative cap as no cap

[2363/3108] (76%): apply_gpu_cap on an empty fleet stays empty0.000 s: apply_gpu_cap on an empty fleet stays empty

[2364/3108] (76%): estimate_bytes_per_row sums fixed-width carrier widths0.000 s: estimate_bytes_per_row sums fixed-width carrier widths

[2365/3108] (76%): estimate_bytes_per_row charges 128-bit integers their cuDF carrier width0.000 s: estimate_bytes_per_row charges 128-bit integers their cuDF carrier width

[2366/3108] (76%): estimate_bytes_per_row treats unsigned types as their signed width0.000 s: estimate_bytes_per_row treats unsigned types as their signed width

[2367/3108] (76%): estimate_bytes_per_row sizes DECIMAL from its precision0.000 s: estimate_bytes_per_row sizes DECIMAL from its precision

[2368/3108] (76%): estimate_bytes_per_row charges variable-width columns the configured average0.000 s: estimate_bytes_per_row charges variable-width columns the configured average

[2369/3108] (76%): estimate_bytes_per_row mixes fixed and variable widths0.000 s: estimate_bytes_per_row mixes fixed and variable widths

[2370/3108] (76%): estimate_bytes_per_row returns zero for an empty projection0.000 s: estimate_bytes_per_row returns zero for an empty projection

[2371/3108] (76%): gpu_count_for_bytes rounds up to cover the total0.000 s: gpu_count_for_bytes rounds up to cover the total

[2372/3108] (76%): gpu_count_for_bytes clamps to the available GPUs0.000 s: gpu_count_for_bytes clamps to the available GPUs

[2373/3108] (76%): gpu_count_for_bytes always admits at least one GPU0.000 s: gpu_count_for_bytes always admits at least one GPU

[2374/3108] (76%): gpu_count_for_bytes falls back to the full fleet when disabled0.000 s: gpu_count_for_bytes falls back to the full fleet when disabled

[2375/3108] (76%): gpu_count_for_bytes is a no-op on a single-GPU host0.000 s: gpu_count_for_bytes is a no-op on a single-GPU host

[2376/3108] (76%): gpu_count_for_bytes survives a total near the 64-bit ceiling0.000 s: gpu_count_for_bytes survives a total near the 64-bit ceiling

[2377/3108] (76%): gpu_count_for_bytes clamps a quotient wider than int0.000 s: gpu_count_for_bytes clamps a quotient wider than int

[2378/3108] (76%): accumulate_scan_bytes sums the ordinary case0.000 s: accumulate_scan_bytes sums the ordinary case

[2379/3108] (76%): accumulate_scan_bytes ignores empty contributions0.000 s: accumulate_scan_bytes ignores empty contributions

[2380/3108] (76%): accumulate_scan_bytes saturates instead of wrapping0.000 s: accumulate_scan_bytes saturates instead of wrapping

[2381/3108] (76%): total_scan_bytes sums sized scans0.000 s: total_scan_bytes sums sized scans

[2382/3108] (76%): total_scan_bytes reports unsized when any scan has no row estimate0.000 s: total_scan_bytes reports unsized when any scan has no row estimate

[2383/3108] (76%): total_scan_bytes reports unsized for a plan with no scans0.000 s: total_scan_bytes reports unsized for a plan with no scans

[2384/3108] (76%): total_scan_bytes saturates rather than wrapping0.000 s: total_scan_bytes saturates rather than wrapping

[2385/3108] (76%): estimate_bytes_per_row saturates instead of wrapping0.000 s: estimate_bytes_per_row saturates instead of wrapping

[2386/3108] (76%): distinct_hash_join - PK build side enables unique_build_keys0.553 s: distinct_hash_join - PK build side enables unique_build_keys

[2387/3108] (76%): distinct_hash_join - composite PK enables unique_build_keys0.422 s: distinct_hash_join - composite PK enables unique_build_keys

[2388/3108] (76%): distinct_hash_join - partial composite PK does NOT enable unique_build_keys0.521 s: distinct_hash_join - partial composite PK does NOT enable unique_build_keys

[2389/3108] (76%): distinct_hash_join - plain UNIQUE does NOT enable unique_build_keys0.422 s: distinct_hash_join - plain UNIQUE does NOT enable unique_build_keys

[2390/3108] (76%): distinct_hash_join - non-unique build side does NOT enable unique_build_keys0.423 s: distinct_hash_join - non-unique build side does NOT enable unique_build_keys

[2391/3108] (76%): distinct_hash_join - GROUP BY build side enables unique_build_keys0.549 s: distinct_hash_join - GROUP BY build side enables unique_build_keys

[2392/3108] (76%): distinct_hash_join - multi-key GROUP BY joined on subset does NOT enable0.423 s: distinct_hash_join - multi-key GROUP BY joined on subset does NOT enable

[2393/3108] (76%): distinct_hash_join - uniqueness propagates through INNER join with unique keys on other side0.552 s: distinct_hash_join - uniqueness propagates through INNER join with unique keys on other side

[2394/3108] (77%): distinct_hash_join - uniqueness does NOT propagate through INNER join when other side not unique0.446 s: distinct_hash_join - uniqueness does NOT propagate through INNER join when other side not unique

[2395/3108] (77%): distinct_hash_join - DELIM_GET build side enables unique_build_keys0.530 s: distinct_hash_join - DELIM_GET build side enables unique_build_keys

[2396/3108] (77%): distinct_hash_join - non-unique build still refused alongside DELIM_GET0.431 s: distinct_hash_join - non-unique build still refused alongside DELIM_GET

[2397/3108] (77%): distinct_hash_join - LEFT join with PK build side enables unique_build_keys0.433 s: distinct_hash_join - LEFT join with PK build side enables unique_build_keys

[2398/3108] (77%): extract classifies absent when the join has no pushdown metadata0.000 s: extract classifies absent when the join has no pushdown metadata

[2399/3108] (77%): extract classifies statistics_only when probe_info is empty0.000 s: extract classifies statistics_only when probe_info is empty

[2400/3108] (77%): extract rejects anomalous targetless metadata0.000 s: empty condition ordinals
0.000 s: extract rejects anomalous targetless metadata
0.000 s: out-of-range condition ordinal
0.000 s: extract rejects anomalous targetless metadata
0.000 s: duplicate condition ordinals
0.000 s: extract rejects anomalous targetless metadata
0.000 s: build-side filter hint without a probe target
0.000 s: extract rejects anomalous targetless metadata

[2401/3108] (77%): extract admits a candidate and snapshots ordinals, comparisons, and target columns0.000 s: extract admits a candidate and snapshots ordinals, comparisons, and target columns

[2402/3108] (77%): extract preserves the filter-ordinal to condition-index mapping0.000 s: extract preserves the filter-ordinal to condition-index mapping

[2403/3108] (77%): extract keeps range comparisons at full arity0.000 s: extract keeps range comparisons at full arity

[2404/3108] (77%): extract shares one key set across every target0.000 s: extract shares one key set across every target

[2405/3108] (77%): extract fails closed on an out-of-range condition index0.000 s: extract fails closed on an out-of-range condition index

[2406/3108] (77%): extract fails closed on a duplicate condition index0.000 s: extract fails closed on a duplicate condition index

[2407/3108] (77%): extract fails closed on recorded targets with no condition ordinals0.000 s: extract fails closed on recorded targets with no condition ordinals

[2408/3108] (77%): extract fails closed on target column-arity mismatch0.000 s: extract fails closed on target column-arity mismatch

[2409/3108] (77%): extract drops a null-channel target and keeps its live sibling0.000 s: extract drops a null-channel target and keeps its live sibling

[2410/3108] (77%): extract fails closed when every recorded target has a null channel0.000 s: extract fails closed when every recorded target has a null channel

[2411/3108] (77%): extract checks target arity before the null-channel drop0.000 s: extract checks target arity before the null-channel drop

[2412/3108] (77%): extracted candidate co-owns the channel identity0.000 s: extracted candidate co-owns the channel identity

[2413/3108] (77%): adapter values preserve their invariants after assignment and candidate moves0.000 s: adapter values preserve their invariants after assignment and candidate moves

[2414/3108] (77%): scan_channel_identity returns the gets channel or null0.000 s: scan_channel_identity returns the gets channel or null

[2415/3108] (77%): a GET without table filters carries no evidence0.000 s: a GET without table filters carries no evidence

[2416/3108] (77%): a GET with a table filter carries evidence0.000 s: a GET with a table filter carries evidence

[2417/3108] (77%): a bare FILTER carries evidence0.000 s: a bare FILTER carries evidence

[2418/3108] (77%): a TOP_N carries evidence0.000 s: a TOP_N carries evidence

[2419/3108] (77%): evidence propagates up through non-filtering operators0.000 s: a projection over a filtered GET fires
0.000 s: evidence propagates up through non-filtering operators
0.000 s: a projection over an unfiltered GET stays quiet
0.000 s: evidence propagates up through non-filtering operators
0.000 s: a join fires when ANY child subtree fires
0.000 s: evidence propagates up through non-filtering operators
0.000 s: a join over only unfiltered children stays quiet
0.000 s: evidence propagates up through non-filtering operators

[2420/3108] (77%): a childless non-filtering operator carries no evidence0.000 s: a childless non-filtering operator carries no evidence

[2421/3108] (77%): opaque build leaves carry fallback evidence0.000 s: a bare DELIM_GET
0.000 s: opaque build leaves carry fallback evidence
0.000 s: a projected DELIM_GET
0.000 s: opaque build leaves carry fallback evidence
0.000 s: a DELIM_GET below stacked projections
0.000 s: opaque build leaves carry fallback evidence
0.000 s: a bare CTE_REF
0.000 s: opaque build leaves carry fallback evidence
0.000 s: a projected CTE_REF
0.000 s: opaque build leaves carry fallback evidence
0.000 s: a CTE_REF below stacked projections
0.000 s: opaque build leaves carry fallback evidence

[2422/3108] (77%): base-table builds carry no opaque fallback evidence0.000 s: base-table builds carry no opaque fallback evidence

[2423/3108] (77%): malformed projections carry no opaque fallback evidence0.000 s: a childless projection
0.000 s: malformed projections carry no opaque fallback evidence
0.000 s: a projection with a null child
0.000 s: malformed projections carry no opaque fallback evidence
0.000 s: a projection with multiple children
0.000 s: malformed projections carry no opaque fallback evidence

[2424/3108] (77%): reducing operators are not opaque build roots0.000 s: a grouped aggregate
0.000 s: reducing operators are not opaque build roots
0.000 s: a DISTINCT
0.000 s: reducing operators are not opaque build roots
0.000 s: a comparison join
0.000 s: reducing operators are not opaque build roots
0.000 s: a DELIM_JOIN
0.000 s: reducing operators are not opaque build roots
0.000 s: an ANY_JOIN
0.000 s: reducing operators are not opaque build roots
0.000 s: an INTERSECT
0.000 s: reducing operators are not opaque build roots
0.000 s: an EXCEPT
0.000 s: reducing operators are not opaque build roots

[2425/3108] (78%): non-projection wrappers hide opaque leaves from the fallback classifier0.000 s: an aggregate over a CTE_REF
0.000 s: non-projection wrappers hide opaque leaves from the fallback classifier
0.000 s: a join over a CTE_REF
0.000 s: non-projection wrappers hide opaque leaves from the fallback classifier
0.000 s: a LIMIT over a CTE_REF
0.000 s: non-projection wrappers hide opaque leaves from the fallback classifier
0.000 s: an ORDER_BY over a CTE_REF
0.000 s: non-projection wrappers hide opaque leaves from the fallback classifier

[2426/3108] (78%): walk resolves a plain base scan and refuses ordinals past its width0.000 s: walk resolves a plain base scan and refuses ordinals past its width

[2427/3108] (78%): walk uses the projected scan width when projection_ids narrow the scan0.000 s: walk uses the projected scan width when projection_ids narrow the scan

[2428/3108] (78%): walk refuses a table-in-out scan wholesale0.000 s: walk refuses a table-in-out scan wholesale

[2429/3108] (78%): walk resolves a projection pass-through at a non-identity position0.000 s: walk resolves a projection pass-through at a non-identity position

[2430/3108] (78%): walk applies the FILTER projection map0.000 s: without a projection map: identity
0.000 s: walk applies the FILTER projection map
0.000 s: with a projection map: mapped
0.000 s: walk applies the FILTER projection map

[2431/3108] (78%): walk applies the ORDER_BY projection map0.000 s: without a projection map: identity
0.000 s: walk applies the ORDER_BY projection map
0.000 s: with a projection map: mapped
0.000 s: walk applies the ORDER_BY projection map

[2432/3108] (78%): walk passes through LIMIT, TOP_N, and DISTINCT by identity0.000 s: LIMIT
0.000 s: walk passes through LIMIT, TOP_N, and DISTINCT by identity
0.000 s: TOP_N
0.000 s: walk passes through LIMIT, TOP_N, and DISTINCT by identity
0.000 s: DISTINCT
0.000 s: walk passes through LIMIT, TOP_N, and DISTINCT by identity

[2433/3108] (78%): walk resolves aggregate group ordinals only0.000 s: a group that is a plain reference resolves
0.000 s: walk resolves aggregate group ordinals only
0.000 s: an aggregate output ordinal refuses
0.000 s: walk resolves aggregate group ordinals only
0.000 s: multiple grouping sets refuse even at a group ordinal
0.000 s: walk resolves aggregate group ordinals only

[2434/3108] (78%): walk composes a three-level stack0.000 s: walk composes a three-level stack

[2435/3108] (78%): walk continues through row-subset joins to the emitted side0.000 s: walk continues through row-subset joins to the emitted side

[2436/3108] (78%): walk continues through MARK's left block and refuses the mark column0.000 s: walk continues through MARK's left block and refuses the mark column

[2437/3108] (78%): walk continues through SINGLE's left block and refuses its right block0.000 s: walk continues through SINGLE's left block and refuses its right block

[2438/3108] (78%): walk refuses row-multiplying and DELIM joins on every ordinal0.000 s: INNER refuses both sides
0.000 s: walk refuses row-multiplying and DELIM joins on every ordinal
0.000 s: LEFT refuses
0.000 s: walk refuses row-multiplying and DELIM joins on every ordinal
0.000 s: DELIM join refuses even with row-subset semantics
0.000 s: walk refuses row-multiplying and DELIM joins on every ordinal

[2439/3108] (78%): walk locates join ordinals through non-empty projection maps0.000 s: SEMI with a left projection map
0.000 s: walk locates join ordinals through non-empty projection maps
0.000 s: ANTI with a left projection map
0.000 s: walk locates join ordinals through non-empty projection maps
0.000 s: SINGLE with a left projection map still refuses the right block
0.000 s: walk locates join ordinals through non-empty projection maps
0.000 s: RIGHT_SEMI with a right projection map
0.000 s: walk locates join ordinals through non-empty projection maps
0.000 s: MARK with a left projection map places the mark after the mapped block
0.000 s: walk locates join ordinals through non-empty projection maps

[2440/3108] (78%): walk never resolves an ordinal to the opposite join side0.000 s: walk never resolves an ordinal to the opposite join side

[2441/3108] (78%): walk refuses unmodelled operators0.000 s: WINDOW
0.000 s: walk refuses unmodelled operators
0.000 s: UNION
0.000 s: walk refuses unmodelled operators
0.000 s: UNNEST
0.000 s: walk refuses unmodelled operators
0.000 s: CTE_REF
0.000 s: walk refuses unmodelled operators

[2442/3108] (78%): build keys resolve through the build child only0.000 s: build keys resolve through the build child only

[2443/3108] (78%): evidence source is consulted once per distinct resolved scan0.000 s: evidence source is consulted once per distinct resolved scan

[2444/3108] (78%): a refusing evidence source yields zero for every key0.000 s: a refusing evidence source yields zero for every key

[2445/3108] (78%): discovery parity - probe-scan bind matches DuckDB's per-key walk0.587 s: discovery parity - probe-scan bind matches DuckDB's per-key walk

[2446/3108] (78%): discovery parity - an unfiltered build wires nothing on either side0.413 s: discovery parity - an unfiltered build wires nothing on either side

[2447/3108] (78%): discovery parity - filter evidence via bare FILTER and via TOP_N0.001 s: a residual build-side FILTER arms the gate on both sides
0.519 s: discovery parity - filter evidence via bare FILTER and via TOP_N
0.001 s: a build-side TOP_N arms the gate on both sides
0.468 s: discovery parity - filter evidence via bare FILTER and via TOP_N

[2448/3108] (78%): discovery parity - LIMIT on the probe spine: DuckDB binds, Sirius refuses0.483 s: discovery parity - LIMIT on the probe spine: DuckDB binds, Sirius refuses

[2449/3108] (78%): discovery parity - TOP_N on the probe spine: DuckDB binds, Sirius refuses0.421 s: discovery parity - TOP_N on the probe spine: DuckDB binds, Sirius refuses

[2450/3108] (78%): discovery parity - an intervening RIGHT join: both bind through it0.416 s: discovery parity - an intervening RIGHT join: both bind through it

[2451/3108] (78%): discovery parity - intervening OUTER and ANTI joins preserve probe descent0.522 s: discovery parity - intervening OUTER and ANTI joins preserve probe descent

[2452/3108] (78%): discovery parity - a cast projection: DuckDB crosses it, Sirius refuses0.418 s: discovery parity - a cast projection: DuckDB crosses it, Sirius refuses

[2453/3108] (78%): discovery parity - a computed projection refuses on both sides0.447 s: discovery parity - a computed projection refuses on both sides

[2454/3108] (78%): discovery parity - aggregate grouping keys pass, aggregate results refuse0.001 s: a grouping key binds on both sides
0.423 s: discovery parity - aggregate grouping keys pass, aggregate results refuse
0.001 s: an aggregate result refuses on both sides
0.438 s: discovery parity - aggregate grouping keys pass, aggregate results refuse

[2455/3108] (78%): discovery parity - a residual FILTER on the probe spine binds on both sides0.523 s: discovery parity - a residual FILTER on the probe spine binds on both sides

[2456/3108] (79%): discovery parity - per-key discovery binds the clean key DuckDB's joint walk abandons0.472 s: discovery parity - per-key discovery binds the clean key DuckDB's joint walk abandons

[2457/3108] (79%): discovery parity - producer join-type gate0.001 s: a RIGHT producer binds on both sides
0.527 s: discovery parity - producer join-type gate
0.001 s: a LEFT producer refuses on both sides
0.417 s: discovery parity - producer join-type gate
0.001 s: a SEMI producer binds on both sides
0.528 s: discovery parity - producer join-type gate
0.001 s: a MARK producer refuses on both sides
0.409 s: discovery parity - producer join-type gate
0.001 s: an ANTI producer refuses on both sides
0.441 s: discovery parity - producer join-type gate
0.001 s: an ANTI producer with an opaque build still refuses on both sides
0.539 s: discovery parity - producer join-type gate

[2458/3108] (79%): discovery parity - wiring is independent of DuckDB pushdown metadata0.411 s: discovery parity - wiring is independent of DuckDB pushdown metadata

[2459/3108] (79%): discovery parity - the adapter oracle agrees with the per-key walk0.664 s: discovery parity - the adapter oracle agrees with the per-key walk

[2460/3108] (79%): admission reads build and probe ordinals from their own sides, not the condition index0.000 s: admission reads build and probe ordinals from their own sides, not the condition index

[2461/3108] (79%): admission records each side's own storage type0.000 s: admission records each side's own storage type

[2462/3108] (79%): admission requires a probe-side bound reference0.000 s: admission requires a probe-side bound reference

[2463/3108] (79%): admission rejects a build ordinal outside the cuDF column range0.000 s: admission rejects a build ordinal outside the cuDF column range

[2464/3108] (79%): admission rejects a build side that is not a plain column reference0.000 s: admission rejects a build side that is not a plain column reference

[2465/3108] (79%): key-shape classification distinguishes direct, cast, and computed sides0.000 s: key-shape classification distinguishes direct, cast, and computed sides

[2466/3108] (79%): admission admits every legal condition in planner order0.000 s: admission admits every legal condition in planner order

[2467/3108] (79%): admission keeps partially eligible composites0.000 s: admission keeps partially eligible composites

[2468/3108] (79%): admission never admits an inequality condition0.000 s: admission never admits an inequality condition

[2469/3108] (79%): admission never admits a null-equal condition0.000 s: admission never admits a null-equal condition

[2470/3108] (79%): admitted keys without any target build a valid but disabled plan0.000 s: admitted keys without any target build a valid but disabled plan

[2471/3108] (79%): admission re-emits domain cardinalities in admitted order0.000 s: admission re-emits domain cardinalities in admitted order

[2472/3108] (79%): admission records zero domains from an empty domain vector0.000 s: admission records zero domains from an empty domain vector

[2473/3108] (79%): admission marks only the key whose build ordinal is the proven-unique column0.000 s: a singleton proof marks the matching ordinal
0.000 s: admission marks only the key whose build ordinal is the proven-unique column
0.000 s: no proof marks nothing
0.000 s: admission marks only the key whose build ordinal is the proven-unique column

[2474/3108] (79%): admission rejects inconsistent caller input0.000 s: misaligned shapes
0.000 s: admission rejects inconsistent caller input
0.000 s: misaligned domain cardinalities
0.000 s: admission rejects inconsistent caller input

[2475/3108] (79%): join-edge route accepts only direct matching INT32/INT64 equality keys0.000 s: positives
0.000 s: join-edge route accepts only direct matching INT32/INT64 equality keys
0.000 s: computed keys are rejected on either side, though the scan route admits them
0.000 s: join-edge route accepts only direct matching INT32/INT64 equality keys
0.000 s: negatives
0.000 s: join-edge route accepts only direct matching INT32/INT64 equality keys

[2476/3108] (79%): publish plan rejects inconsistent admitted-key metadata0.000 s: duplicate condition index
0.000 s: publish plan rejects inconsistent admitted-key metadata
0.000 s: negative build ordinal
0.000 s: publish plan rejects inconsistent admitted-key metadata
0.000 s: EMPTY storage type
0.000 s: publish plan rejects inconsistent admitted-key metadata
0.000 s: a transported threshold is accepted without re-validation
0.000 s: publish plan rejects inconsistent admitted-key metadata
0.000 s: equality is differential over every field
0.000 s: publish plan rejects inconsistent admitted-key metadata

[2477/3108] (79%): projection_reference_input forwards a plain reference and refuses a computed expression0.000 s: projection_reference_input forwards a plain reference and refuses a computed expression

[2478/3108] (79%): group_by_key_input maps a grouping-key output to its input column0.000 s: a grouping-key output maps to its input column
0.000 s: group_by_key_input maps a grouping-key output to its input column
0.000 s: zero grouping sets is treated as a plain single grouping
0.000 s: group_by_key_input maps a grouping-key output to its input column
0.000 s: an aggregate-result output ordinal (at or past the keys) refuses
0.000 s: group_by_key_input maps a grouping-key output to its input column
0.000 s: more than one grouping set (ROLLUP/CUBE/GROUPING SETS) refuses
0.000 s: group_by_key_input maps a grouping-key output to its input column

[2479/3108] (79%): join_block_descent maps a probe-block output into the probe child0.000 s: admissible probe blocks descend at either policy
0.000 s: join_block_descent maps a probe-block output into the probe child
0.000 s: the remaining join types refuse the probe block
0.000 s: join_block_descent maps a probe-block output into the probe child

[2480/3108] (79%): join_block_descent maps an admissible build-block output into the build child0.000 s: INNER/RIGHT descend directly; LEFT/OUTER rely on equality admission
0.000 s: join_block_descent maps an admissible build-block output into the build child
0.000 s: the policy bit gates every build-block hop
0.000 s: join_block_descent maps an admissible build-block output into the build child
0.000 s: the remaining join types refuse the build block
0.000 s: join_block_descent maps an admissible build-block output into the build child

[2481/3108] (79%): join_block_descent refuses a build ordinal past the build block0.000 s: join_block_descent refuses a build ordinal past the build block

[2482/3108] (79%): scan_route_join_type_admissible mirrors DuckDB's producer join-type gate0.000 s: scan_route_join_type_admissible mirrors DuckDB's producer join-type gate

[2483/3108] (79%): descent_steps descends a pass-through projection output0.000 s: descent_steps descends a pass-through projection output

[2484/3108] (79%): descent_steps refuses a projection output that is not a plain reference0.000 s: descent_steps refuses a projection output that is not a plain reference

[2485/3108] (79%): descent_steps refuses an output ordinal past the projection width0.000 s: descent_steps refuses an output ordinal past the projection width

[2486/3108] (79%): descent_steps refuses a non-descent operator0.000 s: descent_steps refuses a non-descent operator

[2487/3108] (80%): descent_steps passes through a dynamic-filter endpoint0.000 s: descent_steps passes through a dynamic-filter endpoint

[2488/3108] (80%): descent_steps passes through a FILTER at the same ordinal (passthrough output)0.000 s: descent_steps passes through a FILTER at the same ordinal (passthrough output)

[2489/3108] (80%): descent_steps remaps a FILTER gather output to its input column0.000 s: descent_steps remaps a FILTER gather output to its input column

[2490/3108] (80%): descent_steps refuses a FILTER gather ordinal past the gather width0.000 s: descent_steps refuses a FILTER gather ordinal past the gather width

[2491/3108] (80%): descent_steps fans out through a UNION into every child at the same ordinal0.000 s: descent_steps fans out through a UNION into every child at the same ordinal

[2492/3108] (80%): trace_probe_key bottoms out through a projection + FILTER chain with the exit ordinal0.000 s: trace_probe_key bottoms out through a projection + FILTER chain with the exit ordinal

[2493/3108] (80%): trace_probe_key reports the refusing node as the terminal0.000 s: trace_probe_key reports the refusing node as the terminal

[2494/3108] (80%): trace_probe_key yields one terminal per UNION branch, mixed kinds included0.000 s: trace_probe_key yields one terminal per UNION branch, mixed kinds included

[2495/3108] (80%): trace_probe_key and place_endpoint agree on the site for a spliced key0.000 s: trace_probe_key and place_endpoint agree on the site for a spliced key

[2496/3108] (80%): place_endpoint wraps the root when the root refuses (the floor)0.000 s: place_endpoint wraps the root when the root refuses (the floor)

[2497/3108] (80%): place_endpoint descends a projection chain and wraps the deepest site0.000 s: place_endpoint descends a projection chain and wraps the deepest site

[2498/3108] (80%): place_endpoint stops at the deepest pass-through when a mid-tree hop refuses0.000 s: place_endpoint stops at the deepest pass-through when a mid-tree hop refuses

[2499/3108] (80%): place_endpoint stops when the accepted child is missing0.000 s: place_endpoint stops when the accepted child is missing

[2500/3108] (80%): place_endpoint descends a FILTER and sites below it0.000 s: place_endpoint descends a FILTER and sites below it

[2501/3108] (80%): place_endpoint splices one endpoint per UNION branch in traversal order0.000 s: place_endpoint splices one endpoint per UNION branch in traversal order

[2502/3108] (80%): a second placement descends past the endpoint the first placed0.000 s: a second placement descends past the endpoint the first placed

[2503/3108] (80%): join expression key - single expression side is materialized and rewritten0.453 s: join expression key - single expression side is materialized and rewritten

[2504/3108] (80%): join expression key - expressions on both sides are materialized0.564 s: join expression key - expressions on both sides are materialized

[2505/3108] (80%): join expression key - plain column join is not materialized0.454 s: join expression key - plain column join is not materialized

[2506/3108] (80%): plan tree shape - scan leaves are replaced by GPU_SCAN0.520 s: plan tree shape - scan leaves are replaced by GPU_SCAN

[2507/3108] (80%): plan tree shape - a scan without a complete native carrier schema is rejected0.427 s: plan tree shape - a scan without a complete native carrier schema is rejected

[2508/3108] (80%): plan tree shape - materialized sources are replaced by GPU_VALUES0.437 s: plan tree shape - materialized sources are replaced by GPU_VALUES

[2509/3108] (80%): plan tree shape - join children are wrapped CONCAT -> PARTITION with roles0.532 s: plan tree shape - join children are wrapped CONCAT -> PARTITION with roles

[2510/3108] (80%): plan tree shape - SIP places a membership endpoint on a nested join's RHS input0.001 s: filter on, unfiltered build: no endpoint wires anywhere
0.431 s: plan tree shape - SIP places a membership endpoint on a nested join's RHS input
0.001 s: filter off: no endpoint anywhere; the build wrap holds the bare scan
0.555 s: plan tree shape - SIP places a membership endpoint on a nested join's RHS input
0.001 s: filter on: equality semantics allow descent into a LEFT join's build input
0.453 s: plan tree shape - SIP places a membership endpoint on a nested join's RHS input
0.001 s: filter on: RIGHT and equality-safe OUTER joins admit build-input descent
0.494 s: plan tree shape - SIP places a membership endpoint on a nested join's RHS input
0.001 s: filter on: null-equal semantics block OUTER build-input descent
0.440 s: plan tree shape - SIP places a membership endpoint on a nested join's RHS input
0.001 s: filter on: null-equal semantics block OUTER probe-input descent
0.438 s: plan tree shape - SIP places a membership endpoint on a nested join's RHS input
0.001 s: filter on: an aggregate-result key stops the descent at the group-by
0.521 s: plan tree shape - SIP places a membership endpoint on a nested join's RHS input
0.001 s: filter on, filtered build: the trace through the build block binds the scan route
0.420 s: plan tree shape - SIP places a membership endpoint on a nested join's RHS input

[2511/3108] (80%): plan tree shape - scan-route discovery wires the probe scan's DYNAMIC_FILTER0.001 s: filtered build: the probe scan is wrapped in a DYNAMIC_FILTER
0.542 s: plan tree shape - scan-route discovery wires the probe scan's DYNAMIC_FILTER
0.001 s: unfiltered build: no DYNAMIC_FILTER anywhere
0.428 s: plan tree shape - scan-route discovery wires the probe scan's DYNAMIC_FILTER
0.001 s: unfiltered aggregate build: no DYNAMIC_FILTER anywhere
0.555 s: plan tree shape - scan-route discovery wires the probe scan's DYNAMIC_FILTER
0.001 s: filtered aggregate build: filter evidence still wires the scan route
0.449 s: plan tree shape - scan-route discovery wires the probe scan's DYNAMIC_FILTER
0.001 s: unfiltered join-output build: no outer dynamic filter is wired
0.688 s: plan tree shape - scan-route discovery wires the probe scan's DYNAMIC_FILTER
0.001 s: filtered join-output build: filter evidence still wires the outer scan route
0.486 s: plan tree shape - scan-route discovery wires the probe scan's DYNAMIC_FILTER
0.001 s: a LIMIT between the join and the scan: the endpoint stays above the LIMIT, the scan stays bare
0.531 s: plan tree shape - scan-route discovery wires the probe scan's DYNAMIC_FILTER

[2512/3108] (80%): plan tree shape - an opaque build arms the scan route0.001 s: materialized-CTE build, filter on: the scan route wraps the probe scan
0.455 s: plan tree shape - an opaque build arms the scan route
0.001 s: materialized-CTE build, filter off: no DYNAMIC_FILTER anywhere
0.471 s: plan tree shape - an opaque build arms the scan route
0.001 s: delim-scan build, filter on: the scan route binds inside the delim internals
0.528 s: plan tree shape - an opaque build arms the scan route
0.001 s: delim-scan build, filter off: no endpoint anywhere
0.423 s: plan tree shape - an opaque build arms the scan route

[2513/3108] (80%): plan tree shape - aggregates wrap to MERGE (-> PARTITION) -> original0.001 s: grouped aggregate gains a MERGE_GROUP_BY -> PARTITION fanout
0.541 s: plan tree shape - aggregates wrap to MERGE (-> PARTITION) -> original
0.001 s: COUNT(DISTINCT) records LIST locally and BIGINT after merge
0.438 s: plan tree shape - aggregates wrap to MERGE (-> PARTITION) -> original
0.001 s: ungrouped aggregate gains MERGE_AGGREGATE with no PARTITION
0.523 s: plan tree shape - aggregates wrap to MERGE (-> PARTITION) -> original
0.001 s: AVG records its two-column local accumulator schema below MERGE_AGGREGATE
0.466 s: plan tree shape - aggregates wrap to MERGE (-> PARTITION) -> original
0.001 s: AVG preserves its DECIMAL local sum carrier below MERGE_AGGREGATE
0.435 s: plan tree shape - aggregates wrap to MERGE (-> PARTITION) -> original

[2514/3108] (80%): plan tree shape - order-by and top-n wrap to their merge chains0.001 s: order-by becomes MERGE_SORT -> SORT_PARTITION -> SORT_SAMPLE -> ORDER_BY
0.516 s: plan tree shape - order-by and top-n wrap to their merge chains
0.001 s: top-n becomes MERGE_TOP_N -> TOP_N
0.431 s: plan tree shape - order-by and top-n wrap to their merge chains

[2515/3108] (80%): plan tree shape - delim join internal subtrees are rewritten and tagged0.001 s: RIGHT_DELIM_JOIN: partition_join points at the build-side PARTITION
0.556 s: plan tree shape - delim join internal subtrees are rewritten and tagged
0.001 s: LEFT_DELIM_JOIN: the cached chunk scan sits under the probe-side wrap
0.434 s: plan tree shape - delim join internal subtrees are rewritten and tagged

[2516/3108] (80%): plan tree shape - set_parent_ops links every operator0.001 s: query: SELECT * FROM big_left l JOIN small_right r ON l.id = r.rid
0.514 s: plan tree shape - set_parent_ops links every operator
0.001 s: query: SELECT val, count(*) FROM big_left GROUP BY val ORDER BY val
0.429 s: plan tree shape - set_parent_ops links every operator
0.001 s: query: SELECT SUM(i.qty) FROM items i, parts p WHERE p.pk = i.fk AND p.pname = 'p1' AND i.qty < (SELECT 2 * AVG(i2.qty) FROM items i2 WHERE i2.fk = p.pk)
0.434 s: plan tree shape - set_parent_ops links every operator
0.001 s: query: SELECT l.id FROM big_left l WHERE EXISTS (SELECT 1 FROM small_right r WHERE r.rid = l.id AND r.other < l.val)
0.537 s: plan tree shape - set_parent_ops links every operator

[2517/3108] (80%): set_parent_ops accepts a GPU scan without an ingestible0.000 s: set_parent_ops accepts a GPU scan without an ingestible

[2518/3108] (81%): plan tree shape - join-child wrap copies the physical sidecar onto CONCAT and PARTITION0.000 s: narrow children stamp both wrappers on both sides
0.426 s: plan tree shape - join-child wrap copies the physical sidecar onto CONCAT and PARTITION
0.000 s: a native child leaves the wrappers sidecar-free
0.580 s: plan tree shape - join-child wrap copies the physical sidecar onto CONCAT and PARTITION

[2519/3108] (81%): plan tree shape - aggregate wrap copies the group-key sidecar0.000 s: a group-key sidecar lands on PARTITION and GROUPED_AGGREGATE_MERGE
0.485 s: plan tree shape - aggregate wrap copies the group-key sidecar
0.000 s: a sidecar-free aggregate leaves both wrappers sidecar-free
0.470 s: plan tree shape - aggregate wrap copies the group-key sidecar
0.000 s: delim-distinct partitions stay sidecar-free
0.453 s: plan tree shape - aggregate wrap copies the group-key sidecar

[2520/3108] (81%): plan tree shape - nested-loop-join wrappers stay sidecar-free0.571 s: plan tree shape - nested-loop-join wrappers stay sidecar-free

[2521/3108] (81%): plan generation rejects an untranslatable pushed-down table filter0.433 s: plan generation rejects an untranslatable pushed-down table filter

[2522/3108] (81%): plan tree shape - admission scan walk reaches delim join subtrees0.433 s: plan tree shape - admission scan walk reaches delim join subtrees

[2523/3108] (81%): plan tree shape - admission scan walk agrees on a plain join0.532 s: plan tree shape - admission scan walk agrees on a plain join

[2524/3108] (81%): projection_fold - push_projection composes reorder with expression projection0.000 s: projection_fold - push_projection composes reorder with expression projection

[2525/3108] (81%): projection_fold - fold_adjacent_projections collapses a three-deep chain0.000 s: projection_fold - fold_adjacent_projections collapses a three-deep chain

[2526/3108] (81%): projection_fold - fold_adjacent_projections collapses nested stack under non-projection parent0.000 s: projection_fold - fold_adjacent_projections collapses nested stack under non-projection parent

[2527/3108] (81%): projection_fold - null select-list slot prevents folding0.000 s: projection_fold - null select-list slot prevents folding

[2528/3108] (81%): projection_fold - non-trivial inner expr referenced twice is not folded0.000 s: projection_fold - non-trivial inner expr referenced twice is not folded

[2529/3108] (81%): projection_fold - non-trivial inner expr referenced once is folded0.000 s: projection_fold - non-trivial inner expr referenced once is folded

[2530/3108] (81%): projection_fold - identity outer projection is elided0.000 s: projection_fold - identity outer projection is elided

[2531/3108] (81%): tree pipeline build plans sirius_read_parquet scans0.976 s: tree pipeline build plans sirius_read_parquet scans

[2532/3108] (81%): query_id: round-trips through its underlying value0.000 s: query_id: round-trips through its underlying value

[2533/3108] (81%): query_id: orders by underlying value0.000 s: query_id: orders by underlying value

[2534/3108] (81%): query_id: formats as its numeric value0.000 s: query_id: formats as its numeric value

[2535/3108] (81%): query_id: priority bits place the id above the pipeline rank0.000 s: query_id: priority bits place the id above the pipeline rank

[2536/3108] (81%): query_id: an earlier query always sorts before a later one0.000 s: query_id: an earlier query always sorts before a later one

[2537/3108] (81%): query_id: priority bits stay non-negative with bit 31 set0.000 s: query_id: priority bits stay non-negative with bit 31 set

[2538/3108] (81%): planner::query reports the id it was constructed with0.000 s: planner::query reports the id it was constructed with

[2539/3108] (81%): planner::query ids are not drawn from a shared counter0.000 s: planner::query ids are not drawn from a shared counter

[2540/3108] (81%): query_index pipeline_order cuts every branch at the multiport consumer0.000 s: query_index pipeline_order cuts every branch at the multiport consumer

[2541/3108] (81%): query_index barrier_order extends through pipeline/partial barriers0.000 s: query_index barrier_order extends through pipeline/partial barriers

[2542/3108] (81%): query_index default options use pipeline_order0.000 s: query_index default options use pipeline_order

[2543/3108] (81%): query_index barrier_order with a partial barrier also extends0.000 s: query_index barrier_order with a partial barrier also extends

[2544/3108] (81%): query_index build_probe pipelines the hash-join probe side through the join0.000 s: query_index build_probe pipelines the hash-join probe side through the join

[2545/3108] (81%): query_index barrier_order does not pipeline the hash-join probe side0.000 s: query_index barrier_order does not pipeline the hash-join probe side

[2546/3108] (81%): tier_narrowing_policy - Q1 shape retracts every restore-only column0.000 s: tier_narrowing_policy - Q1 shape retracts every restore-only column

[2547/3108] (81%): tier_narrowing_policy - a host-tier-backed sidecar is untouched0.000 s: tier_narrowing_policy - a host-tier-backed sidecar is untouched

[2548/3108] (81%): tier_narrowing_policy - join payloads keep narrow, join keys retract0.000 s: INNER join forwards payloads on both sides
0.000 s: tier_narrowing_policy - join payloads keep narrow, join keys retract
0.000 s: SEMI join: an uncollected build payload dies free and stays narrow
0.000 s: tier_narrowing_policy - join payloads keep narrow, join keys retract
0.000 s: dynamic-filter targets are not modeled; the propagation guard commutes
0.000 s: tier_narrowing_policy - join payloads keep narrow, join keys retract

[2549/3108] (82%): tier_narrowing_policy - dense count restores only the two join keys0.000 s: tier_narrowing_policy - dense count restores only the two join keys

[2550/3108] (82%): tier_narrowing_policy - grouped-aggregate keys keep narrow only when eligible0.000 s: eligible aggregate: group key kept, SUM input retracted
0.000 s: tier_narrowing_policy - grouped-aggregate keys keep narrow only when eligible
0.000 s: COUNT_VALID does not constrain a counted group key
0.000 s: tier_narrowing_policy - grouped-aggregate keys keep narrow only when eligible
0.000 s: AVG makes the aggregate ineligible: no transport, all columns retract
0.000 s: tier_narrowing_policy - grouped-aggregate keys keep narrow only when eligible
0.000 s: COUNT(DISTINCT) makes the aggregate ineligible
0.000 s: tier_narrowing_policy - grouped-aggregate keys keep narrow only when eligible
0.000 s: multiple grouping sets make the aggregate ineligible
0.000 s: tier_narrowing_policy - grouped-aggregate keys keep narrow only when eligible

[2551/3108] (82%): tier_narrowing_policy - transport outweighs evaluator restores above the join0.000 s: tier_narrowing_policy - transport outweighs evaluator restores above the join

[2552/3108] (82%): tier_narrowing_policy - narrow-domain comparisons rescue, ineligible shapes do not0.000 s: a representable constant comparison keeps the column narrow
0.000 s: tier_narrowing_policy - narrow-domain comparisons rescue, ineligible shapes do not
0.000 s: a representable BETWEEN keeps the column narrow
0.000 s: tier_narrowing_policy - narrow-domain comparisons rescue, ineligible shapes do not
0.000 s: a constant outside the carrier's range does not rescue
0.000 s: tier_narrowing_policy - narrow-domain comparisons rescue, ineligible shapes do not
0.000 s: a decimal constant rescues only at the carrier's scale
0.000 s: tier_narrowing_policy - narrow-domain comparisons rescue, ineligible shapes do not
0.000 s: a reference-versus-reference comparison at different carriers does not rescue
0.000 s: tier_narrowing_policy - narrow-domain comparisons rescue, ineligible shapes do not
0.000 s: an IN list restores in the evaluator and does not rescue
0.000 s: tier_narrowing_policy - narrow-domain comparisons rescue, ineligible shapes do not
0.000 s: a boundary restore vetoes the comparison rescue
0.000 s: tier_narrowing_policy - narrow-domain comparisons rescue, ineligible shapes do not

[2553/3108] (82%): tier_narrowing_policy - a same-carrier reference pair rescues both columns0.000 s: both integer columns keep narrow
0.000 s: tier_narrowing_policy - a same-carrier reference pair rescues both columns
0.000 s: both DATE columns keep narrow
0.000 s: tier_narrowing_policy - a same-carrier reference pair rescues both columns
0.000 s: a column the sidecar leaves native is no pair candidate
0.000 s: tier_narrowing_policy - a same-carrier reference pair rescues both columns
0.000 s: comparing one column with itself marks its single origin
0.000 s: tier_narrowing_policy - a same-carrier reference pair rescues both columns
0.000 s: a boundary restore still vetoes the pair rescue
0.000 s: tier_narrowing_policy - a same-carrier reference pair rescues both columns

[2554/3108] (82%): tier_narrowing_policy - pair verdicts track the shared eligibility predicate0.000 s: integers at one carrier
0.000 s: tier_narrowing_policy - pair verdicts track the shared eligibility predicate
0.000 s: different logical widths at one carrier
0.000 s: tier_narrowing_policy - pair verdicts track the shared eligibility predicate
0.000 s: dates at one carrier
0.000 s: tier_narrowing_policy - pair verdicts track the shared eligibility predicate
0.000 s: decimals at one carrier and scale
0.000 s: tier_narrowing_policy - pair verdicts track the shared eligibility predicate
0.000 s: integers at different carriers
0.000 s: tier_narrowing_policy - pair verdicts track the shared eligibility predicate
0.000 s: epoch days against plain integers
0.000 s: tier_narrowing_policy - pair verdicts track the shared eligibility predicate
0.000 s: plain integers against epoch days
0.000 s: tier_narrowing_policy - pair verdicts track the shared eligibility predicate
0.000 s: an already-minimal type is not narrowed
0.000 s: tier_narrowing_policy - pair verdicts track the shared eligibility predicate
0.000 s: decimals at different scales
0.000 s: tier_narrowing_policy - pair verdicts track the shared eligibility predicate
0.000 s: unsigned against signed
0.000 s: tier_narrowing_policy - pair verdicts track the shared eligibility predicate

[2555/3108] (82%): tier_narrowing_policy - unmodeled operators and DELIM_JOIN sub-trees are boundaries0.000 s: an unmodeled operator above the carrier retracts it
0.000 s: tier_narrowing_policy - unmodeled operators and DELIM_JOIN sub-trees are boundaries
0.000 s: a hash join as a DELIM_JOIN sub-root awards no payload transport
0.000 s: tier_narrowing_policy - unmodeled operators and DELIM_JOIN sub-trees are boundaries
0.000 s: DELIM_JOIN sub-tree survivors retract
0.000 s: tier_narrowing_policy - unmodeled operators and DELIM_JOIN sub-trees are boundaries

[2556/3108] (82%): tier_narrowing_policy - verdicts are per scan and per origin0.000 s: two scans do not cross-contaminate
0.000 s: tier_narrowing_policy - verdicts are per scan and per origin
0.000 s: duplicated forwards accumulate on one origin
0.000 s: tier_narrowing_policy - verdicts are per scan and per origin

[2557/3108] (82%): tier_narrowing_policy - pass pipeline composes to the feature-off plan for Q1 shapes0.000 s: tier_narrowing_policy - pass pipeline composes to the feature-off plan for Q1 shapes

[2558/3108] (82%): lock_or_prepare_batch cross-GPU returns a clone and leaves the source in place-------------------------------------------------------------------------------
lock_or_prepare_batch cross-GPU returns a clone and leaves the source in place
-------------------------------------------------------------------------------
/home/prestouser/aocsa/sirius-stacks-wt/fix-oom-failfast/test/cpp/pipeline/test_batch_lock_utils.cpp:261
...............................................................................

/home/prestouser/aocsa/sirius-stacks-wt/fix-oom-failfast/test/cpp/pipeline/test_batch_lock_utils.cpp:103: warning:
  skipping: requires >=2 GPUs

0.000 s: lock_or_prepare_batch cross-GPU returns a clone and leaves the source in place

[2559/3108] (82%): lock_or_prepare_batch cross-GPU does not block on concurrent readers-------------------------------------------------------------------------------
lock_or_prepare_batch cross-GPU does not block on concurrent readers
-------------------------------------------------------------------------------
/home/prestouser/aocsa/sirius-stacks-wt/fix-oom-failfast/test/cpp/pipeline/test_batch_lock_utils.cpp:303
...............................................................................

/home/prestouser/aocsa/sirius-stacks-wt/fix-oom-failfast/test/cpp/pipeline/test_batch_lock_utils.cpp:103: warning:
  skipping: requires >=2 GPUs

0.000 s: lock_or_prepare_batch cross-GPU does not block on concurrent readers

[2560/3108] (82%): lock_or_prepare_batch host to GPU keeps move semantics0.040 s: lock_or_prepare_batch host to GPU keeps move semantics

[2561/3108] (82%): concurrent same-GPU upgrades of a shared spilled batch race safely0.037 s: concurrent same-GPU upgrades of a shared spilled batch race safely

[2562/3108] (82%): host to GPU upgrade normalizes LIST offsets to INT320.037 s: host to GPU upgrade normalizes LIST offsets to INT32

[2563/3108] (82%): LIST columns survive a cross-GPU clone with INT32 offsets-------------------------------------------------------------------------------
LIST columns survive a cross-GPU clone with INT32 offsets
-------------------------------------------------------------------------------
/home/prestouser/aocsa/sirius-stacks-wt/fix-oom-failfast/test/cpp/pipeline/test_batch_lock_utils.cpp:490
...............................................................................

/home/prestouser/aocsa/sirius-stacks-wt/fix-oom-failfast/test/cpp/pipeline/test_batch_lock_utils.cpp:103: warning:
  skipping: requires >=2 GPUs

0.000 s: LIST columns survive a cross-GPU clone with INT32 offsets

[2564/3108] (82%): prepare_for_processing rebinds idle batches to the prepared clones-------------------------------------------------------------------------------
prepare_for_processing rebinds idle batches to the prepared clones
-------------------------------------------------------------------------------
/home/prestouser/aocsa/sirius-stacks-wt/fix-oom-failfast/test/cpp/pipeline/test_batch_lock_utils.cpp:515
...............................................................................

/home/prestouser/aocsa/sirius-stacks-wt/fix-oom-failfast/test/cpp/pipeline/test_batch_lock_utils.cpp:103: warning:
  skipping: requires >=2 GPUs

0.000 s: prepare_for_processing rebinds idle batches to the prepared clones

[2565/3108] (82%): bytes_to_materialize_input counts cross-GPU inputs for the target space-------------------------------------------------------------------------------
bytes_to_materialize_input counts cross-GPU inputs for the target space
-------------------------------------------------------------------------------
/home/prestouser/aocsa/sirius-stacks-wt/fix-oom-failfast/test/cpp/pipeline/test_batch_lock_utils.cpp:552
...............................................................................

/home/prestouser/aocsa/sirius-stacks-wt/fix-oom-failfast/test/cpp/pipeline/test_batch_lock_utils.cpp:103: warning:
  skipping: requires >=2 GPUs

0.000 s: bytes_to_materialize_input counts cross-GPU inputs for the target space

[2566/3108] (82%): single-consumer source is freed promptly after a cross-GPU prepare-------------------------------------------------------------------------------
single-consumer source is freed promptly after a cross-GPU prepare
-------------------------------------------------------------------------------
/home/prestouser/aocsa/sirius-stacks-wt/fix-oom-failfast/test/cpp/pipeline/test_batch_lock_utils.cpp:579
...............................................................................

/home/prestouser/aocsa/sirius-stacks-wt/fix-oom-failfast/test/cpp/pipeline/test_batch_lock_utils.cpp:103: warning:
  skipping: requires >=2 GPUs

0.000 s: single-consumer source is freed promptly after a cross-GPU prepare

[2567/3108] (82%): Terminal pipeline finishing off the epilogue still signals completion0.000 s: Terminal pipeline finishing off the epilogue still signals completion

[2568/3108] (82%): A streaming-sink pipeline is query-terminal and signals the same way0.000 s: A streaming-sink pipeline is query-terminal and signals the same way

[2569/3108] (82%): Re-entering the finish transition re-signals harmlessly0.000 s: Re-entering the finish transition re-signals harmlessly

[2570/3108] (82%): A non-terminal pipeline finishing does not signal the query0.050 s: A non-terminal pipeline finishing does not signal the query

[2571/3108] (82%): A pipeline left over from a finished query cannot signal the next one0.000 s: A pipeline left over from a finished query cannot signal the next one

[2572/3108] (82%): GPU pipeline executor schedules GPU tasks directly (push-model)0.047 s: GPU pipeline executor schedules GPU tasks directly (push-model)

[2573/3108] (82%): GPU pipeline executor reschedules tasks on OOM0.143 s: GPU pipeline executor reschedules tasks on OOM

[2574/3108] (82%): GPU pipeline executor fails after max OOM retries5.098 s: GPU pipeline executor fails after max OOM retries

[2575/3108] (82%): GPU pipeline executor fails the query when an OOM retry cannot make progress0.093 s: GPU pipeline executor fails the query when an OOM retry cannot make progress

[2576/3108] (82%): GPU pipeline executor keeps retrying an OOM while another task holds a live reservation0.342 s: GPU pipeline executor keeps retrying an OOM while another task holds a live reservation

[2577/3108] (82%): GPU pipeline executor does not fail a first attempt that runs on a partial reservation0.050 s: GPU pipeline executor does not fail a first attempt that runs on a partial reservation

[2578/3108] (82%): GPU pipeline executor drops queued tasks once the query has failed0.239 s: GPU pipeline executor drops queued tasks once the query has failed

[2579/3108] (82%): assess_retry_futility decides from the gate observation and progress signals0.000 s: the q05 shape is futile and the reason names the held bytes
0.000 s: assess_retry_futility decides from the gate observation and progress signals
0.000 s: not an OOM: CUDA-launch reschedules keep the plain retry budget
0.000 s: assess_retry_futility decides from the gate observation and progress signals
0.000 s: first attempt never fails fast
0.000 s: assess_retry_futility decides from the gate observation and progress signals
0.000 s: no gate observation: defensive nullopt
0.000 s: assess_retry_futility decides from the gate observation and progress signals
0.000 s: full grant: the gate was not the constraint (#732 contention shape)
0.000 s: assess_retry_futility decides from the gate observation and progress signals
0.000 s: spilling progressed: the downgrade freed something
0.000 s: assess_retry_futility decides from the gate observation and progress signals
0.000 s: need unknown: no requirement was recorded by the OOM handler
0.000 s: assess_retry_futility decides from the gate observation and progress signals
0.000 s: need fits in the grant
0.000 s: assess_retry_futility decides from the gate observation and progress signals
0.000 s: something completed since the gate
0.000 s: assess_retry_futility decides from the gate observation and progress signals
0.000 s: a first attempt is running somewhere
0.000 s: assess_retry_futility decides from the gate observation and progress signals
0.000 s: clamped floor: requested == space max is still short when granted < space max
0.000 s: assess_retry_futility decides from the gate observation and progress signals
0.000 s: no downgrade executor attached
0.000 s: assess_retry_futility decides from the gate observation and progress signals
0.000 s: disk tier present but the downgrade still freed 0
0.000 s: assess_retry_futility decides from the gate observation and progress signals
0.000 s: a later retry with the same shape is also futile
0.000 s: assess_retry_futility decides from the gate observation and progress signals

[2580/3108] (83%): pipeline_memory_history returns nullopt with no records0.000 s: pipeline_memory_history returns nullopt with no records

[2581/3108] (83%): pipeline_memory_history returns nullopt for zero estimated_bytes0.000 s: pipeline_memory_history returns nullopt for zero estimated_bytes

[2582/3108] (83%): pipeline_memory_history single record produces correct estimate0.000 s: pipeline_memory_history single record produces correct estimate

[2583/3108] (83%): pipeline_memory_history multiple records are weighted by proximity0.000 s: pipeline_memory_history multiple records are weighted by proximity

[2584/3108] (83%): pipeline_memory_history skips records with zero estimated_bytes0.000 s: pipeline_memory_history skips records with zero estimated_bytes

[2585/3108] (83%): pipeline_memory_history ring buffer evicts oldest records0.000 s: pipeline_memory_history ring buffer evicts oldest records

[2586/3108] (83%): pipeline_memory_history is thread-safe for concurrent recording0.000 s: pipeline_memory_history is thread-safe for concurrent recording

[2587/3108] (83%): pipeline_memory_history has no output/input ratio without records0.000 s: pipeline_memory_history has no output/input ratio without records

[2588/3108] (83%): pipeline_memory_history aggregates the output/input ratio over all records0.000 s: pipeline_memory_history aggregates the output/input ratio over all records

[2589/3108] (83%): pipeline_memory_history totals survive ring-buffer eviction0.000 s: pipeline_memory_history totals survive ring-buffer eviction

[2590/3108] (83%): pipeline_memory_history excludes failed tasks from the output/input ratio0.000 s: pipeline_memory_history excludes failed tasks from the output/input ratio

[2591/3108] (83%): pipeline_memory_history excludes resumed tasks from the output/input ratio0.000 s: pipeline_memory_history excludes resumed tasks from the output/input ratio

[2592/3108] (83%): data_size_estimator: a finished pipeline reports its exact recorded output0.000 s: data_size_estimator: a finished pipeline reports its exact recorded output

[2593/3108] (83%): data_size_estimator: a finished pipeline whose tasks recorded nothing is unknown0.000 s: data_size_estimator: a finished pipeline whose tasks recorded nothing is unknown

[2594/3108] (83%): data_size_estimator: a finished pipeline that never created a task is exactly zero0.000 s: data_size_estimator: a finished pipeline that never created a task is exactly zero

[2595/3108] (83%): data_size_estimator: a finished pipeline counts output from zero-basis tasks0.000 s: data_size_estimator: a finished pipeline counts output from zero-basis tasks

[2596/3108] (83%): data_size_estimator: a finished pipeline that emitted nothing reports zero, exactly0.000 s: data_size_estimator: a finished pipeline that emitted nothing reports zero, exactly

[2597/3108] (83%): data_size_estimator: an unfinished leaf scales its known total by the measured ratio0.000 s: data_size_estimator: an unfinished leaf scales its known total by the measured ratio

[2598/3108] (83%): data_size_estimator: no ratio yet means no estimate, unless unit ratio is allowed0.000 s: data_size_estimator: no ratio yet means no estimate, unless unit ratio is allowed

[2599/3108] (83%): data_size_estimator: a substituted unit ratio claims no measured support0.000 s: data_size_estimator: a substituted unit ratio claims no measured support

[2600/3108] (83%): data_size_estimator: a single-input ratio from too few tasks is not trusted0.000 s: data_size_estimator: a single-input ratio from too few tasks is not trusted

[2601/3108] (83%): data_size_estimator: a source that knows nothing yields no estimate0.000 s: data_size_estimator: a source that knows nothing yields no estimate

[2602/3108] (83%): data_size_estimator: an output-level source total bypasses the pipeline ratio0.000 s: data_size_estimator: an output-level source total bypasses the pipeline ratio

[2603/3108] (83%): data_size_estimator: an output-level source total is unusable when operators follow it0.000 s: data_size_estimator: an output-level source total is unusable when operators follow it

[2604/3108] (83%): data_size_estimator: a capped pipeline is not extrapolated while unfinished0.000 s: data_size_estimator: a capped pipeline is not extrapolated while unfinished

[2605/3108] (83%): data_size_estimator: a finished capped pipeline still reports its measured output0.000 s: data_size_estimator: a finished capped pipeline still reports its measured output

[2606/3108] (83%): data_size_estimator: a cap anywhere in the chain stops the walk0.000 s: data_size_estimator: a cap anywhere in the chain stops the walk

[2607/3108] (83%): data_size_estimator: a cardinality projection never falls below bytes emitted0.000 s: a cardinality above what is emitted projects normally
0.000 s: data_size_estimator: a cardinality projection never falls below bytes emitted
0.000 s: a cardinality below the rows already emitted is floored at the observed bytes
0.000 s: data_size_estimator: a cardinality projection never falls below bytes emitted
0.000 s: a zero cardinality does not claim the scan emits nothing
0.000 s: data_size_estimator: a cardinality projection never falls below bytes emitted
0.000 s: no measurement yet yields no projection
0.000 s: data_size_estimator: a cardinality projection never falls below bytes emitted
0.000 s: an unrepresentable product yields no projection rather than a wrapped one
0.000 s: data_size_estimator: a cardinality projection never falls below bytes emitted

[2608/3108] (83%): data_size_estimator: a measured anchor is not marked planner-derived0.000 s: data_size_estimator: a measured anchor is not marked planner-derived

[2609/3108] (83%): data_size_estimator: planner provenance survives a downstream ratio0.000 s: data_size_estimator: planner provenance survives a downstream ratio

[2610/3108] (83%): data_size_estimator: a projection never falls below the bytes already emitted0.000 s: data_size_estimator: a projection never falls below the bytes already emitted

[2611/3108] (84%): data_size_estimator: ratios compose along a multi-hop chain0.000 s: data_size_estimator: ratios compose along a multi-hop chain

[2612/3108] (84%): data_size_estimator: the walk stops at the first finished pipeline0.000 s: data_size_estimator: the walk stops at the first finished pipeline

[2613/3108] (84%): data_size_estimator: a fan-in that nominates no primary port yields no estimate0.000 s: data_size_estimator: a fan-in that nominates no primary port yields no estimate

[2614/3108] (84%): data_size_estimator: a fan-in with no consumed primary bytes yields no estimate0.000 s: data_size_estimator: a fan-in with no consumed primary bytes yields no estimate

[2615/3108] (84%): data_size_estimator: a fan-in scales the primary upstream by output-per-primary-byte0.000 s: data_size_estimator: a fan-in scales the primary upstream by output-per-primary-byte

[2616/3108] (84%): data_size_estimator: a fan-in projection never falls below the bytes already emitted0.000 s: data_size_estimator: a fan-in projection never falls below the bytes already emitted

[2617/3108] (84%): data_size_estimator: planner provenance survives a fan-in hop0.000 s: data_size_estimator: planner provenance survives a fan-in hop

[2618/3108] (84%): data_size_estimator: a fan-in samples its numerator before its denominator0.000 s: data_size_estimator: a fan-in samples its numerator before its denominator

[2619/3108] (84%): data_size_estimator: a fan-in with too few completed tasks yields no estimate0.000 s: data_size_estimator: a fan-in with too few completed tasks yields no estimate

[2620/3108] (84%): data_size_estimator: a fan-in is withheld while probe tasks are in flight0.000 s: data_size_estimator: a fan-in is withheld while probe tasks are in flight

[2621/3108] (84%): data_size_estimator: a fan-in rejects a task racing the ratio reads0.000 s: data_size_estimator: a fan-in rejects a task racing the ratio reads

[2622/3108] (84%): data_size_estimator: a zero fan-in floor still requires completed output0.000 s: data_size_estimator: a zero fan-in floor still requires completed output

[2623/3108] (84%): data_size_estimator: a projection that would overflow is reported as unknown0.000 s: data_size_estimator: a projection that would overflow is reported as unknown

[2624/3108] (84%): data_size_estimator: ratio_samples reports the weakest ratio in the chain0.000 s: data_size_estimator: ratio_samples reports the weakest ratio in the chain

[2625/3108] (84%): data_size_estimator: a fan-in ignores the non-primary side entirely0.000 s: data_size_estimator: a fan-in ignores the non-primary side entirely

[2626/3108] (84%): data_size_estimator: a fan-in whose primary upstream is unknown yields no estimate0.000 s: data_size_estimator: a fan-in whose primary upstream is unknown yields no estimate

[2627/3108] (84%): data_size_estimator: max_hops bounds the upstream walk0.000 s: data_size_estimator: max_hops bounds the upstream walk

[2628/3108] (84%): data_size_estimator: unknown and dependency-only ports yield no estimate0.000 s: data_size_estimator: unknown and dependency-only ports yield no estimate

[2629/3108] (84%): materialization peak classifies Simpatico compression by representation type0.036 s: materialization peak classifies Simpatico compression by representation type

[2630/3108] (84%): pipeline memory history clamps extrapolated estimates0.000 s: ordinary estimates preserve ratio scaling
0.000 s: pipeline memory history clamps extrapolated estimates
0.000 s: huge peak ratios saturate at size max
0.000 s: pipeline memory history clamps extrapolated estimates

[2631/3108] (84%): gpu pipeline reservation estimates saturate instead of wrapping0.000 s: default operator multiplication saturates
0.000 s: gpu pipeline reservation estimates saturate instead of wrapping
0.035 s: history peak plus materialization saturates
0.035 s: gpu pipeline reservation estimates saturate instead of wrapping
0.034 s: reported representation sizes saturate before reservation arithmetic
0.035 s: gpu pipeline reservation estimates saturate instead of wrapping

[2632/3108] (84%): cached scan input materialization contributes to task reservations0.000 s: HOST-cached input adds its upload size
0.040 s: cached scan input materialization contributes to task reservations
0.000 s: HOST-cached COMPRESSED input accounts for staged payload
0.044 s: cached scan input materialization contributes to task reservations
0.000 s: GPU-cached input does not add an upload size
0.122 s: cached scan input materialization contributes to task reservations
0.000 s: history includes an exact carrier-conversion destination
0.037 s: cached scan input materialization contributes to task reservations
0.000 s: history uses the conservative carrier-conversion bound when destination is unknown
0.037 s: cached scan input materialization contributes to task reservations

[2633/3108] (84%): scan working set is a lower bound for history-based reservations0.000 s: scan working set is a lower bound for history-based reservations

[2634/3108] (84%): gpu_pipeline_task execute OOM in lock_or_prepare_batch records to pipeline memory history0.170 s: gpu_pipeline_task execute OOM in lock_or_prepare_batch records to pipeline memory history

[2635/3108] (84%): gpu_pipeline_task execute OOM in operator execute records to pipeline memory history0.173 s: gpu_pipeline_task execute OOM in operator execute records to pipeline memory history

[2636/3108] (84%): gpu_pipeline_task resumed at the sink sentinel restores and publishes once0.038 s: gpu_pipeline_task resumed at the sink sentinel restores and publishes once

[2637/3108] (84%): gpu_pipeline_task sink OOM propagates without rescheduling0.170 s: gpu_pipeline_task sink OOM propagates without rescheduling

[2638/3108] (84%): gpu_pipeline_task execute successfully records to pipeline memory history0.048 s: gpu_pipeline_task execute successfully records to pipeline memory history

[2639/3108] (84%): record_on_failure deduplicates OOM records and keeps max peak0.065 s: record_on_failure deduplicates OOM records and keeps max peak

[2640/3108] (84%): retry reservation floor grows and survives reschedule0.000 s: retry reservation floor grows and survives reschedule

[2641/3108] (84%): DISK->GPU round-trip conversion via converter registry0.053 s: DISK->GPU round-trip conversion via converter registry

[2642/3108] (85%): DISK->GPU conversion preserves data correctness0.053 s: DISK->GPU conversion preserves data correctness

[2643/3108] (85%): yields nothing when no sink is set0.000 s: yields nothing when no sink is set

[2644/3108] (85%): returns sink ports for standard (non-delim) sink0.000 s: returns sink ports for standard (non-delim) sink

[2645/3108] (85%): yields nothing for standard sink with no ports0.000 s: yields nothing for standard sink with no ports

[2646/3108] (85%): RIGHT_DELIM_JOIN: returns its own fan-out ports0.000 s: RIGHT_DELIM_JOIN: returns its own fan-out ports

[2647/3108] (85%): LEFT_DELIM_JOIN: returns its own fan-out ports0.000 s: LEFT_DELIM_JOIN: returns its own fan-out ports

[2648/3108] (85%): merge pipeline fusion folds terminal GROUP BY and TOP_N into the collector0.001 s: GROUP BY
0.004 s: merge pipeline fusion folds terminal GROUP BY and TOP_N into the collector
0.001 s: TOP_N
0.001 s: merge pipeline fusion folds terminal GROUP BY and TOP_N into the collector

[2649/3108] (85%): merge pipeline fusion flag restores the merge boundary0.001 s: GROUP BY
0.001 s: merge pipeline fusion flag restores the merge boundary
0.001 s: TOP_N
0.001 s: merge pipeline fusion flag restores the merge boundary

[2650/3108] (85%): merge pipeline fusion setting is scoped per-connection (no cross-connection leak)0.002 s: merge pipeline fusion setting is scoped per-connection (no cross-connection leak)

[2651/3108] (85%): merge pipeline fusion excludes ungrouped aggregate and join terminals0.001 s: UNGROUPED_AGGREGATE
0.001 s: merge pipeline fusion excludes ungrouped aggregate and join terminals
0.001 s: HASH_JOIN
0.001 s: merge pipeline fusion excludes ungrouped aggregate and join terminals
0.001 s: CTE body GROUP BY does not fuse into the CTE sink
0.001 s: merge pipeline fusion excludes ungrouped aggregate and join terminals

[2652/3108] (85%): merge pipeline fusion into structural sinks (ORDER_BY / TOP_N / nested GROUP BY)0.001 s: ORDER BY after GROUP BY fuses MERGE_GROUP_BY into ORDER_BY
0.001 s: merge pipeline fusion into structural sinks (ORDER_BY / TOP_N / nested GROUP BY)
0.001 s: TOP_N after GROUP BY fuses MERGE_GROUP_BY into TOP_N
0.001 s: merge pipeline fusion into structural sinks (ORDER_BY / TOP_N / nested GROUP BY)
0.001 s: nested HASH_GROUP_BY fuses inner MERGE_GROUP_BY into outer HASH_GROUP_BY
0.002 s: merge pipeline fusion into structural sinks (ORDER_BY / TOP_N / nested GROUP BY)

[2653/3108] (85%): merge pipeline fusion preserves query results0.006 s: terminal GROUP BY
0.007 s: merge pipeline fusion preserves query results
0.005 s: terminal TOP_N
0.006 s: merge pipeline fusion preserves query results
0.008 s: GROUP BY into ORDER BY
0.009 s: merge pipeline fusion preserves query results
0.008 s: GROUP BY into TOP_N
0.009 s: merge pipeline fusion preserves query results
0.006 s: nested GROUP BY
0.007 s: merge pipeline fusion preserves query results

[2654/3108] (85%): PARTITION build_pipelines - join partitions promote their child and route to CONCAT0.001 s: PARTITION build_pipelines - join partitions promote their child and route to CONCAT

[2655/3108] (85%): PARTITION build_pipelines - non-leaf build subtree still terminates at the promoted child0.001 s: PARTITION build_pipelines - non-leaf build subtree still terminates at the promoted child

[2656/3108] (85%): PARTITION build_pipelines - aggregate fanout partition uses a FULL barrier0.001 s: PARTITION build_pipelines - aggregate fanout partition uses a FULL barrier

[2657/3108] (85%): Engine pipeline context derives GPU count from configured device ids0.000 s: Engine pipeline context derives GPU count from configured device ids

[2658/3108] (85%): Engine pipeline context rejects an empty configured GPU set0.000 s: Engine pipeline context rejects an empty configured GPU set

[2659/3108] (85%): Pipeline context retains explicit GPU counts for engine-free tests0.000 s: Pipeline context retains explicit GPU counts for engine-free tests

[2660/3108] (85%): Pipeline context copies share immutable query policy and LIKE cache0.000 s: Pipeline context copies share immutable query policy and LIKE cache

[2661/3108] (85%): duckdb-native scans consume dynamic filters0.001 s: join over native tables wraps the probe scan in a DYNAMIC_FILTER
0.003 s: duckdb-native scans consume dynamic filters
0.001 s: a single-table native scan carries no DYNAMIC_FILTER
0.001 s: duckdb-native scans consume dynamic filters
0.001 s: the switch elides the operator
0.002 s: duckdb-native scans consume dynamic filters

[2662/3108] (85%): the dynamic-filter endpoint is never fed partitioned data0.001 s: the dynamic-filter endpoint is never fed partitioned data

[2663/3108] (85%): dynamic-filter endpoints obey the data contract on SIP-shaped plans0.006 s: Q5: the feature wires endpoints, and every endpoint obeys the data contract
0.007 s: dynamic-filter endpoints obey the data contract on SIP-shaped plans
0.002 s: Q3-shaped: every endpoint below the GROUP BY wrapper obeys the contract
0.002 s: dynamic-filter endpoints obey the data contract on SIP-shaped plans

[2664/3108] (85%): pipeline schedule is strictly topological and deterministic0.004 s: q1
0.005 s: pipeline schedule is strictly topological and deterministic
0.006 s: q2
0.006 s: pipeline schedule is strictly topological and deterministic
0.004 s: q3
0.004 s: pipeline schedule is strictly topological and deterministic
0.004 s: q4
0.004 s: pipeline schedule is strictly topological and deterministic
0.005 s: q5
0.006 s: pipeline schedule is strictly topological and deterministic
0.003 s: q6
0.003 s: pipeline schedule is strictly topological and deterministic
0.006 s: q7
0.007 s: pipeline schedule is strictly topological and deterministic
0.006 s: q8
0.007 s: pipeline schedule is strictly topological and deterministic
0.005 s: q9
0.006 s: pipeline schedule is strictly topological and deterministic
0.004 s: q10
0.005 s: pipeline schedule is strictly topological and deterministic
0.005 s: q11
0.005 s: pipeline schedule is strictly topological and deterministic
0.004 s: q12
0.004 s: pipeline schedule is strictly topological and deterministic
0.003 s: q13
0.004 s: pipeline schedule is strictly topological and deterministic
0.003 s: q14
0.004 s: pipeline schedule is strictly topological and deterministic
0.004 s: q15
0.004 s: pipeline schedule is strictly topological and deterministic
0.004 s: q16
0.005 s: pipeline schedule is strictly topological and deterministic
0.004 s: q17
0.005 s: pipeline schedule is strictly topological and deterministic
0.004 s: q18
0.004 s: pipeline schedule is strictly topological and deterministic
0.006 s: q19
0.006 s: pipeline schedule is strictly topological and deterministic
0.005 s: q20
0.005 s: pipeline schedule is strictly topological and deterministic
0.006 s: q21
0.006 s: pipeline schedule is strictly topological and deterministic
0.005 s: q22
0.006 s: pipeline schedule is strictly topological and deterministic

[2665/3108] (85%): parquet pipeline schedule is strictly topological and deterministic0.005 s: q1
0.012 s: parquet pipeline schedule is strictly topological and deterministic
0.015 s: q2
0.019 s: parquet pipeline schedule is strictly topological and deterministic
0.007 s: q3
0.012 s: parquet pipeline schedule is strictly topological and deterministic
0.006 s: q4
0.010 s: parquet pipeline schedule is strictly topological and deterministic
0.012 s: q5
0.016 s: parquet pipeline schedule is strictly topological and deterministic
0.004 s: q6
0.008 s: parquet pipeline schedule is strictly topological and deterministic
0.013 s: q7
0.016 s: parquet pipeline schedule is strictly topological and deterministic
0.015 s: q8
0.019 s: parquet pipeline schedule is strictly topological and deterministic
0.012 s: q9
0.016 s: parquet pipeline schedule is strictly topological and deterministic
0.009 s: q10
0.013 s: parquet pipeline schedule is strictly topological and deterministic
0.010 s: q11
0.013 s: parquet pipeline schedule is strictly topological and deterministic
0.007 s: q12
0.011 s: parquet pipeline schedule is strictly topological and deterministic
0.005 s: q13
0.009 s: parquet pipeline schedule is strictly topological and deterministic
0.006 s: q14
0.010 s: parquet pipeline schedule is strictly topological and deterministic
0.007 s: q15
0.011 s: parquet pipeline schedule is strictly topological and deterministic
0.007 s: q16
0.011 s: parquet pipeline schedule is strictly topological and deterministic
0.009 s: q17
0.012 s: parquet pipeline schedule is strictly topological and deterministic
0.009 s: q18
0.014 s: parquet pipeline schedule is strictly topological and deterministic
0.008 s: q19
0.012 s: parquet pipeline schedule is strictly topological and deterministic
0.011 s: q20
0.015 s: parquet pipeline schedule is strictly topological and deterministic
0.014 s: q21
0.017 s: parquet pipeline schedule is strictly topological and deterministic
0.008 s: q22
0.012 s: parquet pipeline schedule is strictly topological and deterministic

[2666/3108] (85%): hive-partitioned parquet pipeline schedule is strictly topological and deterministic0.010 s: basic_scan_with_partition_columns
0.010 s: hive-partitioned parquet pipeline schedule is strictly topological and deterministic
0.008 s: filter_on_data_column
0.008 s: hive-partitioned parquet pipeline schedule is strictly topological and deterministic
0.008 s: filter_on_partition_column
0.008 s: hive-partitioned parquet pipeline schedule is strictly topological and deterministic
0.008 s: group_by_partition_column
0.008 s: hive-partitioned parquet pipeline schedule is strictly topological and deterministic
0.008 s: reversed_column_order
0.008 s: hive-partitioned parquet pipeline schedule is strictly topological and deterministic
0.008 s: aggregation_on_data_column
0.008 s: hive-partitioned parquet pipeline schedule is strictly topological and deterministic

[2667/3108] (85%): render_pipelines returns non-empty string for simple query0.448 s: render_pipelines returns non-empty string for simple query

[2668/3108] (85%): render_pipelines shows operator chain for each pipeline0.476 s: render_pipelines shows operator chain for each pipeline

[2669/3108] (85%): render_dag returns non-empty string with box-drawing chars0.507 s: render_dag returns non-empty string with box-drawing chars

[2670/3108] (85%): render_dag contains RESULT_COLLECTOR as root0.549 s: render_dag contains RESULT_COLLECTOR as root

[2671/3108] (85%): render combines both views0.445 s: render combines both views

[2672/3108] (85%): render_pipelines with projection query0.447 s: render_pipelines with projection query

[2673/3108] (86%): render handles various simple queries without crash0.576 s: render handles various simple queries without crash

[2674/3108] (86%): barrier_type_to_string and build_operator_chain static methods0.480 s: barrier_type_to_string and build_operator_chain static methods

[2675/3108] (86%): operator IDs appear in pipeline overview0.556 s: operator IDs appear in pipeline overview

[2676/3108] (86%): operator IDs appear in DAG view0.450 s: operator IDs appear in DAG view

[2677/3108] (86%): same operator ID appears in both views0.639 s: same operator ID appears in both views

[2678/3108] (86%): enriched operator details show scan function name0.485 s: enriched operator details show scan function name

[2679/3108] (86%): non-enrichable operators show name only0.580 s: non-enrichable operators show name only

[2680/3108] (86%): connection labels show port names as role labels0.523 s: connection labels show port names as role labels

[2681/3108] (86%): materialize: basic 4-arg-style wiring attaches port and records sink fanout0.000 s: materialize: basic 4-arg-style wiring attaches port and records sink fanout

[2682/3108] (86%): materialize: empty operators routes port onto destination sink0.000 s: materialize: empty operators routes port onto destination sink

[2683/3108] (86%): materialize: explicit source op (5-arg-style) records fanout on the sub-operator0.000 s: materialize: explicit source op (5-arg-style) records fanout on the sub-operator

[2684/3108] (86%): materialize: multiple wirings to the same destination attach distinct ports0.000 s: materialize: multiple wirings to the same destination attach distinct ports

[2685/3108] (86%): materialize: delim join destinations use the generic path with no sibling side effects0.000 s: materialize: delim join destinations use the generic path with no sibling side effects

[2686/3108] (86%): SINKROOT-1: a streaming-sink-rooted plan initializes0.003 s: SINKROOT-1: a streaming-sink-rooted plan initializes

[2687/3108] (86%): SINKROOT-2: the streaming sink reaches a pipeline's operators0.001 s: SINKROOT-2: the streaming sink reaches a pipeline's operators

[2688/3108] (86%): SINKROOT-3: a partitioned sink root keeps its fan-out0.001 s: SINKROOT-3: a partitioned sink root keeps its fan-out

[2689/3108] (86%): SINKROOT-4: a sink-rooted plan actually produces batches0.002 s: SINKROOT-4: a sink-rooted plan actually produces batches

[2690/3108] (86%): Task scheduler can start and stop gracefully0.050 s: Task scheduler can start and stop gracefully

[2691/3108] (86%): Task scheduler derives GPU executor affinity from topology0.049 s: Task scheduler derives GPU executor affinity from topology

[2692/3108] (86%): Task scheduler executes tasks through pipeline_queue0.076 s: Task scheduler executes tasks through pipeline_queue

[2693/3108] (86%): Task queue handles empty queue gracefully0.140 s: Task queue handles empty queue gracefully

[2694/3108] (86%): Tasks extracted and RAII-returned while executors are parked still run0.556 s: Tasks extracted and RAII-returned while executors are parked still run

[2695/3108] (86%): Task scheduler dispatches tasks with device preference-------------------------------------------------------------------------------
Task scheduler dispatches tasks with device preference
-------------------------------------------------------------------------------
/home/prestouser/aocsa/sirius-stacks-wt/fix-oom-failfast/test/cpp/pipeline/test_task_scheduler.cpp:253
...............................................................................

/home/prestouser/aocsa/sirius-stacks-wt/fix-oom-failfast/test/cpp/pipeline/test_task_scheduler.cpp:261: warning:
  Task scheduler device-preference test requires >=2 GPUs; single-GPU host —
  skipping

0.000 s: Task scheduler dispatches tasks with device preference

[2696/3108] (86%): cache_entry_info: parquet subset request hits with a gather projection0.000 s: cache_entry_info: parquet subset request hits with a gather projection

[2697/3108] (86%): cache_entry_info: parquet exact match hits with identity projection (files unordered)0.000 s: cache_entry_info: parquet exact match hits with identity projection (files unordered)

[2698/3108] (86%): cache_entry_info: parquet superset request misses (a column was not pinned)0.000 s: cache_entry_info: parquet superset request misses (a column was not pinned)

[2699/3108] (86%): cache_entry_info: parquet different file set misses0.000 s: cache_entry_info: parquet different file set misses

[2700/3108] (86%): cache_entry_info: duckdb same-table subset request hits with a gather projection0.000 s: cache_entry_info: duckdb same-table subset request hits with a gather projection

[2701/3108] (86%): cache_entry_info: duckdb different name component or superset misses0.000 s: cache_entry_info: duckdb different name component or superset misses

[2702/3108] (86%): cache_entry_info: a different ingestible format never matches0.000 s: cache_entry_info: a different ingestible format never matches

[2703/3108] (86%): cache_entry_info: matches_duckdb_table is the shared identity matcher0.000 s: cache_entry_info: matches_duckdb_table is the shared identity matcher

[2704/3108] (87%): cache_entry_info: matches_parquet_files is the shared parquet identity matcher0.000 s: cache_entry_info: matches_parquet_files is the shared parquet identity matcher

[2705/3108] (87%): cache_entry_info: matches_parquet_file_set classifies exact, subset, and miss0.000 s: cache_entry_info: matches_parquet_file_set classifies exact, subset, and miss

[2706/3108] (87%): cache_entry_info: matches_parquet_files canonicalizes the probe's spellings0.000 s: cache_entry_info: matches_parquet_files canonicalizes the probe's spellings

[2707/3108] (87%): cache_entry_info: column_projection_for misses on sentinel columns0.000 s: plain subset gathers in the requested order
0.000 s: cache_entry_info: column_projection_for misses on sentinel columns
0.000 s: rowid request misses
0.000 s: cache_entry_info: column_projection_for misses on sentinel columns
0.000 s: field-identifier request misses instead of throwing
0.000 s: cache_entry_info: column_projection_for misses on sentinel columns
0.000 s: missing column misses
0.000 s: cache_entry_info: column_projection_for misses on sentinel columns

[2708/3108] (87%): duckdb_block_payload_offset uses FILE_HEADER_SIZE * 3 as BLOCK_START0.000 s: duckdb_block_payload_offset uses FILE_HEADER_SIZE * 3 as BLOCK_START

[2709/3108] (87%): duckdb_block_payload_offset matches BufferManager::Pin pointer0.035 s: duckdb_block_payload_offset matches BufferManager::Pin pointer

[2710/3108] (87%): duckdb_block_payload_offset advances by block_size+header per block0.032 s: duckdb_block_payload_offset advances by block_size+header per block

[2711/3108] (87%): insert delta: capture boundary math and transient segment lanes0.089 s: insert delta: capture boundary math and transient segment lanes

[2712/3108] (87%): insert delta: visibility counting matches the rowid oracle0.081 s: insert delta: visibility counting matches the rowid oracle

[2713/3108] (87%): insert delta: an older snapshot cannot see newer committed rows0.080 s: insert delta: an older snapshot cannot see newer committed rows

[2714/3108] (87%): insert delta: transient staging copies are byte-exact0.077 s: insert delta: transient staging copies are byte-exact

[2715/3108] (87%): insert delta: bulk-flushed appends keep persistent block references0.041 s: insert delta: bulk-flushed appends keep persistent block references

[2716/3108] (87%): insert delta: bulk constant inserts capture blockless CONSTANT segments0.139 s: insert delta: bulk constant inserts capture blockless CONSTANT segments

[2717/3108] (87%): insert delta: all-NULL constant validity is captured, not skipped0.041 s: insert delta: all-NULL constant validity is captured, not skipped

[2718/3108] (87%): insert delta: appends into the boundary row group are captured0.038 s: insert delta: appends into the boundary row group are captured

[2719/3108] (87%): insert delta: range capture merges to the serial plan0.184 s: insert delta: range capture merges to the serial plan

[2720/3108] (87%): insert delta: no delta means an empty plan0.031 s: insert delta: no delta means an empty plan

[2721/3108] (87%): mvcc visibility: clean table is all-visible with zero version state0.066 s: mvcc visibility: clean table is all-visible with zero version state

[2722/3108] (87%): mvcc visibility: deletes straddling vector, row-group, and word boundaries0.002 s: one row group per chunk
0.042 s: mvcc visibility: deletes straddling vector, row-group, and word boundaries
0.002 s: two row groups per chunk (multi-row-group slice offsets)
0.044 s: mvcc visibility: deletes straddling vector, row-group, and word boundaries

[2723/3108] (87%): mvcc visibility: fully-deleted vector and untouched sibling chunks0.074 s: mvcc visibility: fully-deleted vector and untouched sibling chunks

[2724/3108] (87%): mvcc visibility: own-transaction deletes are honored and rollback restores0.035 s: mvcc visibility: own-transaction deletes are honored and rollback restores

[2725/3108] (87%): mvcc visibility: pin-coverage clamp under post-metadata appends0.046 s: mvcc visibility: pin-coverage clamp under post-metadata appends

[2726/3108] (87%): mvcc visibility: capture validation throws on impossible states0.000 s: query snapshot older than the pin snapshot
0.037 s: mvcc visibility: capture validation throws on impossible states
0.000 s: chunk boundary off a row-group boundary
0.037 s: mvcc visibility: capture validation throws on impossible states
0.000 s: pinned prefix beyond the live rows
0.037 s: mvcc visibility: capture validation throws on impossible states

[2727/3108] (87%): mvcc visibility: persisted tombstones load through a reopened database0.074 s: mvcc visibility: persisted tombstones load through a reopened database

[2728/3108] (87%): mvcc visibility: fused check on a reopened table takes the probe-clean fast path0.001 s: uncommitted delete
0.068 s: mvcc visibility: fused check on a reopened table takes the probe-clean fast path
0.001 s: committed delete
0.064 s: mvcc visibility: fused check on a reopened table takes the probe-clean fast path

[2729/3108] (87%): mvcc visibility: any_update_chains flags updated columns only0.034 s: mvcc visibility: any_update_chains flags updated columns only

[2730/3108] (87%): mvcc visibility: update-chain prefix covers post-pin row groups0.063 s: mvcc visibility: update-chain prefix covers post-pin row groups

[2731/3108] (87%): mvcc visibility: any_uncheckpointed_appends flags transient segments only0.120 s: mvcc visibility: any_uncheckpointed_appends flags transient segments only

[2732/3108] (87%): mvcc visibility: checkpoint-grown row groups fill at unaligned offsets0.041 s: mvcc visibility: checkpoint-grown row groups fill at unaligned offsets

[2733/3108] (87%): mvcc visibility: fused native-read check is precise where the probe is conservative0.045 s: mvcc visibility: fused native-read check is precise where the probe is conservative

[2734/3108] (87%): mvcc visibility: fused native-read check tracks foreign commits and update chains0.038 s: mvcc visibility: fused native-read check tracks foreign commits and update chains

[2735/3108] (87%): batch_coalescer with no caps yields a single batch0.000 s: batch_coalescer with no caps yields a single batch

[2736/3108] (88%): batch_coalescer splits on the total decoded-byte cap with one tail0.000 s: batch_coalescer splits on the total decoded-byte cap with one tail

[2737/3108] (88%): batch_coalescer keeps an over-cap row group as its own singleton batch0.000 s: batch_coalescer keeps an over-cap row group as its own singleton batch

[2738/3108] (88%): batch_coalescer splits on the per-varchar-column cudf int32 cap0.000 s: batch_coalescer splits on the per-varchar-column cudf int32 cap

[2739/3108] (88%): batch_coalescer drops empty row groups0.000 s: batch_coalescer drops empty row groups

[2740/3108] (88%): batch_coalescer with only empty row groups yields no batches0.000 s: batch_coalescer with only empty row groups yields no batches

[2741/3108] (88%): batch_coalescer preserves total row-group count across the split0.000 s: batch_coalescer preserves total row-group count across the split

[2742/3108] (88%): empty split with an ARRAY projection decodes to a 0-row LIST column0.047 s: empty split with an ARRAY projection decodes to a 0-row LIST column

[2743/3108] (88%): empty split preserves rowid, ARRAY, and scalar projection order0.046 s: empty split preserves rowid, ARRAY, and scalar projection order

[2744/3108] (88%): all-pruned split stays viable and decodes to a 0-row table0.082 s: all-pruned split stays viable and decodes to a 0-row table

[2745/3108] (88%): host-backed decode matches SQL with zero file reads0.003 s: delta descriptor shape: block ids cleared, null datasource
0.154 s: host-backed decode matches SQL with zero file reads
0.003 s: host_ptr takes precedence over a still-valid block_id
0.153 s: host-backed decode matches SQL with zero file reads

[2746/3108] (88%): file reads staged without a datasource throw loudly0.082 s: file reads staged without a datasource throw loudly

[2747/3108] (88%): materialize_table applies the mvcc keep-mask to metadata splits0.001 s: kept rows survive, dropped rows disappear
0.153 s: materialize_table applies the mvcc keep-mask to metadata splits
0.001 s: row-count mismatch throws
0.262 s: materialize_table applies the mvcc keep-mask to metadata splits

[2748/3108] (88%): walker refuses varchar containing overflow-length strings0.034 s: walker refuses varchar containing overflow-length strings

[2749/3108] (88%): walker refuses varchar exactly at the overflow limit0.038 s: walker refuses varchar exactly at the overflow limit

[2750/3108] (88%): walker accepts varchar below the overflow limit0.035 s: walker accepts varchar below the overflow limit

[2751/3108] (88%): walker marks all-NULL constant validity and snapshots constant stats0.031 s: walker marks all-NULL constant validity and snapshots constant stats

[2752/3108] (88%): walker marks all-NULL constant validity on ARRAY trees0.032 s: walker marks all-NULL constant validity on ARRAY trees

[2753/3108] (88%): merge_dynamic_filters_into_ast returns existing_root unchanged for an empty set0.000 s: merge_dynamic_filters_into_ast returns existing_root unchanged for an empty set

[2754/3108] (88%): merge_dynamic_filters_into_ast returns nullptr when existing_root is null and set empty0.000 s: merge_dynamic_filters_into_ast returns nullptr when existing_root is null and set empty

[2755/3108] (88%): merge_dynamic_filters_into_ast builds a dynamic-only tree from one filter0.000 s: merge_dynamic_filters_into_ast builds a dynamic-only tree from one filter

[2756/3108] (88%): merge_dynamic_filters_into_ast AND-conjoins dynamic fragment with existing_root0.000 s: merge_dynamic_filters_into_ast AND-conjoins dynamic fragment with existing_root

[2757/3108] (88%): merge_dynamic_filters_into_ast skips hive-partition columns0.000 s: merge_dynamic_filters_into_ast skips hive-partition columns

[2758/3108] (88%): merge_dynamic_filters_into_ast skips filters lacking the AST capability0.000 s: merge_dynamic_filters_into_ast skips filters lacking the AST capability

[2759/3108] (88%): merge_dynamic_filters_into_ast AND-conjoins multiple filters across columns0.000 s: merge_dynamic_filters_into_ast AND-conjoins multiple filters across columns

[2760/3108] (88%): merge_dynamic_filters_into_ast AND-conjoins multiple filters on the same column0.000 s: merge_dynamic_filters_into_ast AND-conjoins multiple filters on the same column

[2761/3108] (88%): merge_dynamic_filters_into_ast ignores out-of-range col_idx defensively0.000 s: merge_dynamic_filters_into_ast ignores out-of-range col_idx defensively

[2762/3108] (88%): apply_dynamic_filters_to_view drops rows outside the zone0.000 s: apply_dynamic_filters_to_view drops rows outside the zone

[2763/3108] (88%): apply_dynamic_filters_to_view honors an exclusive upper bound [lo, hi)0.000 s: apply_dynamic_filters_to_view honors an exclusive upper bound [lo, hi)

[2764/3108] (88%): apply_dynamic_filters_to_view honors an exclusive lower bound (lo, hi]0.000 s: apply_dynamic_filters_to_view honors an exclusive lower bound (lo, hi]

[2765/3108] (88%): zone-map-only filter from a device reduce keeps a correct superset (no false negative)0.000 s: zone-map-only filter from a device reduce keeps a correct superset (no false negative)

[2766/3108] (88%): apply_dynamic_filters_to_view returns nullptr for an empty channel0.000 s: apply_dynamic_filters_to_view returns nullptr for an empty channel

[2767/3108] (89%): sirius_dynamic_filter_set ignore_columns drops filters for ignored columns0.000 s: sirius_dynamic_filter_set ignore_columns drops filters for ignored columns

[2768/3108] (89%): apply_dynamic_filters_to_view AND-conjoins multiple zone filters on a column0.000 s: apply_dynamic_filters_to_view AND-conjoins multiple zone filters on a column

[2769/3108] (89%): sirius_dynamic_in_list_filter keeps exactly the rows whose key is a build key0.000 s: sirius_dynamic_in_list_filter keeps exactly the rows whose key is a build key

[2770/3108] (89%): sirius_dynamic_in_list_filter INT64 path uses a persistent set and probes repeatedly0.000 s: sirius_dynamic_in_list_filter INT64 path uses a persistent set and probes repeatedly

[2771/3108] (89%): sirius_dynamic_bloom_filter never drops a true match (no false negatives)0.001 s: sirius_dynamic_bloom_filter never drops a true match (no false negatives)

[2772/3108] (89%): sirius_dynamic_in_list_filter supports INT32 keys exactly0.000 s: sirius_dynamic_in_list_filter supports INT32 keys exactly

[2773/3108] (89%): sirius_dynamic_bloom_filter supports INT32 keys with no false negatives0.000 s: sirius_dynamic_bloom_filter supports INT32 keys with no false negatives

[2774/3108] (89%): sirius_dynamic_bloom_filter excludes null build slots from the key set0.000 s: sirius_dynamic_bloom_filter excludes null build slots from the key set

[2775/3108] (89%): sirius_dynamic_in_list_filter keeps a build key equal to the INT64 sentinel0.000 s: sirius_dynamic_in_list_filter keeps a build key equal to the INT64 sentinel

[2776/3108] (89%): sirius_dynamic_in_list_filter keeps a build key equal to the INT32 sentinel0.000 s: sirius_dynamic_in_list_filter keeps a build key equal to the INT32 sentinel

[2777/3108] (89%): sirius_dynamic_small_in_list_filter keeps exactly the rows whose key is a build key0.000 s: sirius_dynamic_small_in_list_filter keeps exactly the rows whose key is a build key

[2778/3108] (89%): sirius_dynamic_small_in_list_filter supports INT32 keys exactly0.000 s: sirius_dynamic_small_in_list_filter supports INT32 keys exactly

[2779/3108] (89%): sirius_dynamic_small_in_list_filter matches a key equal to INT32_MIN (cuco's sentinel)0.000 s: sirius_dynamic_small_in_list_filter matches a key equal to INT32_MIN (cuco's sentinel)

[2780/3108] (89%): sirius_dynamic_small_in_list_filter: kind, size, capabilities, and supports gate0.000 s: sirius_dynamic_small_in_list_filter: kind, size, capabilities, and supports gate

[2781/3108] (89%): apply_dynamic_filters_to_view returns nullptr when no filter contributes0.000 s: apply_dynamic_filters_to_view returns nullptr when no filter contributes

[2782/3108] (89%): apply_dynamic_filters_to_view gathers survivors without consuming the input0.000 s: apply_dynamic_filters_to_view gathers survivors without consuming the input

[2783/3108] (89%): dynamic_filter_gate is not applicable before any filter publishes0.000 s: dynamic_filter_gate is not applicable before any filter publishes

[2784/3108] (89%): dynamic_filter_gate disables after an unselective first split0.000 s: dynamic_filter_gate disables after an unselective first split

[2785/3108] (89%): dynamic_filter_gate ignores a device with no local replica0.000 s: dynamic_filter_gate ignores a device with no local replica

[2786/3108] (89%): dynamic_filter_gate re-arms when a filter publishes after the disable decision0.000 s: dynamic_filter_gate re-arms when a filter publishes after the disable decision

[2787/3108] (89%): dynamic_filter_gate stays active once a selective split proves the filter useful0.000 s: dynamic_filter_gate stays active once a selective split proves the filter useful

[2788/3108] (89%): dynamic_filter_gate serializes concurrent stale and re-armed decisions0.004 s: dynamic_filter_gate serializes concurrent stale and re-armed decisions

[2789/3108] (89%): cascaded membership filters produce the conjunction of all filters0.000 s: cascaded membership filters produce the conjunction of all filters

[2790/3108] (89%): per-filter gate measures marginal keep and skips a useless filter on later splits0.000 s: per-filter gate measures marginal keep and skips a useless filter on later splits

[2791/3108] (89%): per-filter gate keeps a dead verdict when the channel grows0.000 s: per-filter gate keeps a dead verdict when the channel grows

[2792/3108] (89%): per-filter gate excludes a dead filter from the re-armed apply without re-running it0.000 s: per-filter gate excludes a dead filter from the re-armed apply without re-running it

[2793/3108] (89%): per-filter gate stales a selective verdict when the channel grows0.000 s: per-filter gate stales a selective verdict when the channel grows

[2794/3108] (89%): gpu_decode_table ALP - single compressed vector, double, factor/exponent ≠ 00.001 s: gpu_decode_table ALP - single compressed vector, double, factor/exponent ≠ 0

[2795/3108] (89%): gpu_decode_table ALP - single compressed vector with exceptions, float0.001 s: gpu_decode_table ALP - single compressed vector with exceptions, float

[2796/3108] (89%): gpu_decode_table ALP - uncompressed-sentinel vector double0.001 s: gpu_decode_table ALP - uncompressed-sentinel vector double

[2797/3108] (89%): gpu_decode_table ALP - multi-vector segment crosses 1024-row boundary0.001 s: gpu_decode_table ALP - multi-vector segment crosses 1024-row boundary

[2798/3108] (90%): gpu_decode_table ALPRD - canonical layout, double0.001 s: gpu_decode_table ALPRD - canonical layout, double

[2799/3108] (90%): gpu_decode_table ALPRD - exception patches left-part bits, double0.001 s: gpu_decode_table ALPRD - exception patches left-part bits, double

[2800/3108] (90%): gpu_decode_table ALPRD - uncompressed-sentinel vector float0.001 s: gpu_decode_table ALPRD - uncompressed-sentinel vector float

[2801/3108] (90%): gpu_decode_table ALP - metadata_end past segment zero-fills0.001 s: gpu_decode_table ALP - metadata_end past segment zero-fills

[2802/3108] (90%): gpu_decode_table ALP - vector pointer below segment header zero-fills0.001 s: gpu_decode_table ALP - vector pointer below segment header zero-fills

[2803/3108] (90%): gpu_decode_table ALP - bit_width > sizeof(T)*8 zero-fills0.001 s: gpu_decode_table ALP - bit_width > sizeof(T)*8 zero-fills

[2804/3108] (90%): gpu_decode_table ALP - exception payload past metadata_end zero-fills0.001 s: gpu_decode_table ALP - exception payload past metadata_end zero-fills

[2805/3108] (90%): gpu_decode_table ALPRD - dict_size > MAX_DICTIONARY_SIZE zero-fills0.001 s: gpu_decode_table ALPRD - dict_size > MAX_DICTIONARY_SIZE zero-fills

[2806/3108] (90%): gpu_decode_table ALP - factor > 18 zero-fills0.001 s: gpu_decode_table ALP - factor > 18 zero-fills

[2807/3108] (90%): gpu_decode_table ALP - exponent > MAX_EXPONENT zero-fills0.001 s: gpu_decode_table ALP - exponent > MAX_EXPONENT zero-fills

[2808/3108] (90%): gpu_decode_table ALP - vector pointer way past metadata_end zero-fills0.001 s: gpu_decode_table ALP - vector pointer way past metadata_end zero-fills

[2809/3108] (90%): gpu_decode_table ALPRD - right_bw > sizeof(T)*8 zero-fills0.001 s: gpu_decode_table ALPRD - right_bw > sizeof(T)*8 zero-fills

[2810/3108] (90%): gpu_decode_table ALP bench-scale - f64 bw=11 verify0.218 s: gpu_decode_table ALP bench-scale - f64 bw=11 verify

[2811/3108] (90%): gpu_decode_table ALP bench-scale - f32 bw=20 verify0.290 s: gpu_decode_table ALP bench-scale - f32 bw=20 verify

[2812/3108] (90%): gpu_decode_table ALPRD bench-scale - f64 r48/l3 verify0.622 s: gpu_decode_table ALPRD bench-scale - f64 r48/l3 verify

[2813/3108] (90%): gpu_decode_table ALP bench-scale - f64 bw=8 verify0.129 s: gpu_decode_table ALP bench-scale - f64 bw=8 verify

[2814/3108] (90%): gpu_decode_table ALP bench-scale - f64 bw=16 verify0.193 s: gpu_decode_table ALP bench-scale - f64 bw=16 verify

[2815/3108] (90%): gpu_decode_table ALP bench-scale - f32 bw=32 verify0.325 s: gpu_decode_table ALP bench-scale - f32 bw=32 verify

[2816/3108] (90%): gpu_decode_table ALPRD bench-scale - f64 r56/l2 verify0.696 s: gpu_decode_table ALPRD bench-scale - f64 r56/l2 verify

[2817/3108] (90%): gpu_decode_table BITPACKING - CONSTANT broadcasts value0.001 s: int32 value 42, 100 rows
0.001 s: gpu_decode_table BITPACKING - CONSTANT broadcasts value
0.001 s: int64 large value, 257 rows (vectorised + scalar tail)
0.001 s: gpu_decode_table BITPACKING - CONSTANT broadcasts value
0.001 s: uint8 0x5A, 200 rows (TPV=16 lanes per int4 broadcast)
0.001 s: gpu_decode_table BITPACKING - CONSTANT broadcasts value

[2818/3108] (90%): gpu_decode_table BITPACKING - CONSTANT_DELTA arithmetic progression0.001 s: int32 frame=10 delta=3, 50 rows
0.001 s: gpu_decode_table BITPACKING - CONSTANT_DELTA arithmetic progression
0.001 s: int64 frame=-1000 delta=7, 1024 rows (full-warp coverage)
0.001 s: gpu_decode_table BITPACKING - CONSTANT_DELTA arithmetic progression

[2819/3108] (90%): gpu_decode_table BITPACKING - FOR unpacks frame + packed deltas0.001 s: int32 width=5, frame=100, 32 rows (one warp)
0.001 s: gpu_decode_table BITPACKING - FOR unpacks frame + packed deltas
0.001 s: int32 width=12, frame=-50, 100 rows (multi-warp, non-aligned tail)
0.001 s: gpu_decode_table BITPACKING - FOR unpacks frame + packed deltas
0.001 s: int64 width=33, 64 rows (3-word unpack path)
0.001 s: gpu_decode_table BITPACKING - FOR unpacks frame + packed deltas
0.001 s: uint16 width=10, 200 rows
0.001 s: gpu_decode_table BITPACKING - FOR unpacks frame + packed deltas
0.001 s: int32 width=1 (smallest non-degenerate width)
0.001 s: gpu_decode_table BITPACKING - FOR unpacks frame + packed deltas
0.001 s: int32 width=32 (max-width, no inter-word straddle)
0.001 s: gpu_decode_table BITPACKING - FOR unpacks frame + packed deltas
0.001 s: int64 width=64 (max-width, `width >= 64` mask branch)
0.001 s: gpu_decode_table BITPACKING - FOR unpacks frame + packed deltas
0.001 s: int64 width=63 (true 3-word straddle in unpack_value)
0.001 s: gpu_decode_table BITPACKING - FOR unpacks frame + packed deltas

[2820/3108] (90%): gpu_decode_table BITPACKING - DELTA_FOR prefix-sums packed deltas0.001 s: int32 width=4, frame=0, delta_offset=10, 16 rows
0.001 s: gpu_decode_table BITPACKING - DELTA_FOR prefix-sums packed deltas
0.001 s: int64 width=8, frame=1, delta_offset=1000, 1000 rows (BlockScan stress)
0.001 s: gpu_decode_table BITPACKING - DELTA_FOR prefix-sums packed deltas

[2821/3108] (90%): gpu_decode_table BITPACKING - multi-segment column0.001 s: gpu_decode_table BITPACKING - multi-segment column

[2822/3108] (90%): gpu_decode_table BITPACKING - CONSTANT/CONSTANT_DELTA at unaligned dst row offset0.000 s: CONSTANT at unaligned row offset
0.001 s: gpu_decode_table BITPACKING - CONSTANT/CONSTANT_DELTA at unaligned dst row offset
0.000 s: CONSTANT_DELTA at unaligned row offset
0.001 s: gpu_decode_table BITPACKING - CONSTANT/CONSTANT_DELTA at unaligned dst row offset

[2823/3108] (90%): gpu_decode_table BITPACKING - multi-group segment0.001 s: gpu_decode_table BITPACKING - multi-group segment

[2824/3108] (90%): gpu_decode_table BITPACKING - multi-group segment, group 1 is FOR0.001 s: gpu_decode_table BITPACKING - multi-group segment, group 1 is FOR

[2825/3108] (90%): gpu_decode_table BITPACKING - multi-group segment, group 1 is DELTA_FOR with non-trivial delta_offset0.001 s: gpu_decode_table BITPACKING - multi-group segment, group 1 is DELTA_FOR with non-trivial delta_offset

[2826/3108] (90%): gpu_decode_table BITPACKING - row_count exactly BP_META_GROUP_SIZE (no partial tail)0.001 s: gpu_decode_table BITPACKING - row_count exactly BP_META_GROUP_SIZE (no partial tail)

[2827/3108] (90%): gpu_decode_table BITPACKING - 3-group segment with mixed modes0.001 s: gpu_decode_table BITPACKING - 3-group segment with mixed modes

[2828/3108] (90%): gpu_decode_table BITPACKING - DELTA_FOR uint16 small-type prefix-sum0.001 s: gpu_decode_table BITPACKING - DELTA_FOR uint16 small-type prefix-sum

[2829/3108] (91%): gpu_decode_table BITPACKING - INVALID mode zero-fills0.001 s: gpu_decode_table BITPACKING - INVALID mode zero-fills

[2830/3108] (91%): gpu_decode_table BITPACKING - corrupt metadata_end zero-fills0.001 s: gpu_decode_table BITPACKING - corrupt metadata_end zero-fills

[2831/3108] (91%): gpu_decode_table BITPACKING - width > sizeof(T)*8 zero-fills0.001 s: gpu_decode_table BITPACKING - width > sizeof(T)*8 zero-fills

[2832/3108] (91%): gpu_decode_table BITPACKING - packed stream past metadata_end zero-fills0.001 s: gpu_decode_table BITPACKING - packed stream past metadata_end zero-fills

[2833/3108] (91%): gpu_decode_table BITPACKING - unsupported type_size throws0.001 s: gpu_decode_table BITPACKING - unsupported type_size throws

[2834/3108] (91%): gpu_decode_table RLE - single-entry run broadcasts one value0.001 s: int32 100 rows, value 42
0.001 s: gpu_decode_table RLE - single-entry run broadcasts one value
0.001 s: int64 50 rows, large value
0.001 s: gpu_decode_table RLE - single-entry run broadcasts one value
0.001 s: uint8 33 rows (non-warp-aligned)
0.001 s: gpu_decode_table RLE - single-entry run broadcasts one value

[2835/3108] (91%): gpu_decode_table RLE - multi-entry runs are expanded in order0.001 s: int32 four runs of varying length
0.001 s: gpu_decode_table RLE - multi-entry runs are expanded in order
0.001 s: int16 alternating values
0.001 s: gpu_decode_table RLE - multi-entry runs are expanded in order

[2836/3108] (91%): gpu_decode_table RLE - cross-CTA boundary (rows > RLE_ROWS_PER_CHUNK)0.001 s: gpu_decode_table RLE - cross-CTA boundary (rows > RLE_ROWS_PER_CHUNK)

[2837/3108] (91%): gpu_decode_table RLE - warp-broadcast straddles run boundary0.001 s: gpu_decode_table RLE - warp-broadcast straddles run boundary

[2838/3108] (91%): gpu_decode_table RLE - near-cap entry count0.001 s: gpu_decode_table RLE - near-cap entry count

[2839/3108] (91%): gpu_decode_table RLE - multi-segment column0.001 s: gpu_decode_table RLE - multi-segment column

[2840/3108] (91%): gpu_decode_table RLE - segment with on-disk padding0.001 s: gpu_decode_table RLE - segment with on-disk padding

[2841/3108] (91%): gpu_decode_table RLE - trailing slack past counts decodes correctly0.001 s: gpu_decode_table RLE - trailing slack past counts decodes correctly

[2842/3108] (91%): gpu_decode_table RLE - narrow-type alignment padding decodes correctly0.001 s: gpu_decode_table RLE - narrow-type alignment padding decodes correctly

[2843/3108] (91%): gpu_decode_table RLE - many-entry segment scans correctly0.001 s: gpu_decode_table RLE - many-entry segment scans correctly

[2844/3108] (91%): gpu_decode_table RLE - over-cap entry count zero-fills0.006 s: gpu_decode_table RLE - over-cap entry count zero-fills

[2845/3108] (91%): gpu_decode_table RLE - rle_count_offset past segment zero-fills0.001 s: gpu_decode_table RLE - rle_count_offset past segment zero-fills

[2846/3108] (91%): gpu_decode_table RLE - rle_count_offset below header zero-fills0.001 s: gpu_decode_table RLE - rle_count_offset below header zero-fills

[2847/3108] (91%): gpu_decode_table RLE - count walk underflows row_count zero-fills0.001 s: gpu_decode_table RLE - count walk underflows row_count zero-fills

[2848/3108] (91%): gpu_decode_table RLE - count walk overflows row_count zero-fills0.001 s: gpu_decode_table RLE - count walk overflows row_count zero-fills

[2849/3108] (91%): gpu_decode_table RLE - zero count with sum underflow zero-fills0.001 s: gpu_decode_table RLE - zero count with sum underflow zero-fills

[2850/3108] (91%): gpu_decode_table RLE - segment too small for header zero-fills0.001 s: gpu_decode_table RLE - segment too small for header zero-fills

[2851/3108] (91%): gpu_decode_table RLE - unsupported type_size throws0.000 s: gpu_decode_table RLE - unsupported type_size throws

[2852/3108] (91%): gpu_decode_table RLE bench-scale - long_runs verify0.164 s: gpu_decode_table RLE bench-scale - long_runs verify

[2853/3108] (91%): gpu_decode_table RLE bench-scale - medium_runs verify0.164 s: gpu_decode_table RLE bench-scale - medium_runs verify

[2854/3108] (91%): gpu_decode_table RLE bench-scale - short_runs verify (gmem path)0.025 s: gpu_decode_table RLE bench-scale - short_runs verify (gmem path)

[2855/3108] (91%): gpu_decode_table RLE bench-scale - pareto_runs verify0.009 s: gpu_decode_table RLE bench-scale - pareto_runs verify

[2856/3108] (91%): gpu_decode_strings UNCOMPRESSED - all empty strings0.001 s: gpu_decode_strings UNCOMPRESSED - all empty strings

[2857/3108] (91%): gpu_decode_strings UNCOMPRESSED - varied lengths including empty0.001 s: gpu_decode_strings UNCOMPRESSED - varied lengths including empty

[2858/3108] (91%): gpu_decode_strings UNCOMPRESSED - many rows across multiple CTAs0.001 s: gpu_decode_strings UNCOMPRESSED - many rows across multiple CTAs

[2859/3108] (91%): gpu_decode_strings UNCOMPRESSED - tolerates unaligned segment base0.002 s: gpu_decode_strings UNCOMPRESSED - tolerates unaligned segment base

[2860/3108] (92%): gpu_decode_strings UNCOMPRESSED - segment_size below header zero-fills0.001 s: gpu_decode_strings UNCOMPRESSED - segment_size below header zero-fills

[2861/3108] (92%): gpu_decode_strings DICTIONARY - basic round-trip0.001 s: gpu_decode_strings DICTIONARY - basic round-trip

[2862/3108] (92%): gpu_decode_strings DICTIONARY - NULL via index 00.001 s: gpu_decode_strings DICTIONARY - NULL via index 0

[2863/3108] (92%): gpu_decode_strings DICTIONARY - empty dict, all NULL0.001 s: gpu_decode_strings DICTIONARY - empty dict, all NULL

[2864/3108] (92%): gpu_decode_strings DICTIONARY - corrupt index_buffer_offset zero-fills0.001 s: gpu_decode_strings DICTIONARY - corrupt index_buffer_offset zero-fills

[2865/3108] (92%): gpu_decode_strings DICTIONARY - bitpacking_width > 32 zero-fills0.001 s: gpu_decode_strings DICTIONARY - bitpacking_width > 32 zero-fills

[2866/3108] (92%): gpu_decode_strings FSST - corrupt dict_end > segment_size zero-fills0.001 s: gpu_decode_strings FSST - corrupt dict_end > segment_size zero-fills

[2867/3108] (92%): gpu_decode_strings FSST - bitpacking_width > 32 zero-fills0.001 s: gpu_decode_strings FSST - bitpacking_width > 32 zero-fills

[2868/3108] (92%): gpu_decode_strings DICT_FSST - mode > 2 zero-fills0.001 s: gpu_decode_strings DICT_FSST - mode > 2 zero-fills

[2869/3108] (92%): gpu_decode_strings DICT_FSST - bytes_size below header throws nothing, zero-fills0.001 s: gpu_decode_strings DICT_FSST - bytes_size below header throws nothing, zero-fills

[2870/3108] (92%): gpu_decode_strings - unsupported codec throws0.000 s: gpu_decode_strings - unsupported codec throws

[2871/3108] (92%): gpu_decode_strings FSST - basic round-trip0.001 s: gpu_decode_strings FSST - basic round-trip

[2872/3108] (92%): gpu_decode_strings FSST - many distinct strings0.003 s: gpu_decode_strings FSST - many distinct strings

[2873/3108] (92%): gpu_decode_strings DICT_FSST mode 0 (DICTIONARY) - basic round-trip0.001 s: gpu_decode_strings DICT_FSST mode 0 (DICTIONARY) - basic round-trip

[2874/3108] (92%): gpu_decode_strings DICT_FSST mode 1 (DICT_FSST) - basic round-trip0.001 s: gpu_decode_strings DICT_FSST mode 1 (DICT_FSST) - basic round-trip

[2875/3108] (92%): gpu_decode_strings DICT_FSST mode 2 (FSST_ONLY) - basic round-trip0.001 s: gpu_decode_strings DICT_FSST mode 2 (FSST_ONLY) - basic round-trip

[2876/3108] (92%): gpu_decode_strings DICT_FSST mode 1 - bench-scale verify0.004 s: gpu_decode_strings DICT_FSST mode 1 - bench-scale verify

[2877/3108] (92%): apply_host_keep_mask keeps exactly the flagged rows0.000 s: sparse pattern
0.034 s: apply_host_keep_mask keeps exactly the flagged rows
0.000 s: all rows kept
0.000 s: apply_host_keep_mask keeps exactly the flagged rows
0.000 s: all rows dropped keeps the schema
0.000 s: apply_host_keep_mask keeps exactly the flagged rows
0.000 s: empty table
0.000 s: apply_host_keep_mask keeps exactly the flagged rows

[2878/3108] (92%): apply_host_keep_mask rejects a mis-sized mask0.000 s: apply_host_keep_mask rejects a mis-sized mask

[2879/3108] (92%): apply_host_keep_bitmask matches the byte-mask reference0.001 s: irregular patterns across word-count shapes
0.001 s: apply_host_keep_bitmask matches the byte-mask reference
0.000 s: drop range straddling a word boundary
0.000 s: apply_host_keep_bitmask matches the byte-mask reference
0.000 s: all dropped / all kept
0.000 s: apply_host_keep_bitmask matches the byte-mask reference
0.000 s: empty table with an empty mask
0.000 s: apply_host_keep_bitmask matches the byte-mask reference

[2880/3108] (92%): apply_host_keep_bitmask rejects mis-sized masks0.000 s: row count disagrees with the table
0.000 s: apply_host_keep_bitmask rejects mis-sized masks
0.000 s: word count disagrees with the row count
0.000 s: apply_host_keep_bitmask rejects mis-sized masks

[2881/3108] (92%): gpu_decode_table - empty input yields empty table0.000 s: gpu_decode_table - empty input yields empty table

[2882/3108] (92%): gpu_decode_table - UNCOMPRESSED single segment int320.001 s: gpu_decode_table - UNCOMPRESSED single segment int32

[2883/3108] (92%): gpu_decode_table - UNCOMPRESSED float0.001 s: gpu_decode_table - UNCOMPRESSED float

[2884/3108] (92%): gpu_decode_table - UNCOMPRESSED double0.001 s: gpu_decode_table - UNCOMPRESSED double

[2885/3108] (92%): gpu_decode_table - UNCOMPRESSED multi-segment int640.001 s: gpu_decode_table - UNCOMPRESSED multi-segment int64

[2886/3108] (92%): gpu_decode_table - UNCOMPRESSED with nulls0.001 s: gpu_decode_table - UNCOMPRESSED with nulls

[2887/3108] (92%): gpu_decode_table - UNCOMPRESSED multi-segment validity0.001 s: gpu_decode_table - UNCOMPRESSED multi-segment validity

[2888/3108] (92%): gpu_decode_table - CONSTANT int32 single segment0.001 s: gpu_decode_table - CONSTANT int32 single segment

[2889/3108] (92%): gpu_decode_table - CONSTANT double0.001 s: gpu_decode_table - CONSTANT double

[2890/3108] (92%): gpu_decode_table - CONSTANT multi-segment different values0.001 s: gpu_decode_table - CONSTANT multi-segment different values

[2891/3108] (93%): gpu_decode_table - CONSTANT 16-byte decimal128 (scalar fallback path)0.001 s: gpu_decode_table - CONSTANT 16-byte decimal128 (scalar fallback path)

[2892/3108] (93%): gpu_decode_table - mixed codecs across columns0.003 s: gpu_decode_table - mixed codecs across columns

[2893/3108] (93%): gpu_decode_table - throws on unsupported codec0.001 s: gpu_decode_table - throws on unsupported codec

[2894/3108] (93%): gpu_decode_table - throws on non-fixed-width type0.000 s: gpu_decode_table - throws on non-fixed-width type

[2895/3108] (93%): gpu_decode_table - throws on unaligned validity row_offset0.001 s: gpu_decode_table - throws on unaligned validity row_offset

[2896/3108] (93%): gpu_decode_table - has_nulls with zero rows produces empty mask0.000 s: gpu_decode_table - has_nulls with zero rows produces empty mask

[2897/3108] (93%): gpu_decode_table - throws on UNCOMPRESSED segment too small for row_count0.000 s: gpu_decode_table - throws on UNCOMPRESSED segment too small for row_count

[2898/3108] (93%): gpu_decode_table - throws on validity segment too small for row_count0.001 s: gpu_decode_table - throws on validity segment too small for row_count

[2899/3108] (93%): gpu_decode_table - throws on segment row_offset+row_count beyond total_rows0.000 s: gpu_decode_table - throws on segment row_offset+row_count beyond total_rows

[2900/3108] (93%): gpu_decode_table - CONSTANT broadcast tolerates misaligned destination0.001 s: gpu_decode_table - CONSTANT broadcast tolerates misaligned destination

[2901/3108] (93%): gpu_decode_table - throws on row count beyond cudf::size_type max0.000 s: gpu_decode_table - throws on row count beyond cudf::size_type max

[2902/3108] (93%): owning_table_view empty state0.000 s: owning_table_view empty state

[2903/3108] (93%): owning_table_view from owned table exposes the table0.000 s: owning_table_view from owned table exposes the table

[2904/3108] (93%): owning_table_view num_rows / column / column_types accessors0.000 s: owning_table_view num_rows / column / column_types accessors

[2905/3108] (93%): owning_table_view drop + materialize moves buffers (no copy)0.000 s: owning_table_view drop + materialize moves buffers (no copy)

[2906/3108] (93%): owning_table_view reorder swaps columns0.000 s: owning_table_view reorder swaps columns

[2907/3108] (93%): owning_table_view reorder then drop compose on current positions0.000 s: owning_table_view reorder then drop compose on current positions

[2908/3108] (93%): owning_table_view select_columns projects and reorders (no copy)0.000 s: owning_table_view select_columns projects and reorders (no copy)

[2909/3108] (93%): owning_table_view select_columns rejects bad positions0.000 s: owning_table_view select_columns rejects bad positions

[2910/3108] (93%): owning_table_view rejects out-of-range positions0.000 s: owning_table_view rejects out-of-range positions

[2911/3108] (93%): owning_table_view generic owner materializes by copy0.000 s: owning_table_view generic owner materializes by copy

[2912/3108] (93%): owning_table_view release awaits the copy before the owner reclaims memory0.002 s: owning_table_view release awaits the copy before the owner reclaims memory

[2913/3108] (93%): row_group_start_offset follows the StarRocks reader convention0.000 s: data page offset alone
0.000 s: row_group_start_offset follows the StarRocks reader convention
0.000 s: dictionary page precedes the data page
0.000 s: row_group_start_offset follows the StarRocks reader convention
0.000 s: zero offsets count as absent, not as position zero
0.000 s: row_group_start_offset follows the StarRocks reader convention
0.000 s: row group file_offset participates when set
0.000 s: row_group_start_offset follows the StarRocks reader convention
0.000 s: no candidate offset at all is a loud error, never a guess
0.000 s: row_group_start_offset follows the StarRocks reader convention

[2914/3108] (93%): any exact tiling reads every row group exactly once0.000 s: any exact tiling reads every row group exactly once

[2915/3108] (93%): byte-range ownership edge cases0.000 s: whole file owns everything
0.000 s: byte-range ownership edge cases
0.000 s: a straddling row group belongs to the range holding its start
0.000 s: byte-range ownership edge cases
0.000 s: a range inside one row group owns nothing (valid empty split)
0.000 s: byte-range ownership edge cases
0.000 s: zero length owns nothing, including the canonical empty split
0.000 s: byte-range ownership edge cases
0.000 s: a boundary exactly on a row-group start assigns it to the right-hand range
0.000 s: byte-range ownership edge cases

[2916/3108] (93%): real footer: rule agrees with cudf's byte-range filter on the test lineitem0.001 s: real footer: rule agrees with cudf's byte-range filter on the test lineitem

[2917/3108] (93%): a two-way split scan selects disjoint, complete row groups0.013 s: a two-way split scan selects disjoint, complete row groups

[2918/3108] (93%): mismatched range/path pairing is refused at construction0.000 s: mismatched range/path pairing is refused at construction

[2919/3108] (93%): leaf_indices_for_column - flat schema returns single index0.000 s: leaf_indices_for_column - flat schema returns single index

[2920/3108] (93%): leaf_indices_for_column - missing column returns empty0.000 s: leaf_indices_for_column - missing column returns empty

[2921/3108] (93%): leaf_indices_for_column - empty row groups returns empty0.000 s: leaf_indices_for_column - empty row groups returns empty

[2922/3108] (94%): leaf_indices_for_column - case-sensitive match0.000 s: leaf_indices_for_column - case-sensitive match

[2923/3108] (94%): leaf_indices_for_column - nested column returns all leaves0.000 s: leaf_indices_for_column - nested column returns all leaves

[2924/3108] (94%): leaf_indices_for_column - uses first row group for chunk order0.000 s: leaf_indices_for_column - uses first row group for chunk order

[2925/3108] (94%): leaf_indices_for_column - empty string column name0.000 s: leaf_indices_for_column - empty string column name

[2926/3108] (94%): null_count pruning - unfiltered scan keeps every row group0.050 s: null_count pruning - unfiltered scan keeps every row group

[2927/3108] (94%): null_count pruning - IS NULL drops row groups with no nulls0.049 s: null_count pruning - IS NULL drops row groups with no nulls

[2928/3108] (94%): null_count pruning - IS NOT NULL drops wholly-null row groups0.038 s: null_count pruning - IS NOT NULL drops wholly-null row groups

[2929/3108] (94%): residual_filter keeps every conjunct when the decode answered nothing0.000 s: residual_filter keeps every conjunct when the decode answered nothing

[2930/3108] (94%): residual_filter references an answered conjunct's column0.000 s: residual_filter references an answered conjunct's column

[2931/3108] (94%): residual_filter drops a conjunct the decode applied to the rows0.000 s: residual_filter drops a conjunct the decode applied to the rows

[2932/3108] (94%): residual_filter is empty when the decode applied every conjunct0.000 s: residual_filter is empty when the decode applied every conjunct

[2933/3108] (94%): residual_filter leaves unanswerable columns alone0.000 s: residual_filter leaves unanswerable columns alone

[2934/3108] (94%): scan filter ranges: integer comparisons0.000 s: equality is a degenerate range
0.000 s: scan filter ranges: integer comparisons
0.000 s: non-strict bounds keep the endpoint
0.000 s: scan filter ranges: integer comparisons
0.000 s: strict bounds tighten by one — the range is inclusive both ends
0.000 s: scan filter ranges: integer comparisons
0.000 s: contradictory conjuncts are a provably empty range, not an unbounded one
0.000 s: scan filter ranges: integer comparisons

[2935/3108] (94%): scan filter ranges: DATE lowers to its stored day count0.000 s: scan filter ranges: DATE lowers to its stored day count

[2936/3108] (94%): scan filter ranges: DECIMAL restates the constant at the column's scale0.000 s: column carries the constant's fractional digits exactly
0.000 s: scan filter ranges: DECIMAL restates the constant at the column's scale
0.000 s: an integral constant is scale 0 and scales up
0.000 s: scan filter ranges: DECIMAL restates the constant at the column's scale
0.000 s: a constant finer than the column rounds AWAY from the surviving rows
0.000 s: scan filter ranges: DECIMAL restates the constant at the column's scale
0.000 s: and the other direction rounds the other way
0.000 s: scan filter ranges: DECIMAL restates the constant at the column's scale
0.000 s: an equality the column's scale cannot represent selects nothing
0.000 s: scan filter ranges: DECIMAL restates the constant at the column's scale

[2937/3108] (94%): scan filter ranges: coverage reflects what could not be converted0.000 s: a convertible filter set covers the whole filter
0.000 s: scan filter ranges: coverage reflects what could not be converted
0.000 s: an unconvertible comparison keeps the range but clears coverage
0.000 s: scan filter ranges: coverage reflects what could not be converted
0.000 s: a float column yields no range at all
0.000 s: scan filter ranges: coverage reflects what could not be converted

[2938/3108] (94%): resolve_filtered_column: the three outcomes0.000 s: usable: resolved to its batch position
0.000 s: resolve_filtered_column: the three outcomes
0.000 s: skipped: a hive partition is enforced at the file-list level
0.000 s: resolve_filtered_column: the three outcomes
0.000 s: skipped: a filter naming no column of the scan
0.000 s: resolve_filtered_column: the three outcomes
0.000 s: not_in_batch: the scan's column, but never materialized
0.000 s: resolve_filtered_column: the three outcomes
0.000 s: not_in_batch: a map shorter than the filter's column index
0.000 s: resolve_filtered_column: the three outcomes

[2939/3108] (94%): decompose_table_filters fails loudly on an unmaterialized column0.000 s: decompose_table_filters fails loudly on an unmaterialized column

[2940/3108] (94%): parquet scans without a prefetch cache skip advisory ranges0.000 s: parquet scans without a prefetch cache skip advisory ranges

[2941/3108] (94%): parquet batches are capped by decode working set0.000 s: parquet batches are capped by decode working set

[2942/3108] (94%): parquet synthetic filter-only columns only increase the decode working set0.000 s: parquet synthetic filter-only columns only increase the decode working set

[2943/3108] (94%): parquet zero-output scans account for the retained filter column0.000 s: parquet zero-output scans account for the retained filter column

[2944/3108] (94%): parquet partition-only scans keep a nonzero history basis0.000 s: parquet partition-only scans keep a nonzero history basis

[2945/3108] (94%): parquet scan plan avoids empty reader projection for hive count star0.000 s: virtual-only count star with hive partitions is not reader-projected
0.000 s: parquet scan plan avoids empty reader projection for hive count star
0.000 s: count star with a retained real filter column still projects the reader
0.000 s: parquet scan plan avoids empty reader projection for hive count star
0.000 s: partition-only output injects partitions without projecting an empty data read
0.000 s: parquet scan plan avoids empty reader projection for hive count star
0.000 s: select star over data columns remains an unprojected identity read
0.000 s: parquet scan plan avoids empty reader projection for hive count star

[2946/3108] (94%): an ingestible cannot report survivors until it says so0.000 s: an ingestible cannot report survivors until it says so

[2947/3108] (94%): scan construction rejects an incomplete native carrier schema0.000 s: scan construction rejects an incomplete native carrier schema

[2948/3108] (94%): scan execute rejects a materialized column count its output types do not describe0.032 s: scan execute rejects a materialized column count its output types do not describe

[2949/3108] (94%): scan execute rejects a native carrier no restoring cast can reach its output type0.000 s: scan execute rejects a native carrier no restoring cast can reach its output type

[2950/3108] (94%): scan execute restores a narrowed resident carrier to its native output type0.000 s: scan execute restores a narrowed resident carrier to its native output type

[2951/3108] (94%): scan execute transactionally restores a fresh cached conversion0.000 s: scan execute transactionally restores a fresh cached conversion

[2952/3108] (94%): stolen table tolerates mid-flight column destruction under conversion pressure0.099 s: stolen table tolerates mid-flight column destruction under conversion pressure

[2953/3108] (95%): rebinding a stolen column back to an idle foreign stream reproduces pre-fix corruption0.038 s: rebinding a stolen column back to an idle foreign stream reproduces pre-fix corruption

[2954/3108] (95%): reader events order a convert reclaim's mutable acquisition after in-flight reads0.038 s: reader events order a convert reclaim's mutable acquisition after in-flight reads

[2955/3108] (95%): filtered serving records reader events through owning_table_view before owner drop0.038 s: filtered serving records reader events through owning_table_view before owner drop

[2956/3108] (95%): SiriusReadParquetBindData preserves URI and row-count planner metadata0.000 s: SiriusReadParquetBindData preserves URI and row-count planner metadata

[2957/3108] (95%): SiriusReadParquetCardinality returns exact DuckDB node statistics0.030 s: SiriusReadParquetCardinality returns exact DuckDB node statistics

[2958/3108] (95%): SiriusReadParquetCardinality handles absent or wrong bind data defensively0.027 s: SiriusReadParquetCardinality handles absent or wrong bind data defensively

[2959/3108] (95%): S3 SQL rewrite targets only Sirius-owned remote parquet calls0.000 s: R1 rewrites a single s3 read_parquet call
0.000 s: S3 SQL rewrite targets only Sirius-owned remote parquet calls
0.000 s: leaves schema-qualified read_parquet calls untouched
0.000 s: S3 SQL rewrite targets only Sirius-owned remote parquet calls
0.000 s: leaves catalog and schema qualified read_parquet calls untouched
0.000 s: S3 SQL rewrite targets only Sirius-owned remote parquet calls
0.000 s: rewrites only the bare call in mixed qualified and bare queries
0.000 s: S3 SQL rewrite targets only Sirius-owned remote parquet calls
0.000 s: R1b matches the function name case-insensitively
0.000 s: S3 SQL rewrite targets only Sirius-owned remote parquet calls
0.000 s: R1c leaves string literals and comments alone
0.000 s: S3 SQL rewrite targets only Sirius-owned remote parquet calls
0.000 s: R1c leaves double-quoted identifiers alone
0.000 s: S3 SQL rewrite targets only Sirius-owned remote parquet calls
0.000 s: R1d does not rewrite adjacent parquet functions
0.000 s: S3 SQL rewrite targets only Sirius-owned remote parquet calls
0.000 s: R2 leaves local paths untouched
0.000 s: S3 SQL rewrite targets only Sirius-owned remote parquet calls
0.000 s: rewrites s3 paths that contain dots inside the string literal
0.000 s: S3 SQL rewrite targets only Sirius-owned remote parquet calls
0.000 s: rewrites when a stray dot is separated from the function by whitespace
0.000 s: S3 SQL rewrite targets only Sirius-owned remote parquet calls

[2960/3108] (95%): S3 SQL rewrite predicate detects Sirius-owned remote parquet calls0.000 s: detects real s3 read_parquet calls
0.000 s: S3 SQL rewrite predicate detects Sirius-owned remote parquet calls
0.000 s: does not treat qualified read_parquet calls as Sirius-owned
0.000 s: S3 SQL rewrite predicate detects Sirius-owned remote parquet calls
0.000 s: ignores local paths and unrelated queries
0.000 s: S3 SQL rewrite predicate detects Sirius-owned remote parquet calls
0.000 s: ignores comments and quoted strings
0.000 s: S3 SQL rewrite predicate detects Sirius-owned remote parquet calls
0.000 s: requires the bare read_parquet function name
0.000 s: S3 SQL rewrite predicate detects Sirius-owned remote parquet calls

[2961/3108] (95%): stream-hop batch placements are adopted by the claiming task0.053 s: stream-hop batch placements are adopted by the claiming task

[2962/3108] (95%): scan split reads are Operator statistics on the scan's pipeline0.013 s: scan split reads are Operator statistics on the scan's pipeline

[2963/3108] (95%): staging arena leases are DataBatches on an exchange-staging-arena Memory0.050 s: staging arena leases are DataBatches on an exchange-staging-arena Memory

[2964/3108] (95%): telemetry_context nests threads under per-GPU device groups0.014 s: telemetry_context nests threads under per-GPU device groups

[2965/3108] (95%): brute_force_knn returns the exact nearest rows in order0.000 s: brute_force_knn returns the exact nearest rows in order

[2966/3108] (95%): brute_force_knn cosine orders by angle, not magnitude0.002 s: brute_force_knn cosine orders by angle, not magnitude

[2967/3108] (95%): brute_force_knn rejects out-of-range k and mismatched dims0.000 s: k < 1 throws
0.000 s: brute_force_knn rejects out-of-range k and mismatched dims
0.000 s: k > n_rows throws
0.000 s: brute_force_knn rejects out-of-range k and mismatched dims
0.000 s: query/dataset dimensionality mismatch throws
0.000 s: brute_force_knn rejects out-of-range k and mismatched dims

[2968/3108] (95%): list_column_as_dataset_view wraps a FLOAT[dim] column zero-copy0.000 s: extents reflect [n_rows, dim]
0.000 s: list_column_as_dataset_view wraps a FLOAT[dim] column zero-copy
0.000 s: view borrows the values child (no copy)
0.000 s: list_column_as_dataset_view wraps a FLOAT[dim] column zero-copy
0.000 s: values round-trip correctly through the view
0.000 s: list_column_as_dataset_view wraps a FLOAT[dim] column zero-copy

[2969/3108] (95%): list_column_as_dataset_view rejects malformed input0.000 s: non-LIST column throws
0.000 s: list_column_as_dataset_view rejects malformed input
0.000 s: dim mismatch throws
0.000 s: list_column_as_dataset_view rejects malformed input
0.000 s: non-positive dim throws
0.000 s: list_column_as_dataset_view rejects malformed input
0.000 s: null array rows throw (null handling is deferred)
0.000 s: list_column_as_dataset_view rejects malformed input
0.000 s: null vector elements throw (element-level nulls rejected)
0.000 s: list_column_as_dataset_view rejects malformed input
0.000 s: sliced column (non-zero offset) throws
0.000 s: list_column_as_dataset_view rejects malformed input

[2970/3108] (95%): cuvs_index_cache inserts and looks up by management name0.040 s: cuvs_index_cache inserts and looks up by management name

[2971/3108] (95%): cuvs_index_cache find_by_column matches the auto-routing identity0.000 s: exact (catalog, schema, table, column, metric) match hits
0.034 s: cuvs_index_cache find_by_column matches the auto-routing identity
0.000 s: wrong column misses
0.034 s: cuvs_index_cache find_by_column matches the auto-routing identity
0.000 s: wrong table misses
0.034 s: cuvs_index_cache find_by_column matches the auto-routing identity
0.000 s: wrong schema misses (a same-named table in another schema does not route here)
0.035 s: cuvs_index_cache find_by_column matches the auto-routing identity
0.000 s: wrong catalog misses
0.034 s: cuvs_index_cache find_by_column matches the auto-routing identity
0.000 s: right column but wrong metric misses (an l2 index can't serve a cosine query)
0.034 s: cuvs_index_cache find_by_column matches the auto-routing identity

[2972/3108] (95%): cuvs_index_cache find_by_column folds L2 expanded/unexpanded0.000 s: index built L2SqrtExpanded matches an L2SqrtUnexpanded query
0.035 s: cuvs_index_cache find_by_column folds L2 expanded/unexpanded
0.000 s: index built L2SqrtUnexpanded matches an L2SqrtExpanded query
0.035 s: cuvs_index_cache find_by_column folds L2 expanded/unexpanded
0.000 s: the fold stays within the metric family (an L2 query misses a cosine index)
0.035 s: cuvs_index_cache find_by_column folds L2 expanded/unexpanded

[2973/3108] (95%): cuvs_index_cache insert replaces an existing name in place0.034 s: cuvs_index_cache insert replaces an existing name in place

[2974/3108] (95%): cuvs_index_cache erase and clear release entries0.000 s: erase removes exactly the named entry
0.035 s: cuvs_index_cache erase and clear release entries
0.000 s: clear drops everything
0.036 s: cuvs_index_cache erase and clear release entries

[2975/3108] (95%): cuvs_index_cache find_by_column returns a match among several entries0.034 s: cuvs_index_cache find_by_column returns a match among several entries

[2976/3108] (95%): cuvs_index_cache keeps same-named tables in different schemas distinct0.034 s: cuvs_index_cache keeps same-named tables in different schemas distinct

[2977/3108] (95%): cuvs_index_cache keeps colliding-name identities distinct0.000 s: the key itself is distinct for the two identities
0.000 s: cuvs_index_cache keeps colliding-name identities distinct
0.040 s: both survive in the cache instead of one overwriting the other
0.040 s: cuvs_index_cache keeps colliding-name identities distinct

[2978/3108] (95%): cuvs_index_cache reserve_index_memory is non-blocking0.000 s: a request that fits returns a reservation
0.119 s: cuvs_index_cache reserve_index_memory is non-blocking
0.000 s: a request larger than the GPU can hold returns null instead of blocking
0.034 s: cuvs_index_cache reserve_index_memory is non-blocking
0.000 s: a negative device id returns null
0.034 s: cuvs_index_cache reserve_index_memory is non-blocking

[2979/3108] (95%): cuvs_index_cache create binds the build to its reservation and leaks nothing0.060 s: cuvs_index_cache create binds the build to its reservation and leaks nothing

[2980/3108] (95%): cuvs_index_cache build peak when a list outgrows its 32-row capacity-------------------------------------------------------------------------------
cuvs_index_cache build peak when a list outgrows its 32-row capacity
-------------------------------------------------------------------------------
/home/prestouser/aocsa/sirius-stacks-wt/fix-oom-failfast/test/cpp/vss/test_cuvs_index_cache.cpp:407
...............................................................................

/home/prestouser/aocsa/sirius-stacks-wt/fix-oom-failfast/test/cpp/vss/test_cuvs_index_cache.cpp:450: warning:
  footprint=1050560 resident=2560 peak=5888

0.040 s: cuvs_index_cache build peak when a list outgrows its 32-row capacity

[2981/3108] (95%): cuvs_index_cache reservation covers the build peak for a large low-dim list-------------------------------------------------------------------------------
cuvs_index_cache reservation covers the build peak for a large low-dim list
-------------------------------------------------------------------------------
/home/prestouser/aocsa/sirius-stacks-wt/fix-oom-failfast/test/cpp/vss/test_cuvs_index_cache.cpp:464
...............................................................................

/home/prestouser/aocsa/sirius-stacks-wt/fix-oom-failfast/test/cpp/vss/test_cuvs_index_cache.cpp:515: warning:
  footprint=41049240 resident=20001280 peak=39203584

0.052 s: cuvs_index_cache reservation covers the build peak for a large low-dim list

[2982/3108] (95%): cuvs_index_cache erase_by_column drops the matching index before a rebuild0.000 s: removes the identity match regardless of its management name, leaving others
0.035 s: cuvs_index_cache erase_by_column drops the matching index before a rebuild
0.000 s: matches up to metric canonicalization (unexpanded query drops an expanded index)
0.035 s: cuvs_index_cache erase_by_column drops the matching index before a rebuild
0.000 s: scoped to the schema (rebuilding s1's index leaves s2's alone)
0.034 s: cuvs_index_cache erase_by_column drops the matching index before a rebuild
0.000 s: no match removes nothing
0.034 s: cuvs_index_cache erase_by_column drops the matching index before a rebuild
0.000 s: no metric drops every index on the column, leaving other columns
0.034 s: cuvs_index_cache erase_by_column drops the matching index before a rebuild
0.000 s: a metric drops only that index, leaving the other metric on the column
0.035 s: cuvs_index_cache erase_by_column drops the matching index before a rebuild

[2983/3108] (95%): cuvs_index_cache indexes_on_column lists all metrics on a column0.034 s: cuvs_index_cache indexes_on_column lists all metrics on a column

[2984/3108] (96%): cuvs_index_cache refused second build leaves the first index holding memory0.041 s: cuvs_index_cache refused second build leaves the first index holding memory

[2985/3108] (96%): cuvs_index_cache lookup handle outlives an erase0.034 s: cuvs_index_cache lookup handle outlives an erase

[2986/3108] (96%): cuvs_index_cache lookup handle outlives a replace0.035 s: cuvs_index_cache lookup handle outlives a replace

[2987/3108] (96%): enn_distance_type_from_metric maps l2 to the unexpanded form0.000 s: enn_distance_type_from_metric maps l2 to the unexpanded form

[2988/3108] (96%): ann_distance_type_from_metric maps the supported metrics0.000 s: ann_distance_type_from_metric maps the supported metrics

[2989/3108] (96%): compute_enn_top_k returns nearest passthrough rows plus distance0.001 s: top-k in nearest-first order with the trailing distance column
0.008 s: compute_enn_top_k returns nearest passthrough rows plus distance
0.000 s: k larger than the row count clamps to all rows
0.006 s: compute_enn_top_k returns nearest passthrough rows plus distance
0.000 s: k == 0 yields the empty [id, distance] schema
0.006 s: compute_enn_top_k returns nearest passthrough rows plus distance

[2990/3108] (96%): compute_enn_top_k compacts null and sliced vector rows before search0.001 s: a null vector row is dropped and never returned
0.007 s: compute_enn_top_k compacts null and sliced vector rows before search
0.000 s: a sliced (non-zero offset) input is compacted and stays row-aligned
0.007 s: compute_enn_top_k compacts null and sliced vector rows before search

[2991/3108] (96%): merge_enn_top_k keeps the globally nearest rows sorted by distance0.000 s: top-k by ascending distance, sorted nearest-first
0.007 s: merge_enn_top_k keeps the globally nearest rows sorted by distance
0.000 s: k beyond the row count returns every row, still sorted
0.006 s: merge_enn_top_k keeps the globally nearest rows sorted by distance
0.000 s: k == 0 returns an empty table
0.006 s: merge_enn_top_k keeps the globally nearest rows sorted by distance

[2992/3108] (96%): build_ivf_flat_index_from_batches + search finds exact nearest neighbours0.038 s: query in the origin cluster returns row 0
0.044 s: build_ivf_flat_index_from_batches + search finds exact nearest neighbours
0.000 s: query in the far cluster returns row 3
0.008 s: build_ivf_flat_index_from_batches + search finds exact nearest neighbours
0.012 s: k = 3 for an origin query stays within the origin cluster, ordered
0.018 s: build_ivf_flat_index_from_batches + search finds exact nearest neighbours

[2993/3108] (96%): build_ivf_flat_index_from_batches tags global ids across batches0.000 s: a query in batch B returns its global id 3, not a batch-local 0
0.007 s: build_ivf_flat_index_from_batches tags global ids across batches
0.000 s: a query in batch A still returns global id 0
0.006 s: build_ivf_flat_index_from_batches tags global ids across batches

[2994/3108] (96%): build_ivf_flat_index_from_batches skips empty batches without shifting ids0.005 s: build_ivf_flat_index_from_batches skips empty batches without shifting ids

[2995/3108] (96%): build_ivf_flat_index_from_batches rejects n_lists larger than every batch0.000 s: build_ivf_flat_index_from_batches rejects n_lists larger than every batch

[2996/3108] (96%): build_ivf_flat_index_from_batches rejects all-empty input0.000 s: build_ivf_flat_index_from_batches rejects all-empty input

[2997/3108] (96%): build_ivf_flat_index_from_batches trains on a later batch when the first is too small0.006 s: build_ivf_flat_index_from_batches trains on a later batch when the first is too small

[2998/3108] (96%): search_ivf_flat_index returns Euclidean distances for L2SqrtExpanded0.010 s: search_ivf_flat_index returns Euclidean distances for L2SqrtExpanded

[2999/3108] (96%): search_ivf_flat_index handles k == n_rows0.009 s: search_ivf_flat_index handles k == n_rows

[3000/3108] (96%): build/search IVF-Flat ranks by direction for CosineExpanded0.019 s: build/search IVF-Flat ranks by direction for CosineExpanded

[3001/3108] (96%): build_ivf_flat_index_from_batches rejects a dim that mismatches the column width0.000 s: build_ivf_flat_index_from_batches rejects a dim that mismatches the column width

[3002/3108] (96%): build_ivf_flat_index_from_batches rejects empty batch sets0.000 s: no batches at all throws
0.000 s: build_ivf_flat_index_from_batches rejects empty batch sets
0.000 s: all-empty batches throw
0.000 s: build_ivf_flat_index_from_batches rejects empty batch sets

[3003/3108] (96%): search_ivf_flat_index rejects an index that is not IVF-Flat0.000 s: search_ivf_flat_index rejects an index that is not IVF-Flat

[3004/3108] (96%): pinned_column_chunk_views returns borrowed chunks in pin order0.000 s: pinned_column_chunk_views returns borrowed chunks in pin order

[3005/3108] (96%): pinned_column_chunk_views rejects a missing or empty column0.000 s: absent column name throws
0.000 s: pinned_column_chunk_views rejects a missing or empty column
0.000 s: present but chunkless column throws
0.000 s: pinned_column_chunk_views rejects a missing or empty column

[3006/3108] (96%): pinned_column_chunk_views rejects chunks on a different GPU0.007 s: pinned_column_chunk_views rejects chunks on a different GPU

[3007/3108] (96%): make_empty_vss_output mirrors pin column types with a trailing distance0.000 s: selected columns keep their types; FLOAT32 distance appended; zero rows
0.000 s: make_empty_vss_output mirrors pin column types with a trailing distance
0.000 s: output column order is honored, distance always last
0.000 s: make_empty_vss_output mirrors pin column types with a trailing distance
0.000 s: no output columns yields just the distance column
0.000 s: make_empty_vss_output mirrors pin column types with a trailing distance

[3008/3108] (96%): make_empty_vss_output rejects a missing or empty output column0.000 s: absent column name throws
0.000 s: make_empty_vss_output rejects a missing or empty output column
0.000 s: present but chunkless column throws
0.000 s: make_empty_vss_output rejects a missing or empty output column

[3009/3108] (96%): cells_equal: identical strings match regardless of tolerance0.000 s: cells_equal: identical strings match regardless of tolerance

[3010/3108] (96%): cells_equal: tol=0 is exact string compare (no numeric coercion)0.000 s: cells_equal: tol=0 is exact string compare (no numeric coercion)

[3011/3108] (96%): cells_equal: numeric cells match within tolerance, not beyond0.000 s: cells_equal: numeric cells match within tolerance, not beyond

[3012/3108] (96%): cells_equal: absolute floor handles values near zero0.000 s: cells_equal: absolute floor handles values near zero

[3013/3108] (96%): cells_equal: NULLs and partial-numeric strings are never approximate0.000 s: cells_equal: NULLs and partial-numeric strings are never approximate

[3014/3108] (96%): cells_equal: negatives compare approximately0.000 s: cells_equal: negatives compare approximately

[3015/3108] (97%): cells_equal: non-finite values only match exactly0.000 s: cells_equal: non-finite values only match exactly

[3016/3108] (97%): S3 LIST keys retain literal identity when embedded in object URIs0.000 s: key=a%2Fb.p
0.000 s: S3 LIST keys retain literal identity when embedded in object URIs
0.000 s: key=a%20b.p
0.000 s: S3 LIST keys retain literal identity when embedded in object URIs
0.000 s: key=a#b.p
0.000 s: S3 LIST keys retain literal identity when embedded in object URIs
0.000 s: key=a?b.p
0.000 s: S3 LIST keys retain literal identity when embedded in object URIs
0.000 s: key=100%x.p
0.000 s: S3 LIST keys retain literal identity when embedded in object URIs

[3017/3108] (97%): S3 object URI parsing preserves ordinary keys byte for byte0.000 s: key=plain.parquet
0.000 s: S3 object URI parsing preserves ordinary keys byte for byte
0.000 s: key=year=2026/part 0.parquet
0.000 s: S3 object URI parsing preserves ordinary keys byte for byte
0.000 s: key=nested/path/file.parquet
0.000 s: S3 object URI parsing preserves ordinary keys byte for byte

[3018/3108] (97%): S3 literal-key implementation contains no retired URI escape or percent guard0.002 s: S3 literal-key implementation contains no retired URI escape or percent guard

[3019/3108] (97%): sirius_httpfs claims only valid S3 object paths0.000 s: sirius_httpfs claims only valid S3 object paths

[3020/3108] (97%): sirius_httpfs accepts exact keys and gates wildcard expansion on a Sirius opener0.000 s: sirius_httpfs accepts exact keys and gates wildcard expansion on a Sirius opener

[3021/3108] (97%): sirius_httpfs rejects write opens before opener resolution0.000 s: sirius_httpfs rejects write opens before opener resolution

[3022/3108] (97%): rest_ioctx lists S3 objects with sizes and follows encoded continuation tokens0.003 s: rest_ioctx lists S3 objects with sizes and follows encoded continuation tokens

[3023/3108] (97%): rest_ioctx terminates a repeated-token empty LIST loopFilters: rest LIST loop watchdog child runner

[0/1] (0%): rest LIST loop watchdog child runner
[1/1] (100%): rest LIST loop watchdog child runner
===============================================================================
All tests passed (1 assertion in 1 test case)

2.569 s: rest_ioctx terminates a repeated-token empty LIST loop

[3024/3108] (97%): rest_ioctx terminates an alternating-token empty LIST loopFilters: rest LIST loop watchdog child runner

[0/1] (0%): rest LIST loop watchdog child runner
[1/1] (100%): rest LIST loop watchdog child runner
===============================================================================
All tests passed (1 assertion in 1 test case)

2.270 s: rest_ioctx terminates an alternating-token empty LIST loop

[3025/3108] (97%): rest_ioctx accepts an empty final LIST page and rejects an empty continuation token0.001 s: empty final page
0.001 s: rest_ioctx accepts an empty final LIST page and rejects an empty continuation token
0.001 s: truncated page without a continuation token
0.001 s: rest_ioctx accepts an empty final LIST page and rejects an empty continuation token

[3026/3108] (97%): rest perf snapshot attributes blocking host reads separately from chunk reads0.000 s: blocking host counters exist and default to zero
0.000 s: rest perf snapshot attributes blocking host reads separately from chunk reads
0.001 s: blocking host_read network GETs are counted and pool-aggregated
0.001 s: rest perf snapshot attributes blocking host reads separately from chunk reads
0.001 s: stash-served parquet footer reads are not counted as blocking host reads
0.001 s: rest perf snapshot attributes blocking host reads separately from chunk reads
0.001 s: a blocking read outside the footer stash is counted as a blocking network read
0.001 s: rest perf snapshot attributes blocking host reads separately from chunk reads
0.000 s: the one-shot footer probe GET bypasses native counters but remains a chunk GET
0.000 s: rest perf snapshot attributes blocking host reads separately from chunk reads
0.001 s: async chunk reads bump chunk counters without touching blocking host counters
0.001 s: rest perf snapshot attributes blocking host reads separately from chunk reads
0.000 s: blocking host counters are gated off when perf instrumentation is disabled
0.000 s: rest perf snapshot attributes blocking host reads separately from chunk reads

[3027/3108] (97%): rest_ioctx paged LIST supports early stop and explicit safety caps0.000 s: sink false stops after one page
0.001 s: rest_ioctx paged LIST supports early stop and explicit safety caps
0.001 s: wrapper throws instead of truncating past max_keys
0.001 s: rest_ioctx paged LIST supports early stop and explicit safety caps
0.001 s: primitive throws instead of scanning unbounded pages
0.001 s: rest_ioctx paged LIST supports early stop and explicit safety caps
0.002 s: primitive uses configured scanned cap unless an explicit override is passed
0.002 s: rest_ioctx paged LIST supports early stop and explicit safety caps
0.001 s: wrapper uses configured matched cap unless an explicit override is passed
0.001 s: rest_ioctx paged LIST supports early stop and explicit safety caps
0.000 s: empty prefix returns an empty vector
0.000 s: rest_ioctx paged LIST supports early stop and explicit safety caps

[3028/3108] (97%): rest_ioctx generated LIST scale obeys configured caps without accumulating pages0.004 s: scanned cap triggers page-by-page with one page held at a time
0.004 s: rest_ioctx generated LIST scale obeys configured caps without accumulating pages
0.001 s: matched cap stops the accumulating wrapper
0.001 s: rest_ioctx generated LIST scale obeys configured caps without accumulating pages
0.001 s: under the default caps succeeds and preserves generated key order
0.001 s: rest_ioctx generated LIST scale obeys configured caps without accumulating pages
0.001 s: early stop returns after the first generated page even for a large prefix
0.001 s: rest_ioctx generated LIST scale obeys configured caps without accumulating pages

[3029/3108] (97%): rest LIST retries are observable and isolated from object-read byte counters0.002 s: transient LIST failure retries and logs bucket/prefix
0.002 s: rest LIST retries are observable and isolated from object-read byte counters
0.001 s: clean LIST is telemetry-quiet
0.001 s: rest LIST retries are observable and isolated from object-read byte counters

[3030/3108] (97%): rest_ioctx opens LIST-sized objects without a HEAD round trip0.001 s: rest_ioctx opens LIST-sized objects without a HEAD round trip

[3031/3108] (97%): rest footer suffix parses Content-Range totals0.000 s: rest footer suffix parses Content-Range totals

[3032/3108] (97%): rest footer suffix probe discovers size without HEAD0.000 s: rest footer suffix probe discovers size without HEAD

[3033/3108] (97%): parquet footer bind is served by one suffix GET and then the stash0.000 s: parquet footer bind is served by one suffix GET and then the stash

[3034/3108] (97%): footer probe open uses the configured suffix window0.001 s: tiny configured window misses the footer body and re-GETs it
0.001 s: footer probe open uses the configured suffix window
0.000 s: configured window covering the footer serves both cudf footer reads from stash
0.000 s: footer probe open uses the configured suffix window

[3035/3108] (97%): footer outside the suffix window falls back to one body GET0.001 s: footer outside the suffix window falls back to one body GET

[3036/3108] (97%): describe_parquet over S3 uses footer probe and preserves schema0.064 s: describe_parquet over S3 uses footer probe and preserves schema

[3037/3108] (97%): footer suffix probe falls back safely on unusable suffix responses0.001 s: missing Content-Range
0.001 s: footer suffix probe falls back safely on unusable suffix responses
0.001 s: unknown Content-Range total
0.001 s: footer suffix probe falls back safely on unusable suffix responses
0.001 s: server ignores Range with 200 full-body
0.001 s: footer suffix probe falls back safely on unusable suffix responses
0.007 s: server ignores Range with 200 full-body on a large object
0.007 s: footer suffix probe falls back safely on unusable suffix responses
0.001 s: suffix 416 falls back to HEAD
0.001 s: footer suffix probe falls back safely on unusable suffix responses
0.000 s: missing object fails the footer-probe open after HEAD fallback
0.001 s: footer suffix probe falls back safely on unusable suffix responses
0.000 s: forbidden object fails the footer-probe open after HEAD fallback
0.000 s: footer suffix probe falls back safely on unusable suffix responses

[3038/3108] (97%): footer suffix probe retries transient GET failures0.004 s: transient 503s are retried and the final 206 produces a probe
0.004 s: footer suffix probe retries transient GET failures
0.002 s: exhausted transient 503s throw after the retry budget
0.002 s: footer suffix probe retries transient GET failures
0.000 s: hard non-retriable errors fail without retrying
0.000 s: footer suffix probe retries transient GET failures
0.000 s: clean 206 has no retry or terminal-failure telemetry
0.000 s: footer suffix probe retries transient GET failures

[3039/3108] (97%): HEAD object-size retries update REST perf counters0.004 s: transient 503s are retried and the final HEAD returns the size
0.004 s: HEAD object-size retries update REST perf counters
0.001 s: exhausted transient 503s are reported as one terminal failure
0.001 s: HEAD object-size retries update REST perf counters
0.000 s: hard non-retriable HEAD errors fail without retrying
0.000 s: HEAD object-size retries update REST perf counters
0.000 s: clean HEAD has no retry or terminal-failure telemetry
0.000 s: HEAD object-size retries update REST perf counters

[3040/3108] (97%): REST retry logging includes object keys and stays quiet on clean requests0.002 s: a retried request emits a warning with the object key
0.002 s: REST retry logging includes object keys and stays quiet on clean requests
0.001 s: clean first-try suffix GET and HEAD do not emit warnings or errors
0.001 s: REST retry logging includes object keys and stays quiet on clean requests

[3041/3108] (97%): small objects can be resolved by one suffix probe0.000 s: small objects can be resolved by one suffix probe

[3042/3108] (97%): concurrent footer probes each get an object-local suffix stash0.001 s: concurrent footer probes each get an object-local suffix stash

[3043/3108] (97%): rest_ioctx reads the MinIO hello fixture through scan_manager create_datasource0.000 s: rest_ioctx reads the MinIO hello fixture through scan_manager create_datasource

[3044/3108] (97%): rest_ioctx reads exact host ranges and clips EOF on MinIO fixtures0.000 s: rest_ioctx reads exact host ranges and clips EOF on MinIO fixtures

[3045/3108] (97%): rest_ioctx fans out host_read_ranges against the MinIO medium fixture0.000 s: rest_ioctx fans out host_read_ranges against the MinIO medium fixture

[3046/3108] (98%): rest_ioctx stages device reads through FSMR for single and multi chunk MinIO reads0.000 s: rest_ioctx stages device reads through FSMR for single and multi chunk MinIO reads

[3047/3108] (98%): rest_ioctx retries transient fake-server failures and reports terminal failures0.028 s: transient 503s are retried
0.078 s: rest_ioctx retries transient fake-server failures and reports terminal failures
0.017 s: exhausted retries surface as an error
0.066 s: rest_ioctx retries transient fake-server failures and reports terminal failures

[3048/3108] (98%): rest_ioctx honors max_connections under concurrent fake range reads0.261 s: rest_ioctx honors max_connections under concurrent fake range reads

[3049/3108] (98%): rest_ioctx reads through the TLS MinIO endpoint with the harness CA bundle0.000 s: rest_ioctx reads through the TLS MinIO endpoint with the harness CA bundle

[3050/3108] (98%): rest_ioctx teardown resolves an in-flight async read without hanging0.064 s: rest_ioctx teardown resolves an in-flight async read without hanging

[3051/3108] (98%): describe_parquet routes S3 parquet through rest_ioctx and returns nation schema0.000 s: describe_parquet routes S3 parquet through rest_ioctx and returns nation schema

[3052/3108] (98%): describe_parquet reports stable row counts for multiple S3 parquet objects0.000 s: describe_parquet reports stable row counts for multiple S3 parquet objects

[3053/3108] (98%): describe_parquet maps nested local parquet bind shape like DuckDB CPU read_parquet0.205 s: describe_parquet maps nested local parquet bind shape like DuckDB CPU read_parquet

[3054/3108] (98%): describe_parquet maps nested S3 parquet bind shape like DuckDB CPU read_parquet0.000 s: describe_parquet maps nested S3 parquet bind shape like DuckDB CPU read_parquet

[3055/3108] (98%): describe_parquet surfaces missing S3 parquet objects from HEAD0.000 s: describe_parquet surfaces missing S3 parquet objects from HEAD

[3056/3108] (98%): describe_parquet parks parsed parquet metadata in the rest metadata store0.000 s: describe_parquet parks parsed parquet metadata in the rest metadata store

[3057/3108] (98%): describe_parquet reuses the metadata store on repeated S3 binds0.000 s: describe_parquet reuses the metadata store on repeated S3 binds

[3058/3108] (98%): describe_parquet footer fetch stays bounded for small and larger S3 parquet objects0.000 s: describe_parquet footer fetch stays bounded for small and larger S3 parquet objects

[3059/3108] (98%): internal sirius_read_parquet is registered as a one-argument table function0.043 s: internal sirius_read_parquet is registered as a one-argument table function

[3060/3108] (98%): S3 SQL config guard writes nested object_store options only when configured0.001 s: S3 SQL config guard writes nested object_store options only when configured

[3061/3108] (98%): S3 bench STS session token reaches presigned URLs0.000 s: S3 bench STS session token reaches presigned URLs

[3062/3108] (98%): real-AWS live env guard requires regional endpoint and temporary credentials0.000 s: missing session token skips outside strict mode
0.000 s: real-AWS live env guard requires regional endpoint and temporary credentials
0.000 s: missing session token fails in strict mode
0.000 s: real-AWS live env guard requires regional endpoint and temporary credentials
0.000 s: non-regional endpoint skips or fails before any AWS work
0.000 s: real-AWS live env guard requires regional endpoint and temporary credentials
0.000 s: complete temporary regional env is accepted
0.000 s: real-AWS live env guard requires regional endpoint and temporary credentials

[3063/3108] (98%): gpu_execution rewrites S3 read_parquet and scans through Sirius0.001 s: gpu_execution rewrites S3 read_parquet and scans through Sirius

[3064/3108] (98%): transparent read_parquet over S3 scans through Sirius REST0.000 s: transparent read_parquet over S3 scans through Sirius REST

[3065/3108] (98%): transparent read_parquet over S3 keeps REST routing when local Sirius datasource is off0.000 s: transparent read_parquet over S3 keeps REST routing when local Sirius datasource is off

[3066/3108] (98%): transparent S3 read_parquet expands globbed parquet files0.000 s: transparent S3 read_parquet expands globbed parquet files

[3067/3108] (98%): transparent S3 glob opens the literal percent key instead of its slash decoy0.000 s: transparent S3 glob opens the literal percent key instead of its slash decoy

[3068/3108] (98%): transparent S3 glob opens keys containing URI fragment and query delimiters0.000 s: transparent S3 glob opens keys containing URI fragment and query delimiters

[3069/3108] (98%): transparent S3 glob opens a key containing a literal percent byte0.000 s: transparent S3 glob opens a key containing a literal percent byte

[3070/3108] (98%): transparent S3 glob decodes a percent-encoded Hive value exactly once0.000 s: transparent S3 glob decodes a percent-encoded Hive value exactly once

[3071/3108] (98%): S3 direct and glob routes share the literal object cache identity0.000 s: S3 direct and glob routes share the literal object cache identity

[3072/3108] (98%): transparent S3 non-glob reads distinguish literal percent keys from spaces0.000 s: transparent S3 non-glob reads distinguish literal percent keys from spaces

[3073/3108] (98%): transparent S3 glob rejects a literal question mark in a Hive partition segment0.000 s: transparent S3 glob rejects a literal question mark in a Hive partition segment

[3074/3108] (98%): transparent S3 glob rejects a question mark before the Hive partition separator0.000 s: transparent S3 glob rejects a question mark before the Hive partition separator

[3075/3108] (98%): transparent S3 glob permits a question mark in the terminal filename0.000 s: transparent S3 glob permits a question mark in the terminal filename

[3076/3108] (98%): transparent S3 glob supports an encoded question mark in a Hive partition value0.000 s: transparent S3 glob supports an encoded question mark in a Hive partition value

[3077/3108] (99%): S3 glob results are sorted by raw literal key bytes0.000 s: S3 glob results are sorted by raw literal key bytes

[3078/3108] (99%): transparent S3 glob ignores percent-encoded keys outside the match0.000 s: transparent S3 glob ignores percent-encoded keys outside the match

[3079/3108] (99%): transparent S3 glob preserves hive partition columns0.000 s: transparent S3 glob preserves hive partition columns

[3080/3108] (99%): transparent S3 glob scans use parquet footer probes0.000 s: transparent S3 glob scans use parquet footer probes

[3081/3108] (99%): transparent S3 glob remains correct with a straddled footer-probe window0.000 s: transparent S3 glob remains correct with a straddled footer-probe window

[3082/3108] (99%): transparent S3 glob warm scan skips blocking host reads0.000 s: transparent S3 glob warm scan skips blocking host reads

[3083/3108] (99%): transparent S3 glob matcher semantics match DuckDB segment globs0.000 s: transparent S3 glob matcher semantics match DuckDB segment globs

[3084/3108] (99%): transparent S3 glob reports no-files and GPU-only errors clearly0.000 s: transparent S3 glob reports no-files and GPU-only errors clearly

[3085/3108] (99%): gpu_execution S3 SQL surface returns empty result sets cleanly0.000 s: gpu_execution S3 SQL surface returns empty result sets cleanly

[3086/3108] (99%): gpu_execution S3 SQL surface counts every uploaded TPCH parquet table0.000 s: gpu_execution S3 SQL surface counts every uploaded TPCH parquet table

[3087/3108] (99%): gpu_execution S3 SQL surface scans all orders row groups0.000 s: gpu_execution S3 SQL surface scans all orders row groups

[3088/3108] (99%): gpu_execution S3 SQL surface matches local TPC-H Q1 shape0.000 s: gpu_execution S3 SQL surface matches local TPC-H Q1 shape

[3089/3108] (99%): gpu_execution S3 SQL surface matches local TPC-H Q3 shape0.000 s: gpu_execution S3 SQL surface matches local TPC-H Q3 shape

[3090/3108] (99%): S3 read_parquet op shape T1 matches outer join semantics0.000 s: S3 read_parquet op shape T1 matches outer join semantics

[3091/3108] (99%): S3 read_parquet op shape T2 matches grouped distinct aggregates0.000 s: S3 read_parquet op shape T2 matches grouped distinct aggregates

[3092/3108] (99%): S3 read_parquet op shape T3 matches string predicates0.000 s: S3 read_parquet op shape T3 matches string predicates

[3093/3108] (99%): S3 read_parquet op shape T4 mixes local and S3 scans0.000 s: S3 read_parquet op shape T4 mixes local and S3 scans

[3094/3108] (99%): S3 read_parquet op shape T5 preserves null decimal and timestamp values0.000 s: S3 read_parquet op shape T5 preserves null decimal and timestamp values

[3095/3108] (99%): S3 read_parquet op shape T6 matches CTE and scalar subquery results0.001 s: S3 read_parquet op shape T6 matches CTE and scalar subquery results

[3096/3108] (99%): transparent S3 window query reports unsupported S3 CPU fallback0.000 s: transparent S3 window query reports unsupported S3 CPU fallback

[3097/3108] (99%): transparent S3 projection fallback reports prose instead of an exception envelope0.000 s: transparent S3 projection fallback reports prose instead of an exception envelope

[3098/3108] (99%): transparent S3 view fallback is rejected instead of replaying on CPU0.000 s: transparent S3 view fallback is rejected instead of replaying on CPU

[3099/3108] (99%): S3 read_parquet is rejected when transparent GPU execution is disabled0.000 s: S3 read_parquet is rejected when transparent GPU execution is disabled

[3100/3108] (99%): internal sirius_read_parquet bind returns row-count metadata for cardinality0.000 s: internal sirius_read_parquet bind returns row-count metadata for cardinality

[3101/3108] (99%): internal sirius_read_parquet exposes S3 row count to DuckDB EXPLAIN0.000 s: internal sirius_read_parquet exposes S3 row count to DuckDB EXPLAIN

[3102/3108] (99%): internal sirius_read_parquet exposes distinct S3 table cardinalities in joins0.000 s: internal sirius_read_parquet exposes distinct S3 table cardinalities in joins

[3103/3108] (99%): gpu_execution S3 SQL telemetry reaches the REST ioctx0.000 s: gpu_execution S3 SQL telemetry reaches the REST ioctx

[3104/3108] (99%): gpu_execution S3 SQL supports both configured SigV4 signing modes0.000 s: gpu_execution S3 SQL supports both configured SigV4 signing modes

[3105/3108] (99%): gpu_execution S3 SQL works over TLS with the harness CA bundle0.000 s: gpu_execution S3 SQL works over TLS with the harness CA bundle

[3106/3108] (99%): gpu_execution S3 SQL preserves correctness with prefetch cache disabled0.000 s: gpu_execution S3 SQL preserves correctness with prefetch cache disabled

[3107/3108] (99%): gpu_execution S3 SQL survives a constrained GPU memory config with disk tier0.000 s: gpu_execution S3 SQL survives a constrained GPU memory config with disk tier

[3108/3108] (100%): gpu_execution S3 SQL survives a constrained GPU memory config with disk tier
===============================================================================
test cases:     3108 |     3107 passed | 1 failed
assertions: 32809749 | 32809748 passed | 1 failed

SUITE_EXIT=1
Thu Sep  3 17:24:28 UTC 2026
